schema_version,cluster,backend,backend_family,independence_group,decision_role,raw_cell_type,canonical_cell_type,raw_cl_id,canonical_cl_id,identity_resolution,identity_resolved,raw_score,score_semantics,rank,source_artifact,source_version,claim_boundary
celltypepilot.backend-candidates.v1,1::0,celltypist,reference_linear,reference_linear,decision_candidate,capillary endothelial cell,Capillary endothelial cell,,CL:0002144,canonical_or_alias,True,0.6027397260273972,within_backend_cluster_top1_vote_fraction_not_probability,1,oof_predictions_sha256:faa38c9f6c381ebcabe5ddf5543095cd9d4e3ef5cb0479a30f7b91446eca8377,,backend_candidate_not_final_identity; scores_not_cross_backend_probabilities
celltypepilot.backend-candidates.v1,1::0,celltypist,reference_linear,reference_linear,decision_candidate,endothelial cell,Endothelial cell,,CL:0000115,canonical_or_alias,True,0.2482876712328767,within_backend_cluster_top1_vote_fraction_not_probability,2,oof_predictions_sha256:faa38c9f6c381ebcabe5ddf5543095cd9d4e3ef5cb0479a30f7b91446eca8377,,backend_candidate_not_final_identity; scores_not_cross_backend_probabilities
celltypepilot.backend-candidates.v1,1::0,celltypist,reference_linear,reference_linear,decision_candidate,endothelial cell of artery,Endothelial cell,,CL:0000115,explicit_safe_parent_fallback,True,0.07363013698630137,within_backend_cluster_top1_vote_fraction_not_probability,3,oof_predictions_sha256:faa38c9f6c381ebcabe5ddf5543095cd9d4e3ef5cb0479a30f7b91446eca8377,,backend_candidate_not_final_identity; scores_not_cross_backend_probabilities
celltypepilot.backend-candidates.v1,1::0,celltypist,reference_linear,reference_linear,decision_candidate,vein endothelial cell,Endothelial cell,,CL:0000115,explicit_safe_parent_fallback,True,0.04965753424657534,within_backend_cluster_top1_vote_fraction_not_probability,4,oof_predictions_sha256:faa38c9f6c381ebcabe5ddf5543095cd9d4e3ef5cb0479a30f7b91446eca8377,,backend_candidate_not_final_identity; scores_not_cross_backend_probabilities
celltypepilot.backend-candidates.v1,1::0,celltypist,reference_linear,reference_linear,decision_candidate,endothelial cell of lymphatic vessel,Endothelial cell,,CL:0000115,explicit_safe_parent_fallback,True,0.02226027397260274,within_backend_cluster_top1_vote_fraction_not_probability,5,oof_predictions_sha256:faa38c9f6c381ebcabe5ddf5543095cd9d4e3ef5cb0479a30f7b91446eca8377,,backend_candidate_not_final_identity; scores_not_cross_backend_probabilities
celltypepilot.backend-candidates.v1,1::0,celltypist,reference_linear,reference_linear,decision_candidate,alveolar macrophage,Alveolar macrophage,,CL:0000583,canonical_or_alias,True,0.0017123287671232876,within_backend_cluster_top1_vote_fraction_not_probability,6,oof_predictions_sha256:faa38c9f6c381ebcabe5ddf5543095cd9d4e3ef5cb0479a30f7b91446eca8377,,backend_candidate_not_final_identity; scores_not_cross_backend_probabilities
celltypepilot.backend-candidates.v1,1::0,celltypist,reference_linear,reference_linear,decision_candidate,natural killer cell,NK cell,,CL:0000623,canonical_or_alias,True,0.0017123287671232876,within_backend_cluster_top1_vote_fraction_not_probability,7,oof_predictions_sha256:faa38c9f6c381ebcabe5ddf5543095cd9d4e3ef5cb0479a30f7b91446eca8377,,backend_candidate_not_final_identity; scores_not_cross_backend_probabilities
celltypepilot.backend-candidates.v1,1::0,popv,reference_ensemble,reference_ensemble,decision_candidate,capillary endothelial cell,Capillary endothelial cell,,CL:0002144,canonical_or_alias,True,0.5565068493150684,within_backend_cluster_top1_vote_fraction_not_probability,1,oof_predictions_sha256:faa38c9f6c381ebcabe5ddf5543095cd9d4e3ef5cb0479a30f7b91446eca8377,,backend_candidate_not_final_identity; scores_not_cross_backend_probabilities
celltypepilot.backend-candidates.v1,1::0,popv,reference_ensemble,reference_ensemble,decision_candidate,endothelial cell,Endothelial cell,,CL:0000115,canonical_or_alias,True,0.2585616438356164,within_backend_cluster_top1_vote_fraction_not_probability,2,oof_predictions_sha256:faa38c9f6c381ebcabe5ddf5543095cd9d4e3ef5cb0479a30f7b91446eca8377,,backend_candidate_not_final_identity; scores_not_cross_backend_probabilities
celltypepilot.backend-candidates.v1,1::0,popv,reference_ensemble,reference_ensemble,decision_candidate,endothelial cell of artery,Endothelial cell,,CL:0000115,explicit_safe_parent_fallback,True,0.0958904109589041,within_backend_cluster_top1_vote_fraction_not_probability,3,oof_predictions_sha256:faa38c9f6c381ebcabe5ddf5543095cd9d4e3ef5cb0479a30f7b91446eca8377,,backend_candidate_not_final_identity; scores_not_cross_backend_probabilities
celltypepilot.backend-candidates.v1,1::0,popv,reference_ensemble,reference_ensemble,decision_candidate,vein endothelial cell,Endothelial cell,,CL:0000115,explicit_safe_parent_fallback,True,0.06678082191780822,within_backend_cluster_top1_vote_fraction_not_probability,4,oof_predictions_sha256:faa38c9f6c381ebcabe5ddf5543095cd9d4e3ef5cb0479a30f7b91446eca8377,,backend_candidate_not_final_identity; scores_not_cross_backend_probabilities
celltypepilot.backend-candidates.v1,1::0,popv,reference_ensemble,reference_ensemble,decision_candidate,endothelial cell of lymphatic vessel,Endothelial cell,,CL:0000115,explicit_safe_parent_fallback,True,0.02226027397260274,within_backend_cluster_top1_vote_fraction_not_probability,5,oof_predictions_sha256:faa38c9f6c381ebcabe5ddf5543095cd9d4e3ef5cb0479a30f7b91446eca8377,,backend_candidate_not_final_identity; scores_not_cross_backend_probabilities
celltypepilot.backend-candidates.v1,1::0,singler,reference_correlation,reference_correlation,decision_candidate,capillary endothelial cell,Capillary endothelial cell,,CL:0002144,canonical_or_alias,True,0.4452054794520548,within_backend_cluster_top1_vote_fraction_not_probability,1,oof_predictions_sha256:faa38c9f6c381ebcabe5ddf5543095cd9d4e3ef5cb0479a30f7b91446eca8377,,backend_candidate_not_final_identity; scores_not_cross_backend_probabilities
celltypepilot.backend-candidates.v1,1::0,singler,reference_correlation,reference_correlation,decision_candidate,endothelial cell,Endothelial cell,,CL:0000115,canonical_or_alias,True,0.23116438356164384,within_backend_cluster_top1_vote_fraction_not_probability,2,oof_predictions_sha256:faa38c9f6c381ebcabe5ddf5543095cd9d4e3ef5cb0479a30f7b91446eca8377,,backend_candidate_not_final_identity; scores_not_cross_backend_probabilities
celltypepilot.backend-candidates.v1,1::0,singler,reference_correlation,reference_correlation,decision_candidate,endothelial cell of artery,Endothelial cell,,CL:0000115,explicit_safe_parent_fallback,True,0.2106164383561644,within_backend_cluster_top1_vote_fraction_not_probability,3,oof_predictions_sha256:faa38c9f6c381ebcabe5ddf5543095cd9d4e3ef5cb0479a30f7b91446eca8377,,backend_candidate_not_final_identity; scores_not_cross_backend_probabilities
celltypepilot.backend-candidates.v1,1::0,singler,reference_correlation,reference_correlation,decision_candidate,vein endothelial cell,Endothelial cell,,CL:0000115,explicit_safe_parent_fallback,True,0.07876712328767123,within_backend_cluster_top1_vote_fraction_not_probability,4,oof_predictions_sha256:faa38c9f6c381ebcabe5ddf5543095cd9d4e3ef5cb0479a30f7b91446eca8377,,backend_candidate_not_final_identity; scores_not_cross_backend_probabilities
celltypepilot.backend-candidates.v1,1::0,singler,reference_correlation,reference_correlation,decision_candidate,endothelial cell of lymphatic vessel,Endothelial cell,,CL:0000115,explicit_safe_parent_fallback,True,0.02054794520547945,within_backend_cluster_top1_vote_fraction_not_probability,5,oof_predictions_sha256:faa38c9f6c381ebcabe5ddf5543095cd9d4e3ef5cb0479a30f7b91446eca8377,,backend_candidate_not_final_identity; scores_not_cross_backend_probabilities
celltypepilot.backend-candidates.v1,1::0,singler,reference_correlation,reference_correlation,decision_candidate,Unknown,Unknown,,,unresolved,False,0.0136986301369863,within_backend_cluster_top1_vote_fraction_not_probability,6,oof_predictions_sha256:faa38c9f6c381ebcabe5ddf5543095cd9d4e3ef5cb0479a30f7b91446eca8377,,backend_candidate_not_final_identity; scores_not_cross_backend_probabilities
celltypepilot.backend-candidates.v1,1::1,celltypist,reference_linear,reference_linear,decision_candidate,natural killer cell,NK cell,,CL:0000623,canonical_or_alias,True,0.35703479576399394,within_backend_cluster_top1_vote_fraction_not_probability,1,oof_predictions_sha256:faa38c9f6c381ebcabe5ddf5543095cd9d4e3ef5cb0479a30f7b91446eca8377,,backend_candidate_not_final_identity; scores_not_cross_backend_probabilities
celltypepilot.backend-candidates.v1,1::1,celltypist,reference_linear,reference_linear,decision_candidate,B cell,B cell,,CL:0000236,canonical_or_alias,True,0.16944024205748864,within_backend_cluster_top1_vote_fraction_not_probability,2,oof_predictions_sha256:faa38c9f6c381ebcabe5ddf5543095cd9d4e3ef5cb0479a30f7b91446eca8377,,backend_candidate_not_final_identity; scores_not_cross_backend_probabilities
celltypepilot.backend-candidates.v1,1::1,celltypist,reference_linear,reference_linear,decision_candidate,neutrophil,neutrophil,,,unresolved,False,0.14674735249621784,within_backend_cluster_top1_vote_fraction_not_probability,3,oof_predictions_sha256:faa38c9f6c381ebcabe5ddf5543095cd9d4e3ef5cb0479a30f7b91446eca8377,,backend_candidate_not_final_identity; scores_not_cross_backend_probabilities
celltypepilot.backend-candidates.v1,1::1,celltypist,reference_linear,reference_linear,decision_candidate,alveolar macrophage,Alveolar macrophage,,CL:0000583,canonical_or_alias,True,0.1043872919818457,within_backend_cluster_top1_vote_fraction_not_probability,4,oof_predictions_sha256:faa38c9f6c381ebcabe5ddf5543095cd9d4e3ef5cb0479a30f7b91446eca8377,,backend_candidate_not_final_identity; scores_not_cross_backend_probabilities
celltypepilot.backend-candidates.v1,1::1,celltypist,reference_linear,reference_linear,decision_candidate,pulmonary alveolar type 1 cell,Alveolar type 1 cell,,CL:0002062,canonical_or_alias,True,0.04084720121028744,within_backend_cluster_top1_vote_fraction_not_probability,5,oof_predictions_sha256:faa38c9f6c381ebcabe5ddf5543095cd9d4e3ef5cb0479a30f7b91446eca8377,,backend_candidate_not_final_identity; scores_not_cross_backend_probabilities
celltypepilot.backend-candidates.v1,1::1,celltypist,reference_linear,reference_linear,decision_candidate,CD1c-positive myeloid dendritic cell,cDC2,,CL:0002399,canonical_or_alias,True,0.02723146747352496,within_backend_cluster_top1_vote_fraction_not_probability,6,oof_predictions_sha256:faa38c9f6c381ebcabe5ddf5543095cd9d4e3ef5cb0479a30f7b91446eca8377,,backend_candidate_not_final_identity; scores_not_cross_backend_probabilities
celltypepilot.backend-candidates.v1,1::1,celltypist,reference_linear,reference_linear,decision_candidate,club cell,Club cell,,CL:0000158,canonical_or_alias,True,0.02723146747352496,within_backend_cluster_top1_vote_fraction_not_probability,7,oof_predictions_sha256:faa38c9f6c381ebcabe5ddf5543095cd9d4e3ef5cb0479a30f7b91446eca8377,,backend_candidate_not_final_identity; scores_not_cross_backend_probabilities
celltypepilot.backend-candidates.v1,1::1,celltypist,reference_linear,reference_linear,decision_candidate,pulmonary alveolar type 2 cell,Alveolar type 2 cell,,CL:0002063,canonical_or_alias,True,0.025718608169440244,within_backend_cluster_top1_vote_fraction_not_probability,8,oof_predictions_sha256:faa38c9f6c381ebcabe5ddf5543095cd9d4e3ef5cb0479a30f7b91446eca8377,,backend_candidate_not_final_identity; scores_not_cross_backend_probabilities
celltypepilot.backend-candidates.v1,1::1,celltypist,reference_linear,reference_linear,decision_candidate,lung multiciliated epithelial cell,Ciliated cell,,CL:0002145,canonical_or_alias,True,0.019667170953101363,within_backend_cluster_top1_vote_fraction_not_probability,9,oof_predictions_sha256:faa38c9f6c381ebcabe5ddf5543095cd9d4e3ef5cb0479a30f7b91446eca8377,,backend_candidate_not_final_identity; scores_not_cross_backend_probabilities
celltypepilot.backend-candidates.v1,1::1,celltypist,reference_linear,reference_linear,decision_candidate,capillary endothelial cell,Capillary endothelial cell,,CL:0002144,canonical_or_alias,True,0.015128593040847202,within_backend_cluster_top1_vote_fraction_not_probability,10,oof_predictions_sha256:faa38c9f6c381ebcabe5ddf5543095cd9d4e3ef5cb0479a30f7b91446eca8377,,backend_candidate_not_final_identity; scores_not_cross_backend_probabilities
celltypepilot.backend-candidates.v1,1::1,celltypist,reference_linear,reference_linear,decision_candidate,pericyte,Pericyte,,CL:0000669,canonical_or_alias,True,0.01361573373676248,within_backend_cluster_top1_vote_fraction_not_probability,11,oof_predictions_sha256:faa38c9f6c381ebcabe5ddf5543095cd9d4e3ef5cb0479a30f7b91446eca8377,,backend_candidate_not_final_identity; scores_not_cross_backend_probabilities
celltypepilot.backend-candidates.v1,1::1,celltypist,reference_linear,reference_linear,decision_candidate,bronchial smooth muscle cell,Bronchial smooth muscle cell,,CL:0002598,canonical_or_alias,True,0.012102874432677761,within_backend_cluster_top1_vote_fraction_not_probability,12,oof_predictions_sha256:faa38c9f6c381ebcabe5ddf5543095cd9d4e3ef5cb0479a30f7b91446eca8377,,backend_candidate_not_final_identity; scores_not_cross_backend_probabilities
celltypepilot.backend-candidates.v1,1::1,celltypist,reference_linear,reference_linear,decision_candidate,fibroblast,Fibroblast,,CL:0000057,canonical_or_alias,True,0.012102874432677761,within_backend_cluster_top1_vote_fraction_not_probability,13,oof_predictions_sha256:faa38c9f6c381ebcabe5ddf5543095cd9d4e3ef5cb0479a30f7b91446eca8377,,backend_candidate_not_final_identity; scores_not_cross_backend_probabilities
celltypepilot.backend-candidates.v1,1::1,celltypist,reference_linear,reference_linear,decision_candidate,endothelial cell,Endothelial cell,,CL:0000115,canonical_or_alias,True,0.007564296520423601,within_backend_cluster_top1_vote_fraction_not_probability,14,oof_predictions_sha256:faa38c9f6c381ebcabe5ddf5543095cd9d4e3ef5cb0479a30f7b91446eca8377,,backend_candidate_not_final_identity; scores_not_cross_backend_probabilities
celltypepilot.backend-candidates.v1,1::1,celltypist,reference_linear,reference_linear,decision_candidate,myeloid leukocyte,myeloid leukocyte,,,unresolved,False,0.0045385779122541605,within_backend_cluster_top1_vote_fraction_not_probability,15,oof_predictions_sha256:faa38c9f6c381ebcabe5ddf5543095cd9d4e3ef5cb0479a30f7b91446eca8377,,backend_candidate_not_final_identity; scores_not_cross_backend_probabilities
celltypepilot.backend-candidates.v1,1::1,celltypist,reference_linear,reference_linear,decision_candidate,"plasmacytoid dendritic cell, human",pDC,,CL:0000784,canonical_or_alias,True,0.0045385779122541605,within_backend_cluster_top1_vote_fraction_not_probability,16,oof_predictions_sha256:faa38c9f6c381ebcabe5ddf5543095cd9d4e3ef5cb0479a30f7b91446eca8377,,backend_candidate_not_final_identity; scores_not_cross_backend_probabilities
celltypepilot.backend-candidates.v1,1::1,celltypist,reference_linear,reference_linear,decision_candidate,mature NK T cell,T cell,,CL:0000084,explicit_safe_parent_fallback,True,0.0030257186081694403,within_backend_cluster_top1_vote_fraction_not_probability,17,oof_predictions_sha256:faa38c9f6c381ebcabe5ddf5543095cd9d4e3ef5cb0479a30f7b91446eca8377,,backend_candidate_not_final_identity; scores_not_cross_backend_probabilities
celltypepilot.backend-candidates.v1,1::1,celltypist,reference_linear,reference_linear,decision_candidate,respiratory basal cell,Basal cell,,CL:0002633,canonical_or_alias,True,0.0030257186081694403,within_backend_cluster_top1_vote_fraction_not_probability,18,oof_predictions_sha256:faa38c9f6c381ebcabe5ddf5543095cd9d4e3ef5cb0479a30f7b91446eca8377,,backend_candidate_not_final_identity; scores_not_cross_backend_probabilities
celltypepilot.backend-candidates.v1,1::1,celltypist,reference_linear,reference_linear,decision_candidate,dendritic cell,Dendritic cell,,CL:0000451,canonical_or_alias,True,0.0015128593040847202,within_backend_cluster_top1_vote_fraction_not_probability,19,oof_predictions_sha256:faa38c9f6c381ebcabe5ddf5543095cd9d4e3ef5cb0479a30f7b91446eca8377,,backend_candidate_not_final_identity; scores_not_cross_backend_probabilities
celltypepilot.backend-candidates.v1,1::1,celltypist,reference_linear,reference_linear,decision_candidate,endothelial cell of artery,Endothelial cell,,CL:0000115,explicit_safe_parent_fallback,True,0.0015128593040847202,within_backend_cluster_top1_vote_fraction_not_probability,20,oof_predictions_sha256:faa38c9f6c381ebcabe5ddf5543095cd9d4e3ef5cb0479a30f7b91446eca8377,,backend_candidate_not_final_identity; scores_not_cross_backend_probabilities
celltypepilot.backend-candidates.v1,1::1,celltypist,reference_linear,reference_linear,decision_candidate,endothelial cell of lymphatic vessel,Endothelial cell,,CL:0000115,explicit_safe_parent_fallback,True,0.0015128593040847202,within_backend_cluster_top1_vote_fraction_not_probability,21,oof_predictions_sha256:faa38c9f6c381ebcabe5ddf5543095cd9d4e3ef5cb0479a30f7b91446eca8377,,backend_candidate_not_final_identity; scores_not_cross_backend_probabilities
celltypepilot.backend-candidates.v1,1::1,celltypist,reference_linear,reference_linear,decision_candidate,pulmonary neuroendocrine cell,pulmonary neuroendocrine cell,,,unresolved,False,0.0015128593040847202,within_backend_cluster_top1_vote_fraction_not_probability,22,oof_predictions_sha256:faa38c9f6c381ebcabe5ddf5543095cd9d4e3ef5cb0479a30f7b91446eca8377,,backend_candidate_not_final_identity; scores_not_cross_backend_probabilities
celltypepilot.backend-candidates.v1,1::1,popv,reference_ensemble,reference_ensemble,decision_candidate,B cell,B cell,,CL:0000236,canonical_or_alias,True,0.17397881996974282,within_backend_cluster_top1_vote_fraction_not_probability,1,oof_predictions_sha256:faa38c9f6c381ebcabe5ddf5543095cd9d4e3ef5cb0479a30f7b91446eca8377,,backend_candidate_not_final_identity; scores_not_cross_backend_probabilities
celltypepilot.backend-candidates.v1,1::1,popv,reference_ensemble,reference_ensemble,decision_candidate,mature NK T cell,T cell,,CL:0000084,explicit_safe_parent_fallback,True,0.1649016641452345,within_backend_cluster_top1_vote_fraction_not_probability,2,oof_predictions_sha256:faa38c9f6c381ebcabe5ddf5543095cd9d4e3ef5cb0479a30f7b91446eca8377,,backend_candidate_not_final_identity; scores_not_cross_backend_probabilities
celltypepilot.backend-candidates.v1,1::1,popv,reference_ensemble,reference_ensemble,decision_candidate,alveolar macrophage,Alveolar macrophage,,CL:0000583,canonical_or_alias,True,0.1588502269288956,within_backend_cluster_top1_vote_fraction_not_probability,3,oof_predictions_sha256:faa38c9f6c381ebcabe5ddf5543095cd9d4e3ef5cb0479a30f7b91446eca8377,,backend_candidate_not_final_identity; scores_not_cross_backend_probabilities
celltypepilot.backend-candidates.v1,1::1,popv,reference_ensemble,reference_ensemble,decision_candidate,neutrophil,neutrophil,,,unresolved,False,0.1437216338880484,within_backend_cluster_top1_vote_fraction_not_probability,4,oof_predictions_sha256:faa38c9f6c381ebcabe5ddf5543095cd9d4e3ef5cb0479a30f7b91446eca8377,,backend_candidate_not_final_identity; scores_not_cross_backend_probabilities
celltypepilot.backend-candidates.v1,1::1,popv,reference_ensemble,reference_ensemble,decision_candidate,natural killer cell,NK cell,,CL:0000623,canonical_or_alias,True,0.11043872919818457,within_backend_cluster_top1_vote_fraction_not_probability,5,oof_predictions_sha256:faa38c9f6c381ebcabe5ddf5543095cd9d4e3ef5cb0479a30f7b91446eca8377,,backend_candidate_not_final_identity; scores_not_cross_backend_probabilities
celltypepilot.backend-candidates.v1,1::1,popv,reference_ensemble,reference_ensemble,decision_candidate,"naive thymus-derived CD4-positive, alpha-beta T cell","naive thymus-derived CD4-positive, alpha-beta T cell",,,unresolved,False,0.08018154311649017,within_backend_cluster_top1_vote_fraction_not_probability,6,oof_predictions_sha256:faa38c9f6c381ebcabe5ddf5543095cd9d4e3ef5cb0479a30f7b91446eca8377,,backend_candidate_not_final_identity; scores_not_cross_backend_probabilities
celltypepilot.backend-candidates.v1,1::1,popv,reference_ensemble,reference_ensemble,decision_candidate,pulmonary alveolar type 1 cell,Alveolar type 1 cell,,CL:0002062,canonical_or_alias,True,0.02723146747352496,within_backend_cluster_top1_vote_fraction_not_probability,7,oof_predictions_sha256:faa38c9f6c381ebcabe5ddf5543095cd9d4e3ef5cb0479a30f7b91446eca8377,,backend_candidate_not_final_identity; scores_not_cross_backend_probabilities
celltypepilot.backend-candidates.v1,1::1,popv,reference_ensemble,reference_ensemble,decision_candidate,club cell,Club cell,,CL:0000158,canonical_or_alias,True,0.025718608169440244,within_backend_cluster_top1_vote_fraction_not_probability,8,oof_predictions_sha256:faa38c9f6c381ebcabe5ddf5543095cd9d4e3ef5cb0479a30f7b91446eca8377,,backend_candidate_not_final_identity; scores_not_cross_backend_probabilities
celltypepilot.backend-candidates.v1,1::1,popv,reference_ensemble,reference_ensemble,decision_candidate,pulmonary alveolar type 2 cell,Alveolar type 2 cell,,CL:0002063,canonical_or_alias,True,0.019667170953101363,within_backend_cluster_top1_vote_fraction_not_probability,9,oof_predictions_sha256:faa38c9f6c381ebcabe5ddf5543095cd9d4e3ef5cb0479a30f7b91446eca8377,,backend_candidate_not_final_identity; scores_not_cross_backend_probabilities
celltypepilot.backend-candidates.v1,1::1,popv,reference_ensemble,reference_ensemble,decision_candidate,lung multiciliated epithelial cell,Ciliated cell,,CL:0002145,canonical_or_alias,True,0.01664145234493192,within_backend_cluster_top1_vote_fraction_not_probability,10,oof_predictions_sha256:faa38c9f6c381ebcabe5ddf5543095cd9d4e3ef5cb0479a30f7b91446eca8377,,backend_candidate_not_final_identity; scores_not_cross_backend_probabilities
celltypepilot.backend-candidates.v1,1::1,popv,reference_ensemble,reference_ensemble,decision_candidate,bronchial smooth muscle cell,Bronchial smooth muscle cell,,CL:0002598,canonical_or_alias,True,0.01361573373676248,within_backend_cluster_top1_vote_fraction_not_probability,11,oof_predictions_sha256:faa38c9f6c381ebcabe5ddf5543095cd9d4e3ef5cb0479a30f7b91446eca8377,,backend_candidate_not_final_identity; scores_not_cross_backend_probabilities
celltypepilot.backend-candidates.v1,1::1,popv,reference_ensemble,reference_ensemble,decision_candidate,fibroblast,Fibroblast,,CL:0000057,canonical_or_alias,True,0.01361573373676248,within_backend_cluster_top1_vote_fraction_not_probability,12,oof_predictions_sha256:faa38c9f6c381ebcabe5ddf5543095cd9d4e3ef5cb0479a30f7b91446eca8377,,backend_candidate_not_final_identity; scores_not_cross_backend_probabilities
celltypepilot.backend-candidates.v1,1::1,popv,reference_ensemble,reference_ensemble,decision_candidate,capillary endothelial cell,Capillary endothelial cell,,CL:0002144,canonical_or_alias,True,0.012102874432677761,within_backend_cluster_top1_vote_fraction_not_probability,13,oof_predictions_sha256:faa38c9f6c381ebcabe5ddf5543095cd9d4e3ef5cb0479a30f7b91446eca8377,,backend_candidate_not_final_identity; scores_not_cross_backend_probabilities
celltypepilot.backend-candidates.v1,1::1,popv,reference_ensemble,reference_ensemble,decision_candidate,epithelial cell,Epithelial cell,,CL:0000066,canonical_or_alias,True,0.009077155824508321,within_backend_cluster_top1_vote_fraction_not_probability,14,oof_predictions_sha256:faa38c9f6c381ebcabe5ddf5543095cd9d4e3ef5cb0479a30f7b91446eca8377,,backend_candidate_not_final_identity; scores_not_cross_backend_probabilities
celltypepilot.backend-candidates.v1,1::1,popv,reference_ensemble,reference_ensemble,decision_candidate,endothelial cell,Endothelial cell,,CL:0000115,canonical_or_alias,True,0.006051437216338881,within_backend_cluster_top1_vote_fraction_not_probability,15,oof_predictions_sha256:faa38c9f6c381ebcabe5ddf5543095cd9d4e3ef5cb0479a30f7b91446eca8377,,backend_candidate_not_final_identity; scores_not_cross_backend_probabilities
celltypepilot.backend-candidates.v1,1::1,popv,reference_ensemble,reference_ensemble,decision_candidate,myeloid leukocyte,myeloid leukocyte,,,unresolved,False,0.0045385779122541605,within_backend_cluster_top1_vote_fraction_not_probability,16,oof_predictions_sha256:faa38c9f6c381ebcabe5ddf5543095cd9d4e3ef5cb0479a30f7b91446eca8377,,backend_candidate_not_final_identity; scores_not_cross_backend_probabilities
celltypepilot.backend-candidates.v1,1::1,popv,reference_ensemble,reference_ensemble,decision_candidate,"plasmacytoid dendritic cell, human",pDC,,CL:0000784,canonical_or_alias,True,0.0045385779122541605,within_backend_cluster_top1_vote_fraction_not_probability,17,oof_predictions_sha256:faa38c9f6c381ebcabe5ddf5543095cd9d4e3ef5cb0479a30f7b91446eca8377,,backend_candidate_not_final_identity; scores_not_cross_backend_probabilities
celltypepilot.backend-candidates.v1,1::1,popv,reference_ensemble,reference_ensemble,decision_candidate,respiratory basal cell,Basal cell,,CL:0002633,canonical_or_alias,True,0.0045385779122541605,within_backend_cluster_top1_vote_fraction_not_probability,18,oof_predictions_sha256:faa38c9f6c381ebcabe5ddf5543095cd9d4e3ef5cb0479a30f7b91446eca8377,,backend_candidate_not_final_identity; scores_not_cross_backend_probabilities
celltypepilot.backend-candidates.v1,1::1,popv,reference_ensemble,reference_ensemble,decision_candidate,pericyte,Pericyte,,CL:0000669,canonical_or_alias,True,0.0030257186081694403,within_backend_cluster_top1_vote_fraction_not_probability,19,oof_predictions_sha256:faa38c9f6c381ebcabe5ddf5543095cd9d4e3ef5cb0479a30f7b91446eca8377,,backend_candidate_not_final_identity; scores_not_cross_backend_probabilities
celltypepilot.backend-candidates.v1,1::1,popv,reference_ensemble,reference_ensemble,decision_candidate,pulmonary neuroendocrine cell,pulmonary neuroendocrine cell,,,unresolved,False,0.0030257186081694403,within_backend_cluster_top1_vote_fraction_not_probability,20,oof_predictions_sha256:faa38c9f6c381ebcabe5ddf5543095cd9d4e3ef5cb0479a30f7b91446eca8377,,backend_candidate_not_final_identity; scores_not_cross_backend_probabilities
celltypepilot.backend-candidates.v1,1::1,popv,reference_ensemble,reference_ensemble,decision_candidate,CD1c-positive myeloid dendritic cell,cDC2,,CL:0002399,canonical_or_alias,True,0.0015128593040847202,within_backend_cluster_top1_vote_fraction_not_probability,21,oof_predictions_sha256:faa38c9f6c381ebcabe5ddf5543095cd9d4e3ef5cb0479a30f7b91446eca8377,,backend_candidate_not_final_identity; scores_not_cross_backend_probabilities
celltypepilot.backend-candidates.v1,1::1,popv,reference_ensemble,reference_ensemble,decision_candidate,dendritic cell,Dendritic cell,,CL:0000451,canonical_or_alias,True,0.0015128593040847202,within_backend_cluster_top1_vote_fraction_not_probability,22,oof_predictions_sha256:faa38c9f6c381ebcabe5ddf5543095cd9d4e3ef5cb0479a30f7b91446eca8377,,backend_candidate_not_final_identity; scores_not_cross_backend_probabilities
celltypepilot.backend-candidates.v1,1::1,popv,reference_ensemble,reference_ensemble,decision_candidate,endothelial cell of lymphatic vessel,Endothelial cell,,CL:0000115,explicit_safe_parent_fallback,True,0.0015128593040847202,within_backend_cluster_top1_vote_fraction_not_probability,23,oof_predictions_sha256:faa38c9f6c381ebcabe5ddf5543095cd9d4e3ef5cb0479a30f7b91446eca8377,,backend_candidate_not_final_identity; scores_not_cross_backend_probabilities
celltypepilot.backend-candidates.v1,1::1,singler,reference_correlation,reference_correlation,decision_candidate,"naive thymus-derived CD4-positive, alpha-beta T cell","naive thymus-derived CD4-positive, alpha-beta T cell",,,unresolved,False,0.22995461422087746,within_backend_cluster_top1_vote_fraction_not_probability,1,oof_predictions_sha256:faa38c9f6c381ebcabe5ddf5543095cd9d4e3ef5cb0479a30f7b91446eca8377,,backend_candidate_not_final_identity; scores_not_cross_backend_probabilities
celltypepilot.backend-candidates.v1,1::1,singler,reference_correlation,reference_correlation,decision_candidate,B cell,B cell,,CL:0000236,canonical_or_alias,True,0.16944024205748864,within_backend_cluster_top1_vote_fraction_not_probability,2,oof_predictions_sha256:faa38c9f6c381ebcabe5ddf5543095cd9d4e3ef5cb0479a30f7b91446eca8377,,backend_candidate_not_final_identity; scores_not_cross_backend_probabilities
celltypepilot.backend-candidates.v1,1::1,singler,reference_correlation,reference_correlation,decision_candidate,neutrophil,neutrophil,,,unresolved,False,0.13767019667170954,within_backend_cluster_top1_vote_fraction_not_probability,3,oof_predictions_sha256:faa38c9f6c381ebcabe5ddf5543095cd9d4e3ef5cb0479a30f7b91446eca8377,,backend_candidate_not_final_identity; scores_not_cross_backend_probabilities
celltypepilot.backend-candidates.v1,1::1,singler,reference_correlation,reference_correlation,decision_candidate,alveolar macrophage,Alveolar macrophage,,CL:0000583,canonical_or_alias,True,0.10287443267776097,within_backend_cluster_top1_vote_fraction_not_probability,4,oof_predictions_sha256:faa38c9f6c381ebcabe5ddf5543095cd9d4e3ef5cb0479a30f7b91446eca8377,,backend_candidate_not_final_identity; scores_not_cross_backend_probabilities
celltypepilot.backend-candidates.v1,1::1,singler,reference_correlation,reference_correlation,decision_candidate,Unknown,Unknown,,,unresolved,False,0.09682299546142209,within_backend_cluster_top1_vote_fraction_not_probability,5,oof_predictions_sha256:faa38c9f6c381ebcabe5ddf5543095cd9d4e3ef5cb0479a30f7b91446eca8377,,backend_candidate_not_final_identity; scores_not_cross_backend_probabilities
celltypepilot.backend-candidates.v1,1::1,singler,reference_correlation,reference_correlation,decision_candidate,natural killer cell,NK cell,,CL:0000623,canonical_or_alias,True,0.0529500756429652,within_backend_cluster_top1_vote_fraction_not_probability,6,oof_predictions_sha256:faa38c9f6c381ebcabe5ddf5543095cd9d4e3ef5cb0479a30f7b91446eca8377,,backend_candidate_not_final_identity; scores_not_cross_backend_probabilities
celltypepilot.backend-candidates.v1,1::1,singler,reference_correlation,reference_correlation,decision_candidate,CD1c-positive myeloid dendritic cell,cDC2,,CL:0002399,canonical_or_alias,True,0.049924357034795766,within_backend_cluster_top1_vote_fraction_not_probability,7,oof_predictions_sha256:faa38c9f6c381ebcabe5ddf5543095cd9d4e3ef5cb0479a30f7b91446eca8377,,backend_candidate_not_final_identity; scores_not_cross_backend_probabilities
celltypepilot.backend-candidates.v1,1::1,singler,reference_correlation,reference_correlation,decision_candidate,mature NK T cell,T cell,,CL:0000084,explicit_safe_parent_fallback,True,0.039334341906202726,within_backend_cluster_top1_vote_fraction_not_probability,8,oof_predictions_sha256:faa38c9f6c381ebcabe5ddf5543095cd9d4e3ef5cb0479a30f7b91446eca8377,,backend_candidate_not_final_identity; scores_not_cross_backend_probabilities
celltypepilot.backend-candidates.v1,1::1,singler,reference_correlation,reference_correlation,decision_candidate,pulmonary alveolar type 1 cell,Alveolar type 1 cell,,CL:0002062,canonical_or_alias,True,0.028744326777609682,within_backend_cluster_top1_vote_fraction_not_probability,9,oof_predictions_sha256:faa38c9f6c381ebcabe5ddf5543095cd9d4e3ef5cb0479a30f7b91446eca8377,,backend_candidate_not_final_identity; scores_not_cross_backend_probabilities
celltypepilot.backend-candidates.v1,1::1,singler,reference_correlation,reference_correlation,decision_candidate,"naive thymus-derived CD8-positive, alpha-beta T cell","naive thymus-derived CD8-positive, alpha-beta T cell",,,unresolved,False,0.02118003025718608,within_backend_cluster_top1_vote_fraction_not_probability,10,oof_predictions_sha256:faa38c9f6c381ebcabe5ddf5543095cd9d4e3ef5cb0479a30f7b91446eca8377,,backend_candidate_not_final_identity; scores_not_cross_backend_probabilities
celltypepilot.backend-candidates.v1,1::1,singler,reference_correlation,reference_correlation,decision_candidate,capillary endothelial cell,Capillary endothelial cell,,CL:0002144,canonical_or_alias,True,0.009077155824508321,within_backend_cluster_top1_vote_fraction_not_probability,11,oof_predictions_sha256:faa38c9f6c381ebcabe5ddf5543095cd9d4e3ef5cb0479a30f7b91446eca8377,,backend_candidate_not_final_identity; scores_not_cross_backend_probabilities
celltypepilot.backend-candidates.v1,1::1,singler,reference_correlation,reference_correlation,decision_candidate,fibroblast,Fibroblast,,CL:0000057,canonical_or_alias,True,0.009077155824508321,within_backend_cluster_top1_vote_fraction_not_probability,12,oof_predictions_sha256:faa38c9f6c381ebcabe5ddf5543095cd9d4e3ef5cb0479a30f7b91446eca8377,,backend_candidate_not_final_identity; scores_not_cross_backend_probabilities
celltypepilot.backend-candidates.v1,1::1,singler,reference_correlation,reference_correlation,decision_candidate,bronchial smooth muscle cell,Bronchial smooth muscle cell,,CL:0002598,canonical_or_alias,True,0.007564296520423601,within_backend_cluster_top1_vote_fraction_not_probability,13,oof_predictions_sha256:faa38c9f6c381ebcabe5ddf5543095cd9d4e3ef5cb0479a30f7b91446eca8377,,backend_candidate_not_final_identity; scores_not_cross_backend_probabilities
celltypepilot.backend-candidates.v1,1::1,singler,reference_correlation,reference_correlation,decision_candidate,epithelial cell,Epithelial cell,,CL:0000066,canonical_or_alias,True,0.007564296520423601,within_backend_cluster_top1_vote_fraction_not_probability,14,oof_predictions_sha256:faa38c9f6c381ebcabe5ddf5543095cd9d4e3ef5cb0479a30f7b91446eca8377,,backend_candidate_not_final_identity; scores_not_cross_backend_probabilities
celltypepilot.backend-candidates.v1,1::1,singler,reference_correlation,reference_correlation,decision_candidate,lung multiciliated epithelial cell,Ciliated cell,,CL:0002145,canonical_or_alias,True,0.0045385779122541605,within_backend_cluster_top1_vote_fraction_not_probability,15,oof_predictions_sha256:faa38c9f6c381ebcabe5ddf5543095cd9d4e3ef5cb0479a30f7b91446eca8377,,backend_candidate_not_final_identity; scores_not_cross_backend_probabilities
celltypepilot.backend-candidates.v1,1::1,singler,reference_correlation,reference_correlation,decision_candidate,myeloid leukocyte,myeloid leukocyte,,,unresolved,False,0.0045385779122541605,within_backend_cluster_top1_vote_fraction_not_probability,16,oof_predictions_sha256:faa38c9f6c381ebcabe5ddf5543095cd9d4e3ef5cb0479a30f7b91446eca8377,,backend_candidate_not_final_identity; scores_not_cross_backend_probabilities
celltypepilot.backend-candidates.v1,1::1,singler,reference_correlation,reference_correlation,decision_candidate,"plasmacytoid dendritic cell, human",pDC,,CL:0000784,canonical_or_alias,True,0.0045385779122541605,within_backend_cluster_top1_vote_fraction_not_probability,17,oof_predictions_sha256:faa38c9f6c381ebcabe5ddf5543095cd9d4e3ef5cb0479a30f7b91446eca8377,,backend_candidate_not_final_identity; scores_not_cross_backend_probabilities
celltypepilot.backend-candidates.v1,1::1,singler,reference_correlation,reference_correlation,decision_candidate,pulmonary neuroendocrine cell,pulmonary neuroendocrine cell,,,unresolved,False,0.0045385779122541605,within_backend_cluster_top1_vote_fraction_not_probability,18,oof_predictions_sha256:faa38c9f6c381ebcabe5ddf5543095cd9d4e3ef5cb0479a30f7b91446eca8377,,backend_candidate_not_final_identity; scores_not_cross_backend_probabilities
celltypepilot.backend-candidates.v1,1::1,singler,reference_correlation,reference_correlation,decision_candidate,endothelial cell,Endothelial cell,,CL:0000115,canonical_or_alias,True,0.0030257186081694403,within_backend_cluster_top1_vote_fraction_not_probability,19,oof_predictions_sha256:faa38c9f6c381ebcabe5ddf5543095cd9d4e3ef5cb0479a30f7b91446eca8377,,backend_candidate_not_final_identity; scores_not_cross_backend_probabilities
celltypepilot.backend-candidates.v1,1::1,singler,reference_correlation,reference_correlation,decision_candidate,endothelial cell of artery,Endothelial cell,,CL:0000115,explicit_safe_parent_fallback,True,0.0030257186081694403,within_backend_cluster_top1_vote_fraction_not_probability,20,oof_predictions_sha256:faa38c9f6c381ebcabe5ddf5543095cd9d4e3ef5cb0479a30f7b91446eca8377,,backend_candidate_not_final_identity; scores_not_cross_backend_probabilities
celltypepilot.backend-candidates.v1,1::1,singler,reference_correlation,reference_correlation,decision_candidate,club cell,Club cell,,CL:0000158,canonical_or_alias,True,0.0015128593040847202,within_backend_cluster_top1_vote_fraction_not_probability,21,oof_predictions_sha256:faa38c9f6c381ebcabe5ddf5543095cd9d4e3ef5cb0479a30f7b91446eca8377,,backend_candidate_not_final_identity; scores_not_cross_backend_probabilities
celltypepilot.backend-candidates.v1,1::1,singler,reference_correlation,reference_correlation,decision_candidate,dendritic cell,Dendritic cell,,CL:0000451,canonical_or_alias,True,0.0015128593040847202,within_backend_cluster_top1_vote_fraction_not_probability,22,oof_predictions_sha256:faa38c9f6c381ebcabe5ddf5543095cd9d4e3ef5cb0479a30f7b91446eca8377,,backend_candidate_not_final_identity; scores_not_cross_backend_probabilities
celltypepilot.backend-candidates.v1,1::1,singler,reference_correlation,reference_correlation,decision_candidate,endothelial cell of lymphatic vessel,Endothelial cell,,CL:0000115,explicit_safe_parent_fallback,True,0.0015128593040847202,within_backend_cluster_top1_vote_fraction_not_probability,23,oof_predictions_sha256:faa38c9f6c381ebcabe5ddf5543095cd9d4e3ef5cb0479a30f7b91446eca8377,,backend_candidate_not_final_identity; scores_not_cross_backend_probabilities
celltypepilot.backend-candidates.v1,1::1,singler,reference_correlation,reference_correlation,decision_candidate,intermediate monocyte,Monocyte,,CL:0000576,explicit_safe_parent_fallback,True,0.0015128593040847202,within_backend_cluster_top1_vote_fraction_not_probability,24,oof_predictions_sha256:faa38c9f6c381ebcabe5ddf5543095cd9d4e3ef5cb0479a30f7b91446eca8377,,backend_candidate_not_final_identity; scores_not_cross_backend_probabilities
celltypepilot.backend-candidates.v1,1::1,singler,reference_correlation,reference_correlation,decision_candidate,non-classical monocyte,Non-classical monocyte,,CL:0000875,canonical_or_alias,True,0.0015128593040847202,within_backend_cluster_top1_vote_fraction_not_probability,25,oof_predictions_sha256:faa38c9f6c381ebcabe5ddf5543095cd9d4e3ef5cb0479a30f7b91446eca8377,,backend_candidate_not_final_identity; scores_not_cross_backend_probabilities
celltypepilot.backend-candidates.v1,1::1,singler,reference_correlation,reference_correlation,decision_candidate,pericyte,Pericyte,,CL:0000669,canonical_or_alias,True,0.0015128593040847202,within_backend_cluster_top1_vote_fraction_not_probability,26,oof_predictions_sha256:faa38c9f6c381ebcabe5ddf5543095cd9d4e3ef5cb0479a30f7b91446eca8377,,backend_candidate_not_final_identity; scores_not_cross_backend_probabilities
celltypepilot.backend-candidates.v1,1::1,singler,reference_correlation,reference_correlation,decision_candidate,pulmonary alveolar type 2 cell,Alveolar type 2 cell,,CL:0002063,canonical_or_alias,True,0.0015128593040847202,within_backend_cluster_top1_vote_fraction_not_probability,27,oof_predictions_sha256:faa38c9f6c381ebcabe5ddf5543095cd9d4e3ef5cb0479a30f7b91446eca8377,,backend_candidate_not_final_identity; scores_not_cross_backend_probabilities
celltypepilot.backend-candidates.v1,1::1,singler,reference_correlation,reference_correlation,decision_candidate,pulmonary ionocyte,pulmonary ionocyte,,,unresolved,False,0.0015128593040847202,within_backend_cluster_top1_vote_fraction_not_probability,28,oof_predictions_sha256:faa38c9f6c381ebcabe5ddf5543095cd9d4e3ef5cb0479a30f7b91446eca8377,,backend_candidate_not_final_identity; scores_not_cross_backend_probabilities
celltypepilot.backend-candidates.v1,1::1,singler,reference_correlation,reference_correlation,decision_candidate,respiratory basal cell,Basal cell,,CL:0002633,canonical_or_alias,True,0.0015128593040847202,within_backend_cluster_top1_vote_fraction_not_probability,29,oof_predictions_sha256:faa38c9f6c381ebcabe5ddf5543095cd9d4e3ef5cb0479a30f7b91446eca8377,,backend_candidate_not_final_identity; scores_not_cross_backend_probabilities
celltypepilot.backend-candidates.v1,1::2,celltypist,reference_linear,reference_linear,decision_candidate,club cell,Club cell,,CL:0000158,canonical_or_alias,True,0.5778364116094987,within_backend_cluster_top1_vote_fraction_not_probability,1,oof_predictions_sha256:faa38c9f6c381ebcabe5ddf5543095cd9d4e3ef5cb0479a30f7b91446eca8377,,backend_candidate_not_final_identity; scores_not_cross_backend_probabilities
celltypepilot.backend-candidates.v1,1::2,celltypist,reference_linear,reference_linear,decision_candidate,lung multiciliated epithelial cell,Ciliated cell,,CL:0002145,canonical_or_alias,True,0.18733509234828497,within_backend_cluster_top1_vote_fraction_not_probability,2,oof_predictions_sha256:faa38c9f6c381ebcabe5ddf5543095cd9d4e3ef5cb0479a30f7b91446eca8377,,backend_candidate_not_final_identity; scores_not_cross_backend_probabilities
celltypepilot.backend-candidates.v1,1::2,celltypist,reference_linear,reference_linear,decision_candidate,pulmonary alveolar type 2 cell,Alveolar type 2 cell,,CL:0002063,canonical_or_alias,True,0.11213720316622691,within_backend_cluster_top1_vote_fraction_not_probability,3,oof_predictions_sha256:faa38c9f6c381ebcabe5ddf5543095cd9d4e3ef5cb0479a30f7b91446eca8377,,backend_candidate_not_final_identity; scores_not_cross_backend_probabilities
celltypepilot.backend-candidates.v1,1::2,celltypist,reference_linear,reference_linear,decision_candidate,pulmonary alveolar type 1 cell,Alveolar type 1 cell,,CL:0002062,canonical_or_alias,True,0.05804749340369393,within_backend_cluster_top1_vote_fraction_not_probability,4,oof_predictions_sha256:faa38c9f6c381ebcabe5ddf5543095cd9d4e3ef5cb0479a30f7b91446eca8377,,backend_candidate_not_final_identity; scores_not_cross_backend_probabilities
celltypepilot.backend-candidates.v1,1::2,celltypist,reference_linear,reference_linear,decision_candidate,pulmonary neuroendocrine cell,pulmonary neuroendocrine cell,,,unresolved,False,0.025065963060686015,within_backend_cluster_top1_vote_fraction_not_probability,5,oof_predictions_sha256:faa38c9f6c381ebcabe5ddf5543095cd9d4e3ef5cb0479a30f7b91446eca8377,,backend_candidate_not_final_identity; scores_not_cross_backend_probabilities
celltypepilot.backend-candidates.v1,1::2,celltypist,reference_linear,reference_linear,decision_candidate,respiratory basal cell,Basal cell,,CL:0002633,canonical_or_alias,True,0.021108179419525065,within_backend_cluster_top1_vote_fraction_not_probability,6,oof_predictions_sha256:faa38c9f6c381ebcabe5ddf5543095cd9d4e3ef5cb0479a30f7b91446eca8377,,backend_candidate_not_final_identity; scores_not_cross_backend_probabilities
celltypepilot.backend-candidates.v1,1::2,celltypist,reference_linear,reference_linear,decision_candidate,alveolar macrophage,Alveolar macrophage,,CL:0000583,canonical_or_alias,True,0.00395778364116095,within_backend_cluster_top1_vote_fraction_not_probability,7,oof_predictions_sha256:faa38c9f6c381ebcabe5ddf5543095cd9d4e3ef5cb0479a30f7b91446eca8377,,backend_candidate_not_final_identity; scores_not_cross_backend_probabilities
celltypepilot.backend-candidates.v1,1::2,celltypist,reference_linear,reference_linear,decision_candidate,lymphocyte,lymphocyte,,,unresolved,False,0.00395778364116095,within_backend_cluster_top1_vote_fraction_not_probability,8,oof_predictions_sha256:faa38c9f6c381ebcabe5ddf5543095cd9d4e3ef5cb0479a30f7b91446eca8377,,backend_candidate_not_final_identity; scores_not_cross_backend_probabilities
celltypepilot.backend-candidates.v1,1::2,celltypist,reference_linear,reference_linear,decision_candidate,fibroblast,Fibroblast,,CL:0000057,canonical_or_alias,True,0.002638522427440633,within_backend_cluster_top1_vote_fraction_not_probability,9,oof_predictions_sha256:faa38c9f6c381ebcabe5ddf5543095cd9d4e3ef5cb0479a30f7b91446eca8377,,backend_candidate_not_final_identity; scores_not_cross_backend_probabilities
celltypepilot.backend-candidates.v1,1::2,celltypist,reference_linear,reference_linear,decision_candidate,myeloid leukocyte,myeloid leukocyte,,,unresolved,False,0.002638522427440633,within_backend_cluster_top1_vote_fraction_not_probability,10,oof_predictions_sha256:faa38c9f6c381ebcabe5ddf5543095cd9d4e3ef5cb0479a30f7b91446eca8377,,backend_candidate_not_final_identity; scores_not_cross_backend_probabilities
celltypepilot.backend-candidates.v1,1::2,celltypist,reference_linear,reference_linear,decision_candidate,bronchial smooth muscle cell,Bronchial smooth muscle cell,,CL:0002598,canonical_or_alias,True,0.0013192612137203166,within_backend_cluster_top1_vote_fraction_not_probability,11,oof_predictions_sha256:faa38c9f6c381ebcabe5ddf5543095cd9d4e3ef5cb0479a30f7b91446eca8377,,backend_candidate_not_final_identity; scores_not_cross_backend_probabilities
celltypepilot.backend-candidates.v1,1::2,celltypist,reference_linear,reference_linear,decision_candidate,endothelial cell,Endothelial cell,,CL:0000115,canonical_or_alias,True,0.0013192612137203166,within_backend_cluster_top1_vote_fraction_not_probability,12,oof_predictions_sha256:faa38c9f6c381ebcabe5ddf5543095cd9d4e3ef5cb0479a30f7b91446eca8377,,backend_candidate_not_final_identity; scores_not_cross_backend_probabilities
celltypepilot.backend-candidates.v1,1::2,celltypist,reference_linear,reference_linear,decision_candidate,lung goblet cell,Goblet cell,,CL:0002370,canonical_or_alias,True,0.0013192612137203166,within_backend_cluster_top1_vote_fraction_not_probability,13,oof_predictions_sha256:faa38c9f6c381ebcabe5ddf5543095cd9d4e3ef5cb0479a30f7b91446eca8377,,backend_candidate_not_final_identity; scores_not_cross_backend_probabilities
celltypepilot.backend-candidates.v1,1::2,celltypist,reference_linear,reference_linear,decision_candidate,pericyte,Pericyte,,CL:0000669,canonical_or_alias,True,0.0013192612137203166,within_backend_cluster_top1_vote_fraction_not_probability,14,oof_predictions_sha256:faa38c9f6c381ebcabe5ddf5543095cd9d4e3ef5cb0479a30f7b91446eca8377,,backend_candidate_not_final_identity; scores_not_cross_backend_probabilities
celltypepilot.backend-candidates.v1,1::2,popv,reference_ensemble,reference_ensemble,decision_candidate,club cell,Club cell,,CL:0000158,canonical_or_alias,True,0.5883905013192612,within_backend_cluster_top1_vote_fraction_not_probability,1,oof_predictions_sha256:faa38c9f6c381ebcabe5ddf5543095cd9d4e3ef5cb0479a30f7b91446eca8377,,backend_candidate_not_final_identity; scores_not_cross_backend_probabilities
celltypepilot.backend-candidates.v1,1::2,popv,reference_ensemble,reference_ensemble,decision_candidate,lung multiciliated epithelial cell,Ciliated cell,,CL:0002145,canonical_or_alias,True,0.1820580474934037,within_backend_cluster_top1_vote_fraction_not_probability,2,oof_predictions_sha256:faa38c9f6c381ebcabe5ddf5543095cd9d4e3ef5cb0479a30f7b91446eca8377,,backend_candidate_not_final_identity; scores_not_cross_backend_probabilities
celltypepilot.backend-candidates.v1,1::2,popv,reference_ensemble,reference_ensemble,decision_candidate,pulmonary alveolar type 2 cell,Alveolar type 2 cell,,CL:0002063,canonical_or_alias,True,0.09894459102902374,within_backend_cluster_top1_vote_fraction_not_probability,3,oof_predictions_sha256:faa38c9f6c381ebcabe5ddf5543095cd9d4e3ef5cb0479a30f7b91446eca8377,,backend_candidate_not_final_identity; scores_not_cross_backend_probabilities
celltypepilot.backend-candidates.v1,1::2,popv,reference_ensemble,reference_ensemble,decision_candidate,pulmonary alveolar type 1 cell,Alveolar type 1 cell,,CL:0002062,canonical_or_alias,True,0.05672823218997362,within_backend_cluster_top1_vote_fraction_not_probability,4,oof_predictions_sha256:faa38c9f6c381ebcabe5ddf5543095cd9d4e3ef5cb0479a30f7b91446eca8377,,backend_candidate_not_final_identity; scores_not_cross_backend_probabilities
celltypepilot.backend-candidates.v1,1::2,popv,reference_ensemble,reference_ensemble,decision_candidate,pulmonary neuroendocrine cell,pulmonary neuroendocrine cell,,,unresolved,False,0.027704485488126648,within_backend_cluster_top1_vote_fraction_not_probability,5,oof_predictions_sha256:faa38c9f6c381ebcabe5ddf5543095cd9d4e3ef5cb0479a30f7b91446eca8377,,backend_candidate_not_final_identity; scores_not_cross_backend_probabilities
celltypepilot.backend-candidates.v1,1::2,popv,reference_ensemble,reference_ensemble,decision_candidate,respiratory basal cell,Basal cell,,CL:0002633,canonical_or_alias,True,0.021108179419525065,within_backend_cluster_top1_vote_fraction_not_probability,6,oof_predictions_sha256:faa38c9f6c381ebcabe5ddf5543095cd9d4e3ef5cb0479a30f7b91446eca8377,,backend_candidate_not_final_identity; scores_not_cross_backend_probabilities
celltypepilot.backend-candidates.v1,1::2,popv,reference_ensemble,reference_ensemble,decision_candidate,lung goblet cell,Goblet cell,,CL:0002370,canonical_or_alias,True,0.0079155672823219,within_backend_cluster_top1_vote_fraction_not_probability,7,oof_predictions_sha256:faa38c9f6c381ebcabe5ddf5543095cd9d4e3ef5cb0479a30f7b91446eca8377,,backend_candidate_not_final_identity; scores_not_cross_backend_probabilities
celltypepilot.backend-candidates.v1,1::2,popv,reference_ensemble,reference_ensemble,decision_candidate,alveolar macrophage,Alveolar macrophage,,CL:0000583,canonical_or_alias,True,0.00395778364116095,within_backend_cluster_top1_vote_fraction_not_probability,8,oof_predictions_sha256:faa38c9f6c381ebcabe5ddf5543095cd9d4e3ef5cb0479a30f7b91446eca8377,,backend_candidate_not_final_identity; scores_not_cross_backend_probabilities
celltypepilot.backend-candidates.v1,1::2,popv,reference_ensemble,reference_ensemble,decision_candidate,epithelial cell,Epithelial cell,,CL:0000066,canonical_or_alias,True,0.002638522427440633,within_backend_cluster_top1_vote_fraction_not_probability,9,oof_predictions_sha256:faa38c9f6c381ebcabe5ddf5543095cd9d4e3ef5cb0479a30f7b91446eca8377,,backend_candidate_not_final_identity; scores_not_cross_backend_probabilities
celltypepilot.backend-candidates.v1,1::2,popv,reference_ensemble,reference_ensemble,decision_candidate,fibroblast,Fibroblast,,CL:0000057,canonical_or_alias,True,0.002638522427440633,within_backend_cluster_top1_vote_fraction_not_probability,10,oof_predictions_sha256:faa38c9f6c381ebcabe5ddf5543095cd9d4e3ef5cb0479a30f7b91446eca8377,,backend_candidate_not_final_identity; scores_not_cross_backend_probabilities
celltypepilot.backend-candidates.v1,1::2,popv,reference_ensemble,reference_ensemble,decision_candidate,myeloid leukocyte,myeloid leukocyte,,,unresolved,False,0.002638522427440633,within_backend_cluster_top1_vote_fraction_not_probability,11,oof_predictions_sha256:faa38c9f6c381ebcabe5ddf5543095cd9d4e3ef5cb0479a30f7b91446eca8377,,backend_candidate_not_final_identity; scores_not_cross_backend_probabilities
celltypepilot.backend-candidates.v1,1::2,popv,reference_ensemble,reference_ensemble,decision_candidate,CD1c-positive myeloid dendritic cell,cDC2,,CL:0002399,canonical_or_alias,True,0.0013192612137203166,within_backend_cluster_top1_vote_fraction_not_probability,12,oof_predictions_sha256:faa38c9f6c381ebcabe5ddf5543095cd9d4e3ef5cb0479a30f7b91446eca8377,,backend_candidate_not_final_identity; scores_not_cross_backend_probabilities
celltypepilot.backend-candidates.v1,1::2,popv,reference_ensemble,reference_ensemble,decision_candidate,basal cell,Basal cell,,CL:0002633,canonical_or_alias,True,0.0013192612137203166,within_backend_cluster_top1_vote_fraction_not_probability,13,oof_predictions_sha256:faa38c9f6c381ebcabe5ddf5543095cd9d4e3ef5cb0479a30f7b91446eca8377,,backend_candidate_not_final_identity; scores_not_cross_backend_probabilities
celltypepilot.backend-candidates.v1,1::2,popv,reference_ensemble,reference_ensemble,decision_candidate,lymphocyte,lymphocyte,,,unresolved,False,0.0013192612137203166,within_backend_cluster_top1_vote_fraction_not_probability,14,oof_predictions_sha256:faa38c9f6c381ebcabe5ddf5543095cd9d4e3ef5cb0479a30f7b91446eca8377,,backend_candidate_not_final_identity; scores_not_cross_backend_probabilities
celltypepilot.backend-candidates.v1,1::2,popv,reference_ensemble,reference_ensemble,decision_candidate,vascular associated smooth muscle cell,vascular associated smooth muscle cell,,,unresolved,False,0.0013192612137203166,within_backend_cluster_top1_vote_fraction_not_probability,15,oof_predictions_sha256:faa38c9f6c381ebcabe5ddf5543095cd9d4e3ef5cb0479a30f7b91446eca8377,,backend_candidate_not_final_identity; scores_not_cross_backend_probabilities
celltypepilot.backend-candidates.v1,1::2,singler,reference_correlation,reference_correlation,decision_candidate,club cell,Club cell,,CL:0000158,canonical_or_alias,True,0.5369393139841688,within_backend_cluster_top1_vote_fraction_not_probability,1,oof_predictions_sha256:faa38c9f6c381ebcabe5ddf5543095cd9d4e3ef5cb0479a30f7b91446eca8377,,backend_candidate_not_final_identity; scores_not_cross_backend_probabilities
celltypepilot.backend-candidates.v1,1::2,singler,reference_correlation,reference_correlation,decision_candidate,lung multiciliated epithelial cell,Ciliated cell,,CL:0002145,canonical_or_alias,True,0.1820580474934037,within_backend_cluster_top1_vote_fraction_not_probability,2,oof_predictions_sha256:faa38c9f6c381ebcabe5ddf5543095cd9d4e3ef5cb0479a30f7b91446eca8377,,backend_candidate_not_final_identity; scores_not_cross_backend_probabilities
celltypepilot.backend-candidates.v1,1::2,singler,reference_correlation,reference_correlation,decision_candidate,pulmonary alveolar type 2 cell,Alveolar type 2 cell,,CL:0002063,canonical_or_alias,True,0.08179419525065963,within_backend_cluster_top1_vote_fraction_not_probability,3,oof_predictions_sha256:faa38c9f6c381ebcabe5ddf5543095cd9d4e3ef5cb0479a30f7b91446eca8377,,backend_candidate_not_final_identity; scores_not_cross_backend_probabilities
celltypepilot.backend-candidates.v1,1::2,singler,reference_correlation,reference_correlation,decision_candidate,epithelial cell,Epithelial cell,,CL:0000066,canonical_or_alias,True,0.07783641160949868,within_backend_cluster_top1_vote_fraction_not_probability,4,oof_predictions_sha256:faa38c9f6c381ebcabe5ddf5543095cd9d4e3ef5cb0479a30f7b91446eca8377,,backend_candidate_not_final_identity; scores_not_cross_backend_probabilities
celltypepilot.backend-candidates.v1,1::2,singler,reference_correlation,reference_correlation,decision_candidate,pulmonary alveolar type 1 cell,Alveolar type 1 cell,,CL:0002062,canonical_or_alias,True,0.051451187335092345,within_backend_cluster_top1_vote_fraction_not_probability,5,oof_predictions_sha256:faa38c9f6c381ebcabe5ddf5543095cd9d4e3ef5cb0479a30f7b91446eca8377,,backend_candidate_not_final_identity; scores_not_cross_backend_probabilities
celltypepilot.backend-candidates.v1,1::2,singler,reference_correlation,reference_correlation,decision_candidate,pulmonary neuroendocrine cell,pulmonary neuroendocrine cell,,,unresolved,False,0.027704485488126648,within_backend_cluster_top1_vote_fraction_not_probability,6,oof_predictions_sha256:faa38c9f6c381ebcabe5ddf5543095cd9d4e3ef5cb0479a30f7b91446eca8377,,backend_candidate_not_final_identity; scores_not_cross_backend_probabilities
celltypepilot.backend-candidates.v1,1::2,singler,reference_correlation,reference_correlation,decision_candidate,respiratory basal cell,Basal cell,,CL:0002633,canonical_or_alias,True,0.01978891820580475,within_backend_cluster_top1_vote_fraction_not_probability,7,oof_predictions_sha256:faa38c9f6c381ebcabe5ddf5543095cd9d4e3ef5cb0479a30f7b91446eca8377,,backend_candidate_not_final_identity; scores_not_cross_backend_probabilities
celltypepilot.backend-candidates.v1,1::2,singler,reference_correlation,reference_correlation,decision_candidate,lung goblet cell,Goblet cell,,CL:0002370,canonical_or_alias,True,0.006596306068601583,within_backend_cluster_top1_vote_fraction_not_probability,8,oof_predictions_sha256:faa38c9f6c381ebcabe5ddf5543095cd9d4e3ef5cb0479a30f7b91446eca8377,,backend_candidate_not_final_identity; scores_not_cross_backend_probabilities
celltypepilot.backend-candidates.v1,1::2,singler,reference_correlation,reference_correlation,decision_candidate,Unknown,Unknown,,,unresolved,False,0.00395778364116095,within_backend_cluster_top1_vote_fraction_not_probability,9,oof_predictions_sha256:faa38c9f6c381ebcabe5ddf5543095cd9d4e3ef5cb0479a30f7b91446eca8377,,backend_candidate_not_final_identity; scores_not_cross_backend_probabilities
celltypepilot.backend-candidates.v1,1::2,singler,reference_correlation,reference_correlation,decision_candidate,alveolar macrophage,Alveolar macrophage,,CL:0000583,canonical_or_alias,True,0.00395778364116095,within_backend_cluster_top1_vote_fraction_not_probability,10,oof_predictions_sha256:faa38c9f6c381ebcabe5ddf5543095cd9d4e3ef5cb0479a30f7b91446eca8377,,backend_candidate_not_final_identity; scores_not_cross_backend_probabilities
celltypepilot.backend-candidates.v1,1::2,singler,reference_correlation,reference_correlation,decision_candidate,basal cell,Basal cell,,CL:0002633,canonical_or_alias,True,0.002638522427440633,within_backend_cluster_top1_vote_fraction_not_probability,11,oof_predictions_sha256:faa38c9f6c381ebcabe5ddf5543095cd9d4e3ef5cb0479a30f7b91446eca8377,,backend_candidate_not_final_identity; scores_not_cross_backend_probabilities
celltypepilot.backend-candidates.v1,1::2,singler,reference_correlation,reference_correlation,decision_candidate,myeloid leukocyte,myeloid leukocyte,,,unresolved,False,0.002638522427440633,within_backend_cluster_top1_vote_fraction_not_probability,12,oof_predictions_sha256:faa38c9f6c381ebcabe5ddf5543095cd9d4e3ef5cb0479a30f7b91446eca8377,,backend_candidate_not_final_identity; scores_not_cross_backend_probabilities
celltypepilot.backend-candidates.v1,1::2,singler,reference_correlation,reference_correlation,decision_candidate,myofibroblast cell,myofibroblast cell,,,unresolved,False,0.002638522427440633,within_backend_cluster_top1_vote_fraction_not_probability,13,oof_predictions_sha256:faa38c9f6c381ebcabe5ddf5543095cd9d4e3ef5cb0479a30f7b91446eca8377,,backend_candidate_not_final_identity; scores_not_cross_backend_probabilities
celltypepilot.backend-candidates.v1,1::3,celltypist,reference_linear,reference_linear,decision_candidate,natural killer cell,NK cell,,CL:0000623,canonical_or_alias,True,0.9275028768699655,within_backend_cluster_top1_vote_fraction_not_probability,1,oof_predictions_sha256:faa38c9f6c381ebcabe5ddf5543095cd9d4e3ef5cb0479a30f7b91446eca8377,,backend_candidate_not_final_identity; scores_not_cross_backend_probabilities
celltypepilot.backend-candidates.v1,1::3,celltypist,reference_linear,reference_linear,decision_candidate,alveolar macrophage,Alveolar macrophage,,CL:0000583,canonical_or_alias,True,0.02531645569620253,within_backend_cluster_top1_vote_fraction_not_probability,2,oof_predictions_sha256:faa38c9f6c381ebcabe5ddf5543095cd9d4e3ef5cb0479a30f7b91446eca8377,,backend_candidate_not_final_identity; scores_not_cross_backend_probabilities
celltypepilot.backend-candidates.v1,1::3,celltypist,reference_linear,reference_linear,decision_candidate,myeloid leukocyte,myeloid leukocyte,,,unresolved,False,0.023014959723820484,within_backend_cluster_top1_vote_fraction_not_probability,3,oof_predictions_sha256:faa38c9f6c381ebcabe5ddf5543095cd9d4e3ef5cb0479a30f7b91446eca8377,,backend_candidate_not_final_identity; scores_not_cross_backend_probabilities
celltypepilot.backend-candidates.v1,1::3,celltypist,reference_linear,reference_linear,decision_candidate,lymphocyte,lymphocyte,,,unresolved,False,0.005753739930955121,within_backend_cluster_top1_vote_fraction_not_probability,4,oof_predictions_sha256:faa38c9f6c381ebcabe5ddf5543095cd9d4e3ef5cb0479a30f7b91446eca8377,,backend_candidate_not_final_identity; scores_not_cross_backend_probabilities
celltypepilot.backend-candidates.v1,1::3,celltypist,reference_linear,reference_linear,decision_candidate,"plasmacytoid dendritic cell, human",pDC,,CL:0000784,canonical_or_alias,True,0.005753739930955121,within_backend_cluster_top1_vote_fraction_not_probability,5,oof_predictions_sha256:faa38c9f6c381ebcabe5ddf5543095cd9d4e3ef5cb0479a30f7b91446eca8377,,backend_candidate_not_final_identity; scores_not_cross_backend_probabilities
celltypepilot.backend-candidates.v1,1::3,celltypist,reference_linear,reference_linear,decision_candidate,B cell,B cell,,CL:0000236,canonical_or_alias,True,0.0034522439585730723,within_backend_cluster_top1_vote_fraction_not_probability,6,oof_predictions_sha256:faa38c9f6c381ebcabe5ddf5543095cd9d4e3ef5cb0479a30f7b91446eca8377,,backend_candidate_not_final_identity; scores_not_cross_backend_probabilities
celltypepilot.backend-candidates.v1,1::3,celltypist,reference_linear,reference_linear,decision_candidate,CD1c-positive myeloid dendritic cell,cDC2,,CL:0002399,canonical_or_alias,True,0.0023014959723820483,within_backend_cluster_top1_vote_fraction_not_probability,7,oof_predictions_sha256:faa38c9f6c381ebcabe5ddf5543095cd9d4e3ef5cb0479a30f7b91446eca8377,,backend_candidate_not_final_identity; scores_not_cross_backend_probabilities
celltypepilot.backend-candidates.v1,1::3,celltypist,reference_linear,reference_linear,decision_candidate,dendritic cell,Dendritic cell,,CL:0000451,canonical_or_alias,True,0.0023014959723820483,within_backend_cluster_top1_vote_fraction_not_probability,8,oof_predictions_sha256:faa38c9f6c381ebcabe5ddf5543095cd9d4e3ef5cb0479a30f7b91446eca8377,,backend_candidate_not_final_identity; scores_not_cross_backend_probabilities
celltypepilot.backend-candidates.v1,1::3,celltypist,reference_linear,reference_linear,decision_candidate,endothelial cell,Endothelial cell,,CL:0000115,canonical_or_alias,True,0.0011507479861910242,within_backend_cluster_top1_vote_fraction_not_probability,9,oof_predictions_sha256:faa38c9f6c381ebcabe5ddf5543095cd9d4e3ef5cb0479a30f7b91446eca8377,,backend_candidate_not_final_identity; scores_not_cross_backend_probabilities
celltypepilot.backend-candidates.v1,1::3,celltypist,reference_linear,reference_linear,decision_candidate,mature NK T cell,T cell,,CL:0000084,explicit_safe_parent_fallback,True,0.0011507479861910242,within_backend_cluster_top1_vote_fraction_not_probability,10,oof_predictions_sha256:faa38c9f6c381ebcabe5ddf5543095cd9d4e3ef5cb0479a30f7b91446eca8377,,backend_candidate_not_final_identity; scores_not_cross_backend_probabilities
celltypepilot.backend-candidates.v1,1::3,celltypist,reference_linear,reference_linear,decision_candidate,pericyte,Pericyte,,CL:0000669,canonical_or_alias,True,0.0011507479861910242,within_backend_cluster_top1_vote_fraction_not_probability,11,oof_predictions_sha256:faa38c9f6c381ebcabe5ddf5543095cd9d4e3ef5cb0479a30f7b91446eca8377,,backend_candidate_not_final_identity; scores_not_cross_backend_probabilities
celltypepilot.backend-candidates.v1,1::3,celltypist,reference_linear,reference_linear,decision_candidate,pulmonary alveolar type 2 cell,Alveolar type 2 cell,,CL:0002063,canonical_or_alias,True,0.0011507479861910242,within_backend_cluster_top1_vote_fraction_not_probability,12,oof_predictions_sha256:faa38c9f6c381ebcabe5ddf5543095cd9d4e3ef5cb0479a30f7b91446eca8377,,backend_candidate_not_final_identity; scores_not_cross_backend_probabilities
celltypepilot.backend-candidates.v1,1::3,popv,reference_ensemble,reference_ensemble,decision_candidate,natural killer cell,NK cell,,CL:0000623,canonical_or_alias,True,0.8504027617951668,within_backend_cluster_top1_vote_fraction_not_probability,1,oof_predictions_sha256:faa38c9f6c381ebcabe5ddf5543095cd9d4e3ef5cb0479a30f7b91446eca8377,,backend_candidate_not_final_identity; scores_not_cross_backend_probabilities
celltypepilot.backend-candidates.v1,1::3,popv,reference_ensemble,reference_ensemble,decision_candidate,"naive thymus-derived CD4-positive, alpha-beta T cell","naive thymus-derived CD4-positive, alpha-beta T cell",,,unresolved,False,0.04142692750287687,within_backend_cluster_top1_vote_fraction_not_probability,2,oof_predictions_sha256:faa38c9f6c381ebcabe5ddf5543095cd9d4e3ef5cb0479a30f7b91446eca8377,,backend_candidate_not_final_identity; scores_not_cross_backend_probabilities
celltypepilot.backend-candidates.v1,1::3,popv,reference_ensemble,reference_ensemble,decision_candidate,mature NK T cell,T cell,,CL:0000084,explicit_safe_parent_fallback,True,0.03222094361334868,within_backend_cluster_top1_vote_fraction_not_probability,3,oof_predictions_sha256:faa38c9f6c381ebcabe5ddf5543095cd9d4e3ef5cb0479a30f7b91446eca8377,,backend_candidate_not_final_identity; scores_not_cross_backend_probabilities
celltypepilot.backend-candidates.v1,1::3,popv,reference_ensemble,reference_ensemble,decision_candidate,alveolar macrophage,Alveolar macrophage,,CL:0000583,canonical_or_alias,True,0.02991944764096663,within_backend_cluster_top1_vote_fraction_not_probability,4,oof_predictions_sha256:faa38c9f6c381ebcabe5ddf5543095cd9d4e3ef5cb0479a30f7b91446eca8377,,backend_candidate_not_final_identity; scores_not_cross_backend_probabilities
celltypepilot.backend-candidates.v1,1::3,popv,reference_ensemble,reference_ensemble,decision_candidate,myeloid leukocyte,myeloid leukocyte,,,unresolved,False,0.023014959723820484,within_backend_cluster_top1_vote_fraction_not_probability,5,oof_predictions_sha256:faa38c9f6c381ebcabe5ddf5543095cd9d4e3ef5cb0479a30f7b91446eca8377,,backend_candidate_not_final_identity; scores_not_cross_backend_probabilities
celltypepilot.backend-candidates.v1,1::3,popv,reference_ensemble,reference_ensemble,decision_candidate,B cell,B cell,,CL:0000236,canonical_or_alias,True,0.010356731875719217,within_backend_cluster_top1_vote_fraction_not_probability,6,oof_predictions_sha256:faa38c9f6c381ebcabe5ddf5543095cd9d4e3ef5cb0479a30f7b91446eca8377,,backend_candidate_not_final_identity; scores_not_cross_backend_probabilities
celltypepilot.backend-candidates.v1,1::3,popv,reference_ensemble,reference_ensemble,decision_candidate,lymphocyte,lymphocyte,,,unresolved,False,0.005753739930955121,within_backend_cluster_top1_vote_fraction_not_probability,7,oof_predictions_sha256:faa38c9f6c381ebcabe5ddf5543095cd9d4e3ef5cb0479a30f7b91446eca8377,,backend_candidate_not_final_identity; scores_not_cross_backend_probabilities
celltypepilot.backend-candidates.v1,1::3,popv,reference_ensemble,reference_ensemble,decision_candidate,"plasmacytoid dendritic cell, human",pDC,,CL:0000784,canonical_or_alias,True,0.004602991944764097,within_backend_cluster_top1_vote_fraction_not_probability,8,oof_predictions_sha256:faa38c9f6c381ebcabe5ddf5543095cd9d4e3ef5cb0479a30f7b91446eca8377,,backend_candidate_not_final_identity; scores_not_cross_backend_probabilities
celltypepilot.backend-candidates.v1,1::3,popv,reference_ensemble,reference_ensemble,decision_candidate,CD1c-positive myeloid dendritic cell,cDC2,,CL:0002399,canonical_or_alias,True,0.0011507479861910242,within_backend_cluster_top1_vote_fraction_not_probability,9,oof_predictions_sha256:faa38c9f6c381ebcabe5ddf5543095cd9d4e3ef5cb0479a30f7b91446eca8377,,backend_candidate_not_final_identity; scores_not_cross_backend_probabilities
celltypepilot.backend-candidates.v1,1::3,popv,reference_ensemble,reference_ensemble,decision_candidate,dendritic cell,Dendritic cell,,CL:0000451,canonical_or_alias,True,0.0011507479861910242,within_backend_cluster_top1_vote_fraction_not_probability,10,oof_predictions_sha256:faa38c9f6c381ebcabe5ddf5543095cd9d4e3ef5cb0479a30f7b91446eca8377,,backend_candidate_not_final_identity; scores_not_cross_backend_probabilities
celltypepilot.backend-candidates.v1,1::3,singler,reference_correlation,reference_correlation,decision_candidate,natural killer cell,NK cell,,CL:0000623,canonical_or_alias,True,0.8032220943613348,within_backend_cluster_top1_vote_fraction_not_probability,1,oof_predictions_sha256:faa38c9f6c381ebcabe5ddf5543095cd9d4e3ef5cb0479a30f7b91446eca8377,,backend_candidate_not_final_identity; scores_not_cross_backend_probabilities
celltypepilot.backend-candidates.v1,1::3,singler,reference_correlation,reference_correlation,decision_candidate,"naive thymus-derived CD4-positive, alpha-beta T cell","naive thymus-derived CD4-positive, alpha-beta T cell",,,unresolved,False,0.07825086306098965,within_backend_cluster_top1_vote_fraction_not_probability,2,oof_predictions_sha256:faa38c9f6c381ebcabe5ddf5543095cd9d4e3ef5cb0479a30f7b91446eca8377,,backend_candidate_not_final_identity; scores_not_cross_backend_probabilities
celltypepilot.backend-candidates.v1,1::3,singler,reference_correlation,reference_correlation,decision_candidate,mature NK T cell,T cell,,CL:0000084,explicit_safe_parent_fallback,True,0.024165707710011506,within_backend_cluster_top1_vote_fraction_not_probability,3,oof_predictions_sha256:faa38c9f6c381ebcabe5ddf5543095cd9d4e3ef5cb0479a30f7b91446eca8377,,backend_candidate_not_final_identity; scores_not_cross_backend_probabilities
celltypepilot.backend-candidates.v1,1::3,singler,reference_correlation,reference_correlation,decision_candidate,myeloid leukocyte,myeloid leukocyte,,,unresolved,False,0.023014959723820484,within_backend_cluster_top1_vote_fraction_not_probability,4,oof_predictions_sha256:faa38c9f6c381ebcabe5ddf5543095cd9d4e3ef5cb0479a30f7b91446eca8377,,backend_candidate_not_final_identity; scores_not_cross_backend_probabilities
celltypepilot.backend-candidates.v1,1::3,singler,reference_correlation,reference_correlation,decision_candidate,alveolar macrophage,Alveolar macrophage,,CL:0000583,canonical_or_alias,True,0.019562715765247412,within_backend_cluster_top1_vote_fraction_not_probability,5,oof_predictions_sha256:faa38c9f6c381ebcabe5ddf5543095cd9d4e3ef5cb0479a30f7b91446eca8377,,backend_candidate_not_final_identity; scores_not_cross_backend_probabilities
celltypepilot.backend-candidates.v1,1::3,singler,reference_correlation,reference_correlation,decision_candidate,"naive thymus-derived CD8-positive, alpha-beta T cell","naive thymus-derived CD8-positive, alpha-beta T cell",,,unresolved,False,0.012658227848101266,within_backend_cluster_top1_vote_fraction_not_probability,6,oof_predictions_sha256:faa38c9f6c381ebcabe5ddf5543095cd9d4e3ef5cb0479a30f7b91446eca8377,,backend_candidate_not_final_identity; scores_not_cross_backend_probabilities
celltypepilot.backend-candidates.v1,1::3,singler,reference_correlation,reference_correlation,decision_candidate,CD1c-positive myeloid dendritic cell,cDC2,,CL:0002399,canonical_or_alias,True,0.009205983889528193,within_backend_cluster_top1_vote_fraction_not_probability,7,oof_predictions_sha256:faa38c9f6c381ebcabe5ddf5543095cd9d4e3ef5cb0479a30f7b91446eca8377,,backend_candidate_not_final_identity; scores_not_cross_backend_probabilities
celltypepilot.backend-candidates.v1,1::3,singler,reference_correlation,reference_correlation,decision_candidate,lymphocyte,lymphocyte,,,unresolved,False,0.009205983889528193,within_backend_cluster_top1_vote_fraction_not_probability,8,oof_predictions_sha256:faa38c9f6c381ebcabe5ddf5543095cd9d4e3ef5cb0479a30f7b91446eca8377,,backend_candidate_not_final_identity; scores_not_cross_backend_probabilities
celltypepilot.backend-candidates.v1,1::3,singler,reference_correlation,reference_correlation,decision_candidate,"plasmacytoid dendritic cell, human",pDC,,CL:0000784,canonical_or_alias,True,0.005753739930955121,within_backend_cluster_top1_vote_fraction_not_probability,9,oof_predictions_sha256:faa38c9f6c381ebcabe5ddf5543095cd9d4e3ef5cb0479a30f7b91446eca8377,,backend_candidate_not_final_identity; scores_not_cross_backend_probabilities
celltypepilot.backend-candidates.v1,1::3,singler,reference_correlation,reference_correlation,decision_candidate,B cell,B cell,,CL:0000236,canonical_or_alias,True,0.004602991944764097,within_backend_cluster_top1_vote_fraction_not_probability,10,oof_predictions_sha256:faa38c9f6c381ebcabe5ddf5543095cd9d4e3ef5cb0479a30f7b91446eca8377,,backend_candidate_not_final_identity; scores_not_cross_backend_probabilities
celltypepilot.backend-candidates.v1,1::3,singler,reference_correlation,reference_correlation,decision_candidate,Unknown,Unknown,,,unresolved,False,0.004602991944764097,within_backend_cluster_top1_vote_fraction_not_probability,11,oof_predictions_sha256:faa38c9f6c381ebcabe5ddf5543095cd9d4e3ef5cb0479a30f7b91446eca8377,,backend_candidate_not_final_identity; scores_not_cross_backend_probabilities
celltypepilot.backend-candidates.v1,1::3,singler,reference_correlation,reference_correlation,decision_candidate,plasma cell,Plasma cell,,CL:0000786,canonical_or_alias,True,0.0023014959723820483,within_backend_cluster_top1_vote_fraction_not_probability,12,oof_predictions_sha256:faa38c9f6c381ebcabe5ddf5543095cd9d4e3ef5cb0479a30f7b91446eca8377,,backend_candidate_not_final_identity; scores_not_cross_backend_probabilities
celltypepilot.backend-candidates.v1,1::3,singler,reference_correlation,reference_correlation,decision_candidate,basal cell,Basal cell,,CL:0002633,canonical_or_alias,True,0.0011507479861910242,within_backend_cluster_top1_vote_fraction_not_probability,13,oof_predictions_sha256:faa38c9f6c381ebcabe5ddf5543095cd9d4e3ef5cb0479a30f7b91446eca8377,,backend_candidate_not_final_identity; scores_not_cross_backend_probabilities
celltypepilot.backend-candidates.v1,1::3,singler,reference_correlation,reference_correlation,decision_candidate,dendritic cell,Dendritic cell,,CL:0000451,canonical_or_alias,True,0.0011507479861910242,within_backend_cluster_top1_vote_fraction_not_probability,14,oof_predictions_sha256:faa38c9f6c381ebcabe5ddf5543095cd9d4e3ef5cb0479a30f7b91446eca8377,,backend_candidate_not_final_identity; scores_not_cross_backend_probabilities
celltypepilot.backend-candidates.v1,1::3,singler,reference_correlation,reference_correlation,decision_candidate,non-classical monocyte,Non-classical monocyte,,CL:0000875,canonical_or_alias,True,0.0011507479861910242,within_backend_cluster_top1_vote_fraction_not_probability,15,oof_predictions_sha256:faa38c9f6c381ebcabe5ddf5543095cd9d4e3ef5cb0479a30f7b91446eca8377,,backend_candidate_not_final_identity; scores_not_cross_backend_probabilities
celltypepilot.backend-candidates.v1,1::4,celltypist,reference_linear,reference_linear,decision_candidate,bronchial smooth muscle cell,Bronchial smooth muscle cell,,CL:0002598,canonical_or_alias,True,0.46321070234113715,within_backend_cluster_top1_vote_fraction_not_probability,1,oof_predictions_sha256:faa38c9f6c381ebcabe5ddf5543095cd9d4e3ef5cb0479a30f7b91446eca8377,,backend_candidate_not_final_identity; scores_not_cross_backend_probabilities
celltypepilot.backend-candidates.v1,1::4,celltypist,reference_linear,reference_linear,decision_candidate,fibroblast,Fibroblast,,CL:0000057,canonical_or_alias,True,0.25585284280936454,within_backend_cluster_top1_vote_fraction_not_probability,2,oof_predictions_sha256:faa38c9f6c381ebcabe5ddf5543095cd9d4e3ef5cb0479a30f7b91446eca8377,,backend_candidate_not_final_identity; scores_not_cross_backend_probabilities
celltypepilot.backend-candidates.v1,1::4,celltypist,reference_linear,reference_linear,decision_candidate,pericyte,Pericyte,,CL:0000669,canonical_or_alias,True,0.2391304347826087,within_backend_cluster_top1_vote_fraction_not_probability,3,oof_predictions_sha256:faa38c9f6c381ebcabe5ddf5543095cd9d4e3ef5cb0479a30f7b91446eca8377,,backend_candidate_not_final_identity; scores_not_cross_backend_probabilities
celltypepilot.backend-candidates.v1,1::4,celltypist,reference_linear,reference_linear,decision_candidate,vascular associated smooth muscle cell,vascular associated smooth muscle cell,,,unresolved,False,0.01839464882943144,within_backend_cluster_top1_vote_fraction_not_probability,4,oof_predictions_sha256:faa38c9f6c381ebcabe5ddf5543095cd9d4e3ef5cb0479a30f7b91446eca8377,,backend_candidate_not_final_identity; scores_not_cross_backend_probabilities
celltypepilot.backend-candidates.v1,1::4,celltypist,reference_linear,reference_linear,decision_candidate,myofibroblast cell,myofibroblast cell,,,unresolved,False,0.016722408026755852,within_backend_cluster_top1_vote_fraction_not_probability,5,oof_predictions_sha256:faa38c9f6c381ebcabe5ddf5543095cd9d4e3ef5cb0479a30f7b91446eca8377,,backend_candidate_not_final_identity; scores_not_cross_backend_probabilities
celltypepilot.backend-candidates.v1,1::4,celltypist,reference_linear,reference_linear,decision_candidate,endothelial cell of lymphatic vessel,Endothelial cell,,CL:0000115,explicit_safe_parent_fallback,True,0.005016722408026756,within_backend_cluster_top1_vote_fraction_not_probability,6,oof_predictions_sha256:faa38c9f6c381ebcabe5ddf5543095cd9d4e3ef5cb0479a30f7b91446eca8377,,backend_candidate_not_final_identity; scores_not_cross_backend_probabilities
celltypepilot.backend-candidates.v1,1::4,celltypist,reference_linear,reference_linear,decision_candidate,pulmonary alveolar type 1 cell,Alveolar type 1 cell,,CL:0002062,canonical_or_alias,True,0.0016722408026755853,within_backend_cluster_top1_vote_fraction_not_probability,7,oof_predictions_sha256:faa38c9f6c381ebcabe5ddf5543095cd9d4e3ef5cb0479a30f7b91446eca8377,,backend_candidate_not_final_identity; scores_not_cross_backend_probabilities
celltypepilot.backend-candidates.v1,1::4,popv,reference_ensemble,reference_ensemble,decision_candidate,bronchial smooth muscle cell,Bronchial smooth muscle cell,,CL:0002598,canonical_or_alias,True,0.4414715719063545,within_backend_cluster_top1_vote_fraction_not_probability,1,oof_predictions_sha256:faa38c9f6c381ebcabe5ddf5543095cd9d4e3ef5cb0479a30f7b91446eca8377,,backend_candidate_not_final_identity; scores_not_cross_backend_probabilities
celltypepilot.backend-candidates.v1,1::4,popv,reference_ensemble,reference_ensemble,decision_candidate,fibroblast,Fibroblast,,CL:0000057,canonical_or_alias,True,0.24247491638795987,within_backend_cluster_top1_vote_fraction_not_probability,2,oof_predictions_sha256:faa38c9f6c381ebcabe5ddf5543095cd9d4e3ef5cb0479a30f7b91446eca8377,,backend_candidate_not_final_identity; scores_not_cross_backend_probabilities
celltypepilot.backend-candidates.v1,1::4,popv,reference_ensemble,reference_ensemble,decision_candidate,pericyte,Pericyte,,CL:0000669,canonical_or_alias,True,0.24247491638795987,within_backend_cluster_top1_vote_fraction_not_probability,3,oof_predictions_sha256:faa38c9f6c381ebcabe5ddf5543095cd9d4e3ef5cb0479a30f7b91446eca8377,,backend_candidate_not_final_identity; scores_not_cross_backend_probabilities
celltypepilot.backend-candidates.v1,1::4,popv,reference_ensemble,reference_ensemble,decision_candidate,vascular associated smooth muscle cell,vascular associated smooth muscle cell,,,unresolved,False,0.043478260869565216,within_backend_cluster_top1_vote_fraction_not_probability,4,oof_predictions_sha256:faa38c9f6c381ebcabe5ddf5543095cd9d4e3ef5cb0479a30f7b91446eca8377,,backend_candidate_not_final_identity; scores_not_cross_backend_probabilities
celltypepilot.backend-candidates.v1,1::4,popv,reference_ensemble,reference_ensemble,decision_candidate,myofibroblast cell,myofibroblast cell,,,unresolved,False,0.023411371237458192,within_backend_cluster_top1_vote_fraction_not_probability,5,oof_predictions_sha256:faa38c9f6c381ebcabe5ddf5543095cd9d4e3ef5cb0479a30f7b91446eca8377,,backend_candidate_not_final_identity; scores_not_cross_backend_probabilities
celltypepilot.backend-candidates.v1,1::4,popv,reference_ensemble,reference_ensemble,decision_candidate,endothelial cell of lymphatic vessel,Endothelial cell,,CL:0000115,explicit_safe_parent_fallback,True,0.005016722408026756,within_backend_cluster_top1_vote_fraction_not_probability,6,oof_predictions_sha256:faa38c9f6c381ebcabe5ddf5543095cd9d4e3ef5cb0479a30f7b91446eca8377,,backend_candidate_not_final_identity; scores_not_cross_backend_probabilities
celltypepilot.backend-candidates.v1,1::4,popv,reference_ensemble,reference_ensemble,decision_candidate,pulmonary alveolar type 1 cell,Alveolar type 1 cell,,CL:0002062,canonical_or_alias,True,0.0016722408026755853,within_backend_cluster_top1_vote_fraction_not_probability,7,oof_predictions_sha256:faa38c9f6c381ebcabe5ddf5543095cd9d4e3ef5cb0479a30f7b91446eca8377,,backend_candidate_not_final_identity; scores_not_cross_backend_probabilities
celltypepilot.backend-candidates.v1,1::4,singler,reference_correlation,reference_correlation,decision_candidate,bronchial smooth muscle cell,Bronchial smooth muscle cell,,CL:0002598,canonical_or_alias,True,0.46153846153846156,within_backend_cluster_top1_vote_fraction_not_probability,1,oof_predictions_sha256:faa38c9f6c381ebcabe5ddf5543095cd9d4e3ef5cb0479a30f7b91446eca8377,,backend_candidate_not_final_identity; scores_not_cross_backend_probabilities
celltypepilot.backend-candidates.v1,1::4,singler,reference_correlation,reference_correlation,decision_candidate,fibroblast,Fibroblast,,CL:0000057,canonical_or_alias,True,0.22073578595317725,within_backend_cluster_top1_vote_fraction_not_probability,2,oof_predictions_sha256:faa38c9f6c381ebcabe5ddf5543095cd9d4e3ef5cb0479a30f7b91446eca8377,,backend_candidate_not_final_identity; scores_not_cross_backend_probabilities
celltypepilot.backend-candidates.v1,1::4,singler,reference_correlation,reference_correlation,decision_candidate,vascular associated smooth muscle cell,vascular associated smooth muscle cell,,,unresolved,False,0.14214046822742474,within_backend_cluster_top1_vote_fraction_not_probability,3,oof_predictions_sha256:faa38c9f6c381ebcabe5ddf5543095cd9d4e3ef5cb0479a30f7b91446eca8377,,backend_candidate_not_final_identity; scores_not_cross_backend_probabilities
celltypepilot.backend-candidates.v1,1::4,singler,reference_correlation,reference_correlation,decision_candidate,pericyte,Pericyte,,CL:0000669,canonical_or_alias,True,0.12040133779264214,within_backend_cluster_top1_vote_fraction_not_probability,4,oof_predictions_sha256:faa38c9f6c381ebcabe5ddf5543095cd9d4e3ef5cb0479a30f7b91446eca8377,,backend_candidate_not_final_identity; scores_not_cross_backend_probabilities
celltypepilot.backend-candidates.v1,1::4,singler,reference_correlation,reference_correlation,decision_candidate,myofibroblast cell,myofibroblast cell,,,unresolved,False,0.043478260869565216,within_backend_cluster_top1_vote_fraction_not_probability,5,oof_predictions_sha256:faa38c9f6c381ebcabe5ddf5543095cd9d4e3ef5cb0479a30f7b91446eca8377,,backend_candidate_not_final_identity; scores_not_cross_backend_probabilities
celltypepilot.backend-candidates.v1,1::4,singler,reference_correlation,reference_correlation,decision_candidate,Unknown,Unknown,,,unresolved,False,0.005016722408026756,within_backend_cluster_top1_vote_fraction_not_probability,6,oof_predictions_sha256:faa38c9f6c381ebcabe5ddf5543095cd9d4e3ef5cb0479a30f7b91446eca8377,,backend_candidate_not_final_identity; scores_not_cross_backend_probabilities
celltypepilot.backend-candidates.v1,1::4,singler,reference_correlation,reference_correlation,decision_candidate,endothelial cell of lymphatic vessel,Endothelial cell,,CL:0000115,explicit_safe_parent_fallback,True,0.005016722408026756,within_backend_cluster_top1_vote_fraction_not_probability,7,oof_predictions_sha256:faa38c9f6c381ebcabe5ddf5543095cd9d4e3ef5cb0479a30f7b91446eca8377,,backend_candidate_not_final_identity; scores_not_cross_backend_probabilities
celltypepilot.backend-candidates.v1,1::4,singler,reference_correlation,reference_correlation,decision_candidate,pulmonary alveolar type 1 cell,Alveolar type 1 cell,,CL:0002062,canonical_or_alias,True,0.0016722408026755853,within_backend_cluster_top1_vote_fraction_not_probability,8,oof_predictions_sha256:faa38c9f6c381ebcabe5ddf5543095cd9d4e3ef5cb0479a30f7b91446eca8377,,backend_candidate_not_final_identity; scores_not_cross_backend_probabilities
celltypepilot.backend-candidates.v1,1::5,celltypist,reference_linear,reference_linear,decision_candidate,club cell,Club cell,,CL:0000158,canonical_or_alias,True,0.46421663442940037,within_backend_cluster_top1_vote_fraction_not_probability,1,oof_predictions_sha256:faa38c9f6c381ebcabe5ddf5543095cd9d4e3ef5cb0479a30f7b91446eca8377,,backend_candidate_not_final_identity; scores_not_cross_backend_probabilities
celltypepilot.backend-candidates.v1,1::5,celltypist,reference_linear,reference_linear,decision_candidate,pulmonary alveolar type 2 cell,Alveolar type 2 cell,,CL:0002063,canonical_or_alias,True,0.2495164410058027,within_backend_cluster_top1_vote_fraction_not_probability,2,oof_predictions_sha256:faa38c9f6c381ebcabe5ddf5543095cd9d4e3ef5cb0479a30f7b91446eca8377,,backend_candidate_not_final_identity; scores_not_cross_backend_probabilities
celltypepilot.backend-candidates.v1,1::5,celltypist,reference_linear,reference_linear,decision_candidate,pulmonary alveolar type 1 cell,Alveolar type 1 cell,,CL:0002062,canonical_or_alias,True,0.11992263056092843,within_backend_cluster_top1_vote_fraction_not_probability,3,oof_predictions_sha256:faa38c9f6c381ebcabe5ddf5543095cd9d4e3ef5cb0479a30f7b91446eca8377,,backend_candidate_not_final_identity; scores_not_cross_backend_probabilities
celltypepilot.backend-candidates.v1,1::5,celltypist,reference_linear,reference_linear,decision_candidate,lung multiciliated epithelial cell,Ciliated cell,,CL:0002145,canonical_or_alias,True,0.09864603481624758,within_backend_cluster_top1_vote_fraction_not_probability,4,oof_predictions_sha256:faa38c9f6c381ebcabe5ddf5543095cd9d4e3ef5cb0479a30f7b91446eca8377,,backend_candidate_not_final_identity; scores_not_cross_backend_probabilities
celltypepilot.backend-candidates.v1,1::5,celltypist,reference_linear,reference_linear,decision_candidate,pulmonary neuroendocrine cell,pulmonary neuroendocrine cell,,,unresolved,False,0.03868471953578337,within_backend_cluster_top1_vote_fraction_not_probability,5,oof_predictions_sha256:faa38c9f6c381ebcabe5ddf5543095cd9d4e3ef5cb0479a30f7b91446eca8377,,backend_candidate_not_final_identity; scores_not_cross_backend_probabilities
celltypepilot.backend-candidates.v1,1::5,celltypist,reference_linear,reference_linear,decision_candidate,respiratory basal cell,Basal cell,,CL:0002633,canonical_or_alias,True,0.017408123791102514,within_backend_cluster_top1_vote_fraction_not_probability,6,oof_predictions_sha256:faa38c9f6c381ebcabe5ddf5543095cd9d4e3ef5cb0479a30f7b91446eca8377,,backend_candidate_not_final_identity; scores_not_cross_backend_probabilities
celltypepilot.backend-candidates.v1,1::5,celltypist,reference_linear,reference_linear,decision_candidate,lymphocyte,lymphocyte,,,unresolved,False,0.0038684719535783366,within_backend_cluster_top1_vote_fraction_not_probability,7,oof_predictions_sha256:faa38c9f6c381ebcabe5ddf5543095cd9d4e3ef5cb0479a30f7b91446eca8377,,backend_candidate_not_final_identity; scores_not_cross_backend_probabilities
celltypepilot.backend-candidates.v1,1::5,celltypist,reference_linear,reference_linear,decision_candidate,pericyte,Pericyte,,CL:0000669,canonical_or_alias,True,0.0038684719535783366,within_backend_cluster_top1_vote_fraction_not_probability,8,oof_predictions_sha256:faa38c9f6c381ebcabe5ddf5543095cd9d4e3ef5cb0479a30f7b91446eca8377,,backend_candidate_not_final_identity; scores_not_cross_backend_probabilities
celltypepilot.backend-candidates.v1,1::5,celltypist,reference_linear,reference_linear,decision_candidate,endothelial cell,Endothelial cell,,CL:0000115,canonical_or_alias,True,0.0019342359767891683,within_backend_cluster_top1_vote_fraction_not_probability,9,oof_predictions_sha256:faa38c9f6c381ebcabe5ddf5543095cd9d4e3ef5cb0479a30f7b91446eca8377,,backend_candidate_not_final_identity; scores_not_cross_backend_probabilities
celltypepilot.backend-candidates.v1,1::5,celltypist,reference_linear,reference_linear,decision_candidate,lung goblet cell,Goblet cell,,CL:0002370,canonical_or_alias,True,0.0019342359767891683,within_backend_cluster_top1_vote_fraction_not_probability,10,oof_predictions_sha256:faa38c9f6c381ebcabe5ddf5543095cd9d4e3ef5cb0479a30f7b91446eca8377,,backend_candidate_not_final_identity; scores_not_cross_backend_probabilities
celltypepilot.backend-candidates.v1,1::5,popv,reference_ensemble,reference_ensemble,decision_candidate,club cell,Club cell,,CL:0000158,canonical_or_alias,True,0.4874274661508704,within_backend_cluster_top1_vote_fraction_not_probability,1,oof_predictions_sha256:faa38c9f6c381ebcabe5ddf5543095cd9d4e3ef5cb0479a30f7b91446eca8377,,backend_candidate_not_final_identity; scores_not_cross_backend_probabilities
celltypepilot.backend-candidates.v1,1::5,popv,reference_ensemble,reference_ensemble,decision_candidate,pulmonary alveolar type 2 cell,Alveolar type 2 cell,,CL:0002063,canonical_or_alias,True,0.21663442940038685,within_backend_cluster_top1_vote_fraction_not_probability,2,oof_predictions_sha256:faa38c9f6c381ebcabe5ddf5543095cd9d4e3ef5cb0479a30f7b91446eca8377,,backend_candidate_not_final_identity; scores_not_cross_backend_probabilities
celltypepilot.backend-candidates.v1,1::5,popv,reference_ensemble,reference_ensemble,decision_candidate,pulmonary alveolar type 1 cell,Alveolar type 1 cell,,CL:0002062,canonical_or_alias,True,0.1102514506769826,within_backend_cluster_top1_vote_fraction_not_probability,3,oof_predictions_sha256:faa38c9f6c381ebcabe5ddf5543095cd9d4e3ef5cb0479a30f7b91446eca8377,,backend_candidate_not_final_identity; scores_not_cross_backend_probabilities
celltypepilot.backend-candidates.v1,1::5,popv,reference_ensemble,reference_ensemble,decision_candidate,lung multiciliated epithelial cell,Ciliated cell,,CL:0002145,canonical_or_alias,True,0.09284332688588008,within_backend_cluster_top1_vote_fraction_not_probability,4,oof_predictions_sha256:faa38c9f6c381ebcabe5ddf5543095cd9d4e3ef5cb0479a30f7b91446eca8377,,backend_candidate_not_final_identity; scores_not_cross_backend_probabilities
celltypepilot.backend-candidates.v1,1::5,popv,reference_ensemble,reference_ensemble,decision_candidate,pulmonary neuroendocrine cell,pulmonary neuroendocrine cell,,,unresolved,False,0.048355899419729204,within_backend_cluster_top1_vote_fraction_not_probability,5,oof_predictions_sha256:faa38c9f6c381ebcabe5ddf5543095cd9d4e3ef5cb0479a30f7b91446eca8377,,backend_candidate_not_final_identity; scores_not_cross_backend_probabilities
celltypepilot.backend-candidates.v1,1::5,popv,reference_ensemble,reference_ensemble,decision_candidate,epithelial cell,Epithelial cell,,CL:0000066,canonical_or_alias,True,0.019342359767891684,within_backend_cluster_top1_vote_fraction_not_probability,6,oof_predictions_sha256:faa38c9f6c381ebcabe5ddf5543095cd9d4e3ef5cb0479a30f7b91446eca8377,,backend_candidate_not_final_identity; scores_not_cross_backend_probabilities
celltypepilot.backend-candidates.v1,1::5,popv,reference_ensemble,reference_ensemble,decision_candidate,respiratory basal cell,Basal cell,,CL:0002633,canonical_or_alias,True,0.017408123791102514,within_backend_cluster_top1_vote_fraction_not_probability,7,oof_predictions_sha256:faa38c9f6c381ebcabe5ddf5543095cd9d4e3ef5cb0479a30f7b91446eca8377,,backend_candidate_not_final_identity; scores_not_cross_backend_probabilities
celltypepilot.backend-candidates.v1,1::5,popv,reference_ensemble,reference_ensemble,decision_candidate,neutrophil,neutrophil,,,unresolved,False,0.005802707930367505,within_backend_cluster_top1_vote_fraction_not_probability,8,oof_predictions_sha256:faa38c9f6c381ebcabe5ddf5543095cd9d4e3ef5cb0479a30f7b91446eca8377,,backend_candidate_not_final_identity; scores_not_cross_backend_probabilities
celltypepilot.backend-candidates.v1,1::5,popv,reference_ensemble,reference_ensemble,decision_candidate,alveolar macrophage,Alveolar macrophage,,CL:0000583,canonical_or_alias,True,0.0019342359767891683,within_backend_cluster_top1_vote_fraction_not_probability,9,oof_predictions_sha256:faa38c9f6c381ebcabe5ddf5543095cd9d4e3ef5cb0479a30f7b91446eca8377,,backend_candidate_not_final_identity; scores_not_cross_backend_probabilities
celltypepilot.backend-candidates.v1,1::5,singler,reference_correlation,reference_correlation,decision_candidate,club cell,Club cell,,CL:0000158,canonical_or_alias,True,0.40038684719535783,within_backend_cluster_top1_vote_fraction_not_probability,1,oof_predictions_sha256:faa38c9f6c381ebcabe5ddf5543095cd9d4e3ef5cb0479a30f7b91446eca8377,,backend_candidate_not_final_identity; scores_not_cross_backend_probabilities
celltypepilot.backend-candidates.v1,1::5,singler,reference_correlation,reference_correlation,decision_candidate,epithelial cell,Epithelial cell,,CL:0000066,canonical_or_alias,True,0.1895551257253385,within_backend_cluster_top1_vote_fraction_not_probability,2,oof_predictions_sha256:faa38c9f6c381ebcabe5ddf5543095cd9d4e3ef5cb0479a30f7b91446eca8377,,backend_candidate_not_final_identity; scores_not_cross_backend_probabilities
celltypepilot.backend-candidates.v1,1::5,singler,reference_correlation,reference_correlation,decision_candidate,pulmonary alveolar type 2 cell,Alveolar type 2 cell,,CL:0002063,canonical_or_alias,True,0.11605415860735009,within_backend_cluster_top1_vote_fraction_not_probability,3,oof_predictions_sha256:faa38c9f6c381ebcabe5ddf5543095cd9d4e3ef5cb0479a30f7b91446eca8377,,backend_candidate_not_final_identity; scores_not_cross_backend_probabilities
celltypepilot.backend-candidates.v1,1::5,singler,reference_correlation,reference_correlation,decision_candidate,pulmonary alveolar type 1 cell,Alveolar type 1 cell,,CL:0002062,canonical_or_alias,True,0.1102514506769826,within_backend_cluster_top1_vote_fraction_not_probability,4,oof_predictions_sha256:faa38c9f6c381ebcabe5ddf5543095cd9d4e3ef5cb0479a30f7b91446eca8377,,backend_candidate_not_final_identity; scores_not_cross_backend_probabilities
celltypepilot.backend-candidates.v1,1::5,singler,reference_correlation,reference_correlation,decision_candidate,lung multiciliated epithelial cell,Ciliated cell,,CL:0002145,canonical_or_alias,True,0.09284332688588008,within_backend_cluster_top1_vote_fraction_not_probability,5,oof_predictions_sha256:faa38c9f6c381ebcabe5ddf5543095cd9d4e3ef5cb0479a30f7b91446eca8377,,backend_candidate_not_final_identity; scores_not_cross_backend_probabilities
celltypepilot.backend-candidates.v1,1::5,singler,reference_correlation,reference_correlation,decision_candidate,pulmonary neuroendocrine cell,pulmonary neuroendocrine cell,,,unresolved,False,0.05029013539651837,within_backend_cluster_top1_vote_fraction_not_probability,6,oof_predictions_sha256:faa38c9f6c381ebcabe5ddf5543095cd9d4e3ef5cb0479a30f7b91446eca8377,,backend_candidate_not_final_identity; scores_not_cross_backend_probabilities
celltypepilot.backend-candidates.v1,1::5,singler,reference_correlation,reference_correlation,decision_candidate,Unknown,Unknown,,,unresolved,False,0.017408123791102514,within_backend_cluster_top1_vote_fraction_not_probability,7,oof_predictions_sha256:faa38c9f6c381ebcabe5ddf5543095cd9d4e3ef5cb0479a30f7b91446eca8377,,backend_candidate_not_final_identity; scores_not_cross_backend_probabilities
celltypepilot.backend-candidates.v1,1::5,singler,reference_correlation,reference_correlation,decision_candidate,respiratory basal cell,Basal cell,,CL:0002633,canonical_or_alias,True,0.017408123791102514,within_backend_cluster_top1_vote_fraction_not_probability,8,oof_predictions_sha256:faa38c9f6c381ebcabe5ddf5543095cd9d4e3ef5cb0479a30f7b91446eca8377,,backend_candidate_not_final_identity; scores_not_cross_backend_probabilities
celltypepilot.backend-candidates.v1,1::5,singler,reference_correlation,reference_correlation,decision_candidate,lung goblet cell,Goblet cell,,CL:0002370,canonical_or_alias,True,0.0038684719535783366,within_backend_cluster_top1_vote_fraction_not_probability,9,oof_predictions_sha256:faa38c9f6c381ebcabe5ddf5543095cd9d4e3ef5cb0479a30f7b91446eca8377,,backend_candidate_not_final_identity; scores_not_cross_backend_probabilities
celltypepilot.backend-candidates.v1,1::5,singler,reference_correlation,reference_correlation,decision_candidate,basal cell,Basal cell,,CL:0002633,canonical_or_alias,True,0.0019342359767891683,within_backend_cluster_top1_vote_fraction_not_probability,10,oof_predictions_sha256:faa38c9f6c381ebcabe5ddf5543095cd9d4e3ef5cb0479a30f7b91446eca8377,,backend_candidate_not_final_identity; scores_not_cross_backend_probabilities
celltypepilot.backend-candidates.v1,2::0,celltypist,reference_linear,reference_linear,decision_candidate,endothelial cell,Endothelial cell,,CL:0000115,canonical_or_alias,True,0.6949152542372882,within_backend_cluster_top1_vote_fraction_not_probability,1,oof_predictions_sha256:faa38c9f6c381ebcabe5ddf5543095cd9d4e3ef5cb0479a30f7b91446eca8377,,backend_candidate_not_final_identity; scores_not_cross_backend_probabilities
celltypepilot.backend-candidates.v1,2::0,celltypist,reference_linear,reference_linear,decision_candidate,capillary endothelial cell,Capillary endothelial cell,,CL:0002144,canonical_or_alias,True,0.2711864406779661,within_backend_cluster_top1_vote_fraction_not_probability,2,oof_predictions_sha256:faa38c9f6c381ebcabe5ddf5543095cd9d4e3ef5cb0479a30f7b91446eca8377,,backend_candidate_not_final_identity; scores_not_cross_backend_probabilities
celltypepilot.backend-candidates.v1,2::0,celltypist,reference_linear,reference_linear,decision_candidate,endothelial cell of lymphatic vessel,Endothelial cell,,CL:0000115,explicit_safe_parent_fallback,True,0.01694915254237288,within_backend_cluster_top1_vote_fraction_not_probability,3,oof_predictions_sha256:faa38c9f6c381ebcabe5ddf5543095cd9d4e3ef5cb0479a30f7b91446eca8377,,backend_candidate_not_final_identity; scores_not_cross_backend_probabilities
celltypepilot.backend-candidates.v1,2::0,celltypist,reference_linear,reference_linear,decision_candidate,endothelial cell of artery,Endothelial cell,,CL:0000115,explicit_safe_parent_fallback,True,0.010169491525423728,within_backend_cluster_top1_vote_fraction_not_probability,4,oof_predictions_sha256:faa38c9f6c381ebcabe5ddf5543095cd9d4e3ef5cb0479a30f7b91446eca8377,,backend_candidate_not_final_identity; scores_not_cross_backend_probabilities
celltypepilot.backend-candidates.v1,2::0,celltypist,reference_linear,reference_linear,decision_candidate,natural killer cell,NK cell,,CL:0000623,canonical_or_alias,True,0.003389830508474576,within_backend_cluster_top1_vote_fraction_not_probability,5,oof_predictions_sha256:faa38c9f6c381ebcabe5ddf5543095cd9d4e3ef5cb0479a30f7b91446eca8377,,backend_candidate_not_final_identity; scores_not_cross_backend_probabilities
celltypepilot.backend-candidates.v1,2::0,celltypist,reference_linear,reference_linear,decision_candidate,classical monocyte,Classical monocyte,,CL:0000860,canonical_or_alias,True,0.001694915254237288,within_backend_cluster_top1_vote_fraction_not_probability,6,oof_predictions_sha256:faa38c9f6c381ebcabe5ddf5543095cd9d4e3ef5cb0479a30f7b91446eca8377,,backend_candidate_not_final_identity; scores_not_cross_backend_probabilities
celltypepilot.backend-candidates.v1,2::0,celltypist,reference_linear,reference_linear,decision_candidate,pericyte,Pericyte,,CL:0000669,canonical_or_alias,True,0.001694915254237288,within_backend_cluster_top1_vote_fraction_not_probability,7,oof_predictions_sha256:faa38c9f6c381ebcabe5ddf5543095cd9d4e3ef5cb0479a30f7b91446eca8377,,backend_candidate_not_final_identity; scores_not_cross_backend_probabilities
celltypepilot.backend-candidates.v1,2::0,popv,reference_ensemble,reference_ensemble,decision_candidate,endothelial cell,Endothelial cell,,CL:0000115,canonical_or_alias,True,0.6694915254237288,within_backend_cluster_top1_vote_fraction_not_probability,1,oof_predictions_sha256:faa38c9f6c381ebcabe5ddf5543095cd9d4e3ef5cb0479a30f7b91446eca8377,,backend_candidate_not_final_identity; scores_not_cross_backend_probabilities
celltypepilot.backend-candidates.v1,2::0,popv,reference_ensemble,reference_ensemble,decision_candidate,capillary endothelial cell,Capillary endothelial cell,,CL:0002144,canonical_or_alias,True,0.29491525423728815,within_backend_cluster_top1_vote_fraction_not_probability,2,oof_predictions_sha256:faa38c9f6c381ebcabe5ddf5543095cd9d4e3ef5cb0479a30f7b91446eca8377,,backend_candidate_not_final_identity; scores_not_cross_backend_probabilities
celltypepilot.backend-candidates.v1,2::0,popv,reference_ensemble,reference_ensemble,decision_candidate,endothelial cell of lymphatic vessel,Endothelial cell,,CL:0000115,explicit_safe_parent_fallback,True,0.01694915254237288,within_backend_cluster_top1_vote_fraction_not_probability,3,oof_predictions_sha256:faa38c9f6c381ebcabe5ddf5543095cd9d4e3ef5cb0479a30f7b91446eca8377,,backend_candidate_not_final_identity; scores_not_cross_backend_probabilities
celltypepilot.backend-candidates.v1,2::0,popv,reference_ensemble,reference_ensemble,decision_candidate,endothelial cell of artery,Endothelial cell,,CL:0000115,explicit_safe_parent_fallback,True,0.013559322033898305,within_backend_cluster_top1_vote_fraction_not_probability,4,oof_predictions_sha256:faa38c9f6c381ebcabe5ddf5543095cd9d4e3ef5cb0479a30f7b91446eca8377,,backend_candidate_not_final_identity; scores_not_cross_backend_probabilities
celltypepilot.backend-candidates.v1,2::0,popv,reference_ensemble,reference_ensemble,decision_candidate,classical monocyte,Classical monocyte,,CL:0000860,canonical_or_alias,True,0.005084745762711864,within_backend_cluster_top1_vote_fraction_not_probability,5,oof_predictions_sha256:faa38c9f6c381ebcabe5ddf5543095cd9d4e3ef5cb0479a30f7b91446eca8377,,backend_candidate_not_final_identity; scores_not_cross_backend_probabilities
celltypepilot.backend-candidates.v1,2::0,singler,reference_correlation,reference_correlation,decision_candidate,endothelial cell,Endothelial cell,,CL:0000115,canonical_or_alias,True,0.5966101694915255,within_backend_cluster_top1_vote_fraction_not_probability,1,oof_predictions_sha256:faa38c9f6c381ebcabe5ddf5543095cd9d4e3ef5cb0479a30f7b91446eca8377,,backend_candidate_not_final_identity; scores_not_cross_backend_probabilities
celltypepilot.backend-candidates.v1,2::0,singler,reference_correlation,reference_correlation,decision_candidate,capillary endothelial cell,Capillary endothelial cell,,CL:0002144,canonical_or_alias,True,0.3389830508474576,within_backend_cluster_top1_vote_fraction_not_probability,2,oof_predictions_sha256:faa38c9f6c381ebcabe5ddf5543095cd9d4e3ef5cb0479a30f7b91446eca8377,,backend_candidate_not_final_identity; scores_not_cross_backend_probabilities
celltypepilot.backend-candidates.v1,2::0,singler,reference_correlation,reference_correlation,decision_candidate,endothelial cell of artery,Endothelial cell,,CL:0000115,explicit_safe_parent_fallback,True,0.04576271186440678,within_backend_cluster_top1_vote_fraction_not_probability,3,oof_predictions_sha256:faa38c9f6c381ebcabe5ddf5543095cd9d4e3ef5cb0479a30f7b91446eca8377,,backend_candidate_not_final_identity; scores_not_cross_backend_probabilities
celltypepilot.backend-candidates.v1,2::0,singler,reference_correlation,reference_correlation,decision_candidate,endothelial cell of lymphatic vessel,Endothelial cell,,CL:0000115,explicit_safe_parent_fallback,True,0.015254237288135594,within_backend_cluster_top1_vote_fraction_not_probability,4,oof_predictions_sha256:faa38c9f6c381ebcabe5ddf5543095cd9d4e3ef5cb0479a30f7b91446eca8377,,backend_candidate_not_final_identity; scores_not_cross_backend_probabilities
celltypepilot.backend-candidates.v1,2::0,singler,reference_correlation,reference_correlation,decision_candidate,Unknown,Unknown,,,unresolved,False,0.001694915254237288,within_backend_cluster_top1_vote_fraction_not_probability,5,oof_predictions_sha256:faa38c9f6c381ebcabe5ddf5543095cd9d4e3ef5cb0479a30f7b91446eca8377,,backend_candidate_not_final_identity; scores_not_cross_backend_probabilities
celltypepilot.backend-candidates.v1,2::0,singler,reference_correlation,reference_correlation,decision_candidate,non-classical monocyte,Non-classical monocyte,,CL:0000875,canonical_or_alias,True,0.001694915254237288,within_backend_cluster_top1_vote_fraction_not_probability,6,oof_predictions_sha256:faa38c9f6c381ebcabe5ddf5543095cd9d4e3ef5cb0479a30f7b91446eca8377,,backend_candidate_not_final_identity; scores_not_cross_backend_probabilities
celltypepilot.backend-candidates.v1,2::1,celltypist,reference_linear,reference_linear,decision_candidate,lung multiciliated epithelial cell,Ciliated cell,,CL:0002145,canonical_or_alias,True,0.4892966360856269,within_backend_cluster_top1_vote_fraction_not_probability,1,oof_predictions_sha256:faa38c9f6c381ebcabe5ddf5543095cd9d4e3ef5cb0479a30f7b91446eca8377,,backend_candidate_not_final_identity; scores_not_cross_backend_probabilities
celltypepilot.backend-candidates.v1,2::1,celltypist,reference_linear,reference_linear,decision_candidate,club cell,Club cell,,CL:0000158,canonical_or_alias,True,0.40214067278287463,within_backend_cluster_top1_vote_fraction_not_probability,2,oof_predictions_sha256:faa38c9f6c381ebcabe5ddf5543095cd9d4e3ef5cb0479a30f7b91446eca8377,,backend_candidate_not_final_identity; scores_not_cross_backend_probabilities
celltypepilot.backend-candidates.v1,2::1,celltypist,reference_linear,reference_linear,decision_candidate,respiratory basal cell,Basal cell,,CL:0002633,canonical_or_alias,True,0.08103975535168195,within_backend_cluster_top1_vote_fraction_not_probability,3,oof_predictions_sha256:faa38c9f6c381ebcabe5ddf5543095cd9d4e3ef5cb0479a30f7b91446eca8377,,backend_candidate_not_final_identity; scores_not_cross_backend_probabilities
celltypepilot.backend-candidates.v1,2::1,celltypist,reference_linear,reference_linear,decision_candidate,classical monocyte,Classical monocyte,,CL:0000860,canonical_or_alias,True,0.009174311926605505,within_backend_cluster_top1_vote_fraction_not_probability,4,oof_predictions_sha256:faa38c9f6c381ebcabe5ddf5543095cd9d4e3ef5cb0479a30f7b91446eca8377,,backend_candidate_not_final_identity; scores_not_cross_backend_probabilities
celltypepilot.backend-candidates.v1,2::1,celltypist,reference_linear,reference_linear,decision_candidate,lung goblet cell,Goblet cell,,CL:0002370,canonical_or_alias,True,0.0061162079510703364,within_backend_cluster_top1_vote_fraction_not_probability,5,oof_predictions_sha256:faa38c9f6c381ebcabe5ddf5543095cd9d4e3ef5cb0479a30f7b91446eca8377,,backend_candidate_not_final_identity; scores_not_cross_backend_probabilities
celltypepilot.backend-candidates.v1,2::1,celltypist,reference_linear,reference_linear,decision_candidate,basal cell,Basal cell,,CL:0002633,canonical_or_alias,True,0.0030581039755351682,within_backend_cluster_top1_vote_fraction_not_probability,6,oof_predictions_sha256:faa38c9f6c381ebcabe5ddf5543095cd9d4e3ef5cb0479a30f7b91446eca8377,,backend_candidate_not_final_identity; scores_not_cross_backend_probabilities
celltypepilot.backend-candidates.v1,2::1,celltypist,reference_linear,reference_linear,decision_candidate,endothelial cell of lymphatic vessel,Endothelial cell,,CL:0000115,explicit_safe_parent_fallback,True,0.0030581039755351682,within_backend_cluster_top1_vote_fraction_not_probability,7,oof_predictions_sha256:faa38c9f6c381ebcabe5ddf5543095cd9d4e3ef5cb0479a30f7b91446eca8377,,backend_candidate_not_final_identity; scores_not_cross_backend_probabilities
celltypepilot.backend-candidates.v1,2::1,celltypist,reference_linear,reference_linear,decision_candidate,capillary endothelial cell,Capillary endothelial cell,,CL:0002144,canonical_or_alias,True,0.0015290519877675841,within_backend_cluster_top1_vote_fraction_not_probability,8,oof_predictions_sha256:faa38c9f6c381ebcabe5ddf5543095cd9d4e3ef5cb0479a30f7b91446eca8377,,backend_candidate_not_final_identity; scores_not_cross_backend_probabilities
celltypepilot.backend-candidates.v1,2::1,celltypist,reference_linear,reference_linear,decision_candidate,myeloid leukocyte,myeloid leukocyte,,,unresolved,False,0.0015290519877675841,within_backend_cluster_top1_vote_fraction_not_probability,9,oof_predictions_sha256:faa38c9f6c381ebcabe5ddf5543095cd9d4e3ef5cb0479a30f7b91446eca8377,,backend_candidate_not_final_identity; scores_not_cross_backend_probabilities
celltypepilot.backend-candidates.v1,2::1,celltypist,reference_linear,reference_linear,decision_candidate,non-classical monocyte,Non-classical monocyte,,CL:0000875,canonical_or_alias,True,0.0015290519877675841,within_backend_cluster_top1_vote_fraction_not_probability,10,oof_predictions_sha256:faa38c9f6c381ebcabe5ddf5543095cd9d4e3ef5cb0479a30f7b91446eca8377,,backend_candidate_not_final_identity; scores_not_cross_backend_probabilities
celltypepilot.backend-candidates.v1,2::1,celltypist,reference_linear,reference_linear,decision_candidate,pulmonary alveolar type 1 cell,Alveolar type 1 cell,,CL:0002062,canonical_or_alias,True,0.0015290519877675841,within_backend_cluster_top1_vote_fraction_not_probability,11,oof_predictions_sha256:faa38c9f6c381ebcabe5ddf5543095cd9d4e3ef5cb0479a30f7b91446eca8377,,backend_candidate_not_final_identity; scores_not_cross_backend_probabilities
celltypepilot.backend-candidates.v1,2::1,popv,reference_ensemble,reference_ensemble,decision_candidate,lung multiciliated epithelial cell,Ciliated cell,,CL:0002145,canonical_or_alias,True,0.4831804281345566,within_backend_cluster_top1_vote_fraction_not_probability,1,oof_predictions_sha256:faa38c9f6c381ebcabe5ddf5543095cd9d4e3ef5cb0479a30f7b91446eca8377,,backend_candidate_not_final_identity; scores_not_cross_backend_probabilities
celltypepilot.backend-candidates.v1,2::1,popv,reference_ensemble,reference_ensemble,decision_candidate,club cell,Club cell,,CL:0000158,canonical_or_alias,True,0.3409785932721712,within_backend_cluster_top1_vote_fraction_not_probability,2,oof_predictions_sha256:faa38c9f6c381ebcabe5ddf5543095cd9d4e3ef5cb0479a30f7b91446eca8377,,backend_candidate_not_final_identity; scores_not_cross_backend_probabilities
celltypepilot.backend-candidates.v1,2::1,popv,reference_ensemble,reference_ensemble,decision_candidate,respiratory basal cell,Basal cell,,CL:0002633,canonical_or_alias,True,0.0871559633027523,within_backend_cluster_top1_vote_fraction_not_probability,3,oof_predictions_sha256:faa38c9f6c381ebcabe5ddf5543095cd9d4e3ef5cb0479a30f7b91446eca8377,,backend_candidate_not_final_identity; scores_not_cross_backend_probabilities
celltypepilot.backend-candidates.v1,2::1,popv,reference_ensemble,reference_ensemble,decision_candidate,lung goblet cell,Goblet cell,,CL:0002370,canonical_or_alias,True,0.045871559633027525,within_backend_cluster_top1_vote_fraction_not_probability,4,oof_predictions_sha256:faa38c9f6c381ebcabe5ddf5543095cd9d4e3ef5cb0479a30f7b91446eca8377,,backend_candidate_not_final_identity; scores_not_cross_backend_probabilities
celltypepilot.backend-candidates.v1,2::1,popv,reference_ensemble,reference_ensemble,decision_candidate,basal cell,Basal cell,,CL:0002633,canonical_or_alias,True,0.022935779816513763,within_backend_cluster_top1_vote_fraction_not_probability,5,oof_predictions_sha256:faa38c9f6c381ebcabe5ddf5543095cd9d4e3ef5cb0479a30f7b91446eca8377,,backend_candidate_not_final_identity; scores_not_cross_backend_probabilities
celltypepilot.backend-candidates.v1,2::1,popv,reference_ensemble,reference_ensemble,decision_candidate,classical monocyte,Classical monocyte,,CL:0000860,canonical_or_alias,True,0.00764525993883792,within_backend_cluster_top1_vote_fraction_not_probability,6,oof_predictions_sha256:faa38c9f6c381ebcabe5ddf5543095cd9d4e3ef5cb0479a30f7b91446eca8377,,backend_candidate_not_final_identity; scores_not_cross_backend_probabilities
celltypepilot.backend-candidates.v1,2::1,popv,reference_ensemble,reference_ensemble,decision_candidate,endothelial cell of lymphatic vessel,Endothelial cell,,CL:0000115,explicit_safe_parent_fallback,True,0.0030581039755351682,within_backend_cluster_top1_vote_fraction_not_probability,7,oof_predictions_sha256:faa38c9f6c381ebcabe5ddf5543095cd9d4e3ef5cb0479a30f7b91446eca8377,,backend_candidate_not_final_identity; scores_not_cross_backend_probabilities
celltypepilot.backend-candidates.v1,2::1,popv,reference_ensemble,reference_ensemble,decision_candidate,alveolar macrophage,Alveolar macrophage,,CL:0000583,canonical_or_alias,True,0.0015290519877675841,within_backend_cluster_top1_vote_fraction_not_probability,8,oof_predictions_sha256:faa38c9f6c381ebcabe5ddf5543095cd9d4e3ef5cb0479a30f7b91446eca8377,,backend_candidate_not_final_identity; scores_not_cross_backend_probabilities
celltypepilot.backend-candidates.v1,2::1,popv,reference_ensemble,reference_ensemble,decision_candidate,dendritic cell,Dendritic cell,,CL:0000451,canonical_or_alias,True,0.0015290519877675841,within_backend_cluster_top1_vote_fraction_not_probability,9,oof_predictions_sha256:faa38c9f6c381ebcabe5ddf5543095cd9d4e3ef5cb0479a30f7b91446eca8377,,backend_candidate_not_final_identity; scores_not_cross_backend_probabilities
celltypepilot.backend-candidates.v1,2::1,popv,reference_ensemble,reference_ensemble,decision_candidate,myeloid leukocyte,myeloid leukocyte,,,unresolved,False,0.0015290519877675841,within_backend_cluster_top1_vote_fraction_not_probability,10,oof_predictions_sha256:faa38c9f6c381ebcabe5ddf5543095cd9d4e3ef5cb0479a30f7b91446eca8377,,backend_candidate_not_final_identity; scores_not_cross_backend_probabilities
celltypepilot.backend-candidates.v1,2::1,popv,reference_ensemble,reference_ensemble,decision_candidate,non-classical monocyte,Non-classical monocyte,,CL:0000875,canonical_or_alias,True,0.0015290519877675841,within_backend_cluster_top1_vote_fraction_not_probability,11,oof_predictions_sha256:faa38c9f6c381ebcabe5ddf5543095cd9d4e3ef5cb0479a30f7b91446eca8377,,backend_candidate_not_final_identity; scores_not_cross_backend_probabilities
celltypepilot.backend-candidates.v1,2::1,popv,reference_ensemble,reference_ensemble,decision_candidate,pulmonary alveolar type 1 cell,Alveolar type 1 cell,,CL:0002062,canonical_or_alias,True,0.0015290519877675841,within_backend_cluster_top1_vote_fraction_not_probability,12,oof_predictions_sha256:faa38c9f6c381ebcabe5ddf5543095cd9d4e3ef5cb0479a30f7b91446eca8377,,backend_candidate_not_final_identity; scores_not_cross_backend_probabilities
celltypepilot.backend-candidates.v1,2::1,popv,reference_ensemble,reference_ensemble,decision_candidate,pulmonary neuroendocrine cell,pulmonary neuroendocrine cell,,,unresolved,False,0.0015290519877675841,within_backend_cluster_top1_vote_fraction_not_probability,13,oof_predictions_sha256:faa38c9f6c381ebcabe5ddf5543095cd9d4e3ef5cb0479a30f7b91446eca8377,,backend_candidate_not_final_identity; scores_not_cross_backend_probabilities
celltypepilot.backend-candidates.v1,2::1,singler,reference_correlation,reference_correlation,decision_candidate,lung multiciliated epithelial cell,Ciliated cell,,CL:0002145,canonical_or_alias,True,0.47553516819571867,within_backend_cluster_top1_vote_fraction_not_probability,1,oof_predictions_sha256:faa38c9f6c381ebcabe5ddf5543095cd9d4e3ef5cb0479a30f7b91446eca8377,,backend_candidate_not_final_identity; scores_not_cross_backend_probabilities
celltypepilot.backend-candidates.v1,2::1,singler,reference_correlation,reference_correlation,decision_candidate,lung goblet cell,Goblet cell,,CL:0002370,canonical_or_alias,True,0.3012232415902141,within_backend_cluster_top1_vote_fraction_not_probability,2,oof_predictions_sha256:faa38c9f6c381ebcabe5ddf5543095cd9d4e3ef5cb0479a30f7b91446eca8377,,backend_candidate_not_final_identity; scores_not_cross_backend_probabilities
celltypepilot.backend-candidates.v1,2::1,singler,reference_correlation,reference_correlation,decision_candidate,club cell,Club cell,,CL:0000158,canonical_or_alias,True,0.0856269113149847,within_backend_cluster_top1_vote_fraction_not_probability,3,oof_predictions_sha256:faa38c9f6c381ebcabe5ddf5543095cd9d4e3ef5cb0479a30f7b91446eca8377,,backend_candidate_not_final_identity; scores_not_cross_backend_probabilities
celltypepilot.backend-candidates.v1,2::1,singler,reference_correlation,reference_correlation,decision_candidate,respiratory basal cell,Basal cell,,CL:0002633,canonical_or_alias,True,0.06574923547400612,within_backend_cluster_top1_vote_fraction_not_probability,4,oof_predictions_sha256:faa38c9f6c381ebcabe5ddf5543095cd9d4e3ef5cb0479a30f7b91446eca8377,,backend_candidate_not_final_identity; scores_not_cross_backend_probabilities
celltypepilot.backend-candidates.v1,2::1,singler,reference_correlation,reference_correlation,decision_candidate,basal cell,Basal cell,,CL:0002633,canonical_or_alias,True,0.04434250764525994,within_backend_cluster_top1_vote_fraction_not_probability,5,oof_predictions_sha256:faa38c9f6c381ebcabe5ddf5543095cd9d4e3ef5cb0479a30f7b91446eca8377,,backend_candidate_not_final_identity; scores_not_cross_backend_probabilities
celltypepilot.backend-candidates.v1,2::1,singler,reference_correlation,reference_correlation,decision_candidate,Unknown,Unknown,,,unresolved,False,0.009174311926605505,within_backend_cluster_top1_vote_fraction_not_probability,6,oof_predictions_sha256:faa38c9f6c381ebcabe5ddf5543095cd9d4e3ef5cb0479a30f7b91446eca8377,,backend_candidate_not_final_identity; scores_not_cross_backend_probabilities
celltypepilot.backend-candidates.v1,2::1,singler,reference_correlation,reference_correlation,decision_candidate,intermediate monocyte,Monocyte,,CL:0000576,explicit_safe_parent_fallback,True,0.00764525993883792,within_backend_cluster_top1_vote_fraction_not_probability,7,oof_predictions_sha256:faa38c9f6c381ebcabe5ddf5543095cd9d4e3ef5cb0479a30f7b91446eca8377,,backend_candidate_not_final_identity; scores_not_cross_backend_probabilities
celltypepilot.backend-candidates.v1,2::1,singler,reference_correlation,reference_correlation,decision_candidate,"dendritic cell, human",Dendritic cell,,CL:0000451,canonical_or_alias,True,0.0045871559633027525,within_backend_cluster_top1_vote_fraction_not_probability,8,oof_predictions_sha256:faa38c9f6c381ebcabe5ddf5543095cd9d4e3ef5cb0479a30f7b91446eca8377,,backend_candidate_not_final_identity; scores_not_cross_backend_probabilities
celltypepilot.backend-candidates.v1,2::1,singler,reference_correlation,reference_correlation,decision_candidate,endothelial cell of lymphatic vessel,Endothelial cell,,CL:0000115,explicit_safe_parent_fallback,True,0.0030581039755351682,within_backend_cluster_top1_vote_fraction_not_probability,9,oof_predictions_sha256:faa38c9f6c381ebcabe5ddf5543095cd9d4e3ef5cb0479a30f7b91446eca8377,,backend_candidate_not_final_identity; scores_not_cross_backend_probabilities
celltypepilot.backend-candidates.v1,2::1,singler,reference_correlation,reference_correlation,decision_candidate,myeloid leukocyte,myeloid leukocyte,,,unresolved,False,0.0015290519877675841,within_backend_cluster_top1_vote_fraction_not_probability,10,oof_predictions_sha256:faa38c9f6c381ebcabe5ddf5543095cd9d4e3ef5cb0479a30f7b91446eca8377,,backend_candidate_not_final_identity; scores_not_cross_backend_probabilities
celltypepilot.backend-candidates.v1,2::1,singler,reference_correlation,reference_correlation,decision_candidate,pulmonary alveolar type 1 cell,Alveolar type 1 cell,,CL:0002062,canonical_or_alias,True,0.0015290519877675841,within_backend_cluster_top1_vote_fraction_not_probability,11,oof_predictions_sha256:faa38c9f6c381ebcabe5ddf5543095cd9d4e3ef5cb0479a30f7b91446eca8377,,backend_candidate_not_final_identity; scores_not_cross_backend_probabilities
celltypepilot.backend-candidates.v1,2::2,celltypist,reference_linear,reference_linear,decision_candidate,capillary endothelial cell,Capillary endothelial cell,,CL:0002144,canonical_or_alias,True,0.6441821247892074,within_backend_cluster_top1_vote_fraction_not_probability,1,oof_predictions_sha256:faa38c9f6c381ebcabe5ddf5543095cd9d4e3ef5cb0479a30f7b91446eca8377,,backend_candidate_not_final_identity; scores_not_cross_backend_probabilities
celltypepilot.backend-candidates.v1,2::2,celltypist,reference_linear,reference_linear,decision_candidate,endothelial cell,Endothelial cell,,CL:0000115,canonical_or_alias,True,0.2934232715008432,within_backend_cluster_top1_vote_fraction_not_probability,2,oof_predictions_sha256:faa38c9f6c381ebcabe5ddf5543095cd9d4e3ef5cb0479a30f7b91446eca8377,,backend_candidate_not_final_identity; scores_not_cross_backend_probabilities
celltypepilot.backend-candidates.v1,2::2,celltypist,reference_linear,reference_linear,decision_candidate,pulmonary alveolar type 1 cell,Alveolar type 1 cell,,CL:0002062,canonical_or_alias,True,0.03541315345699832,within_backend_cluster_top1_vote_fraction_not_probability,3,oof_predictions_sha256:faa38c9f6c381ebcabe5ddf5543095cd9d4e3ef5cb0479a30f7b91446eca8377,,backend_candidate_not_final_identity; scores_not_cross_backend_probabilities
celltypepilot.backend-candidates.v1,2::2,celltypist,reference_linear,reference_linear,decision_candidate,club cell,Club cell,,CL:0000158,canonical_or_alias,True,0.008431703204047217,within_backend_cluster_top1_vote_fraction_not_probability,4,oof_predictions_sha256:faa38c9f6c381ebcabe5ddf5543095cd9d4e3ef5cb0479a30f7b91446eca8377,,backend_candidate_not_final_identity; scores_not_cross_backend_probabilities
celltypepilot.backend-candidates.v1,2::2,celltypist,reference_linear,reference_linear,decision_candidate,neutrophil,neutrophil,,,unresolved,False,0.006745362563237774,within_backend_cluster_top1_vote_fraction_not_probability,5,oof_predictions_sha256:faa38c9f6c381ebcabe5ddf5543095cd9d4e3ef5cb0479a30f7b91446eca8377,,backend_candidate_not_final_identity; scores_not_cross_backend_probabilities
celltypepilot.backend-candidates.v1,2::2,celltypist,reference_linear,reference_linear,decision_candidate,bronchial smooth muscle cell,Bronchial smooth muscle cell,,CL:0002598,canonical_or_alias,True,0.003372681281618887,within_backend_cluster_top1_vote_fraction_not_probability,6,oof_predictions_sha256:faa38c9f6c381ebcabe5ddf5543095cd9d4e3ef5cb0479a30f7b91446eca8377,,backend_candidate_not_final_identity; scores_not_cross_backend_probabilities
celltypepilot.backend-candidates.v1,2::2,celltypist,reference_linear,reference_linear,decision_candidate,classical monocyte,Classical monocyte,,CL:0000860,canonical_or_alias,True,0.003372681281618887,within_backend_cluster_top1_vote_fraction_not_probability,7,oof_predictions_sha256:faa38c9f6c381ebcabe5ddf5543095cd9d4e3ef5cb0479a30f7b91446eca8377,,backend_candidate_not_final_identity; scores_not_cross_backend_probabilities
celltypepilot.backend-candidates.v1,2::2,celltypist,reference_linear,reference_linear,decision_candidate,lung multiciliated epithelial cell,Ciliated cell,,CL:0002145,canonical_or_alias,True,0.003372681281618887,within_backend_cluster_top1_vote_fraction_not_probability,8,oof_predictions_sha256:faa38c9f6c381ebcabe5ddf5543095cd9d4e3ef5cb0479a30f7b91446eca8377,,backend_candidate_not_final_identity; scores_not_cross_backend_probabilities
celltypepilot.backend-candidates.v1,2::2,celltypist,reference_linear,reference_linear,decision_candidate,pericyte,Pericyte,,CL:0000669,canonical_or_alias,True,0.0016863406408094434,within_backend_cluster_top1_vote_fraction_not_probability,9,oof_predictions_sha256:faa38c9f6c381ebcabe5ddf5543095cd9d4e3ef5cb0479a30f7b91446eca8377,,backend_candidate_not_final_identity; scores_not_cross_backend_probabilities
celltypepilot.backend-candidates.v1,2::2,popv,reference_ensemble,reference_ensemble,decision_candidate,capillary endothelial cell,Capillary endothelial cell,,CL:0002144,canonical_or_alias,True,0.6559865092748736,within_backend_cluster_top1_vote_fraction_not_probability,1,oof_predictions_sha256:faa38c9f6c381ebcabe5ddf5543095cd9d4e3ef5cb0479a30f7b91446eca8377,,backend_candidate_not_final_identity; scores_not_cross_backend_probabilities
celltypepilot.backend-candidates.v1,2::2,popv,reference_ensemble,reference_ensemble,decision_candidate,endothelial cell,Endothelial cell,,CL:0000115,canonical_or_alias,True,0.2782462057335582,within_backend_cluster_top1_vote_fraction_not_probability,2,oof_predictions_sha256:faa38c9f6c381ebcabe5ddf5543095cd9d4e3ef5cb0479a30f7b91446eca8377,,backend_candidate_not_final_identity; scores_not_cross_backend_probabilities
celltypepilot.backend-candidates.v1,2::2,popv,reference_ensemble,reference_ensemble,decision_candidate,pulmonary alveolar type 1 cell,Alveolar type 1 cell,,CL:0002062,canonical_or_alias,True,0.03541315345699832,within_backend_cluster_top1_vote_fraction_not_probability,3,oof_predictions_sha256:faa38c9f6c381ebcabe5ddf5543095cd9d4e3ef5cb0479a30f7b91446eca8377,,backend_candidate_not_final_identity; scores_not_cross_backend_probabilities
celltypepilot.backend-candidates.v1,2::2,popv,reference_ensemble,reference_ensemble,decision_candidate,classical monocyte,Classical monocyte,,CL:0000860,canonical_or_alias,True,0.006745362563237774,within_backend_cluster_top1_vote_fraction_not_probability,4,oof_predictions_sha256:faa38c9f6c381ebcabe5ddf5543095cd9d4e3ef5cb0479a30f7b91446eca8377,,backend_candidate_not_final_identity; scores_not_cross_backend_probabilities
celltypepilot.backend-candidates.v1,2::2,popv,reference_ensemble,reference_ensemble,decision_candidate,neutrophil,neutrophil,,,unresolved,False,0.006745362563237774,within_backend_cluster_top1_vote_fraction_not_probability,5,oof_predictions_sha256:faa38c9f6c381ebcabe5ddf5543095cd9d4e3ef5cb0479a30f7b91446eca8377,,backend_candidate_not_final_identity; scores_not_cross_backend_probabilities
celltypepilot.backend-candidates.v1,2::2,popv,reference_ensemble,reference_ensemble,decision_candidate,bronchial smooth muscle cell,Bronchial smooth muscle cell,,CL:0002598,canonical_or_alias,True,0.003372681281618887,within_backend_cluster_top1_vote_fraction_not_probability,6,oof_predictions_sha256:faa38c9f6c381ebcabe5ddf5543095cd9d4e3ef5cb0479a30f7b91446eca8377,,backend_candidate_not_final_identity; scores_not_cross_backend_probabilities
celltypepilot.backend-candidates.v1,2::2,popv,reference_ensemble,reference_ensemble,decision_candidate,club cell,Club cell,,CL:0000158,canonical_or_alias,True,0.003372681281618887,within_backend_cluster_top1_vote_fraction_not_probability,7,oof_predictions_sha256:faa38c9f6c381ebcabe5ddf5543095cd9d4e3ef5cb0479a30f7b91446eca8377,,backend_candidate_not_final_identity; scores_not_cross_backend_probabilities
celltypepilot.backend-candidates.v1,2::2,popv,reference_ensemble,reference_ensemble,decision_candidate,endothelial cell of artery,Endothelial cell,,CL:0000115,explicit_safe_parent_fallback,True,0.003372681281618887,within_backend_cluster_top1_vote_fraction_not_probability,8,oof_predictions_sha256:faa38c9f6c381ebcabe5ddf5543095cd9d4e3ef5cb0479a30f7b91446eca8377,,backend_candidate_not_final_identity; scores_not_cross_backend_probabilities
celltypepilot.backend-candidates.v1,2::2,popv,reference_ensemble,reference_ensemble,decision_candidate,lung multiciliated epithelial cell,Ciliated cell,,CL:0002145,canonical_or_alias,True,0.003372681281618887,within_backend_cluster_top1_vote_fraction_not_probability,9,oof_predictions_sha256:faa38c9f6c381ebcabe5ddf5543095cd9d4e3ef5cb0479a30f7b91446eca8377,,backend_candidate_not_final_identity; scores_not_cross_backend_probabilities
celltypepilot.backend-candidates.v1,2::2,popv,reference_ensemble,reference_ensemble,decision_candidate,mature NK T cell,T cell,,CL:0000084,explicit_safe_parent_fallback,True,0.0016863406408094434,within_backend_cluster_top1_vote_fraction_not_probability,10,oof_predictions_sha256:faa38c9f6c381ebcabe5ddf5543095cd9d4e3ef5cb0479a30f7b91446eca8377,,backend_candidate_not_final_identity; scores_not_cross_backend_probabilities
celltypepilot.backend-candidates.v1,2::2,popv,reference_ensemble,reference_ensemble,decision_candidate,pericyte,Pericyte,,CL:0000669,canonical_or_alias,True,0.0016863406408094434,within_backend_cluster_top1_vote_fraction_not_probability,11,oof_predictions_sha256:faa38c9f6c381ebcabe5ddf5543095cd9d4e3ef5cb0479a30f7b91446eca8377,,backend_candidate_not_final_identity; scores_not_cross_backend_probabilities
celltypepilot.backend-candidates.v1,2::2,singler,reference_correlation,reference_correlation,decision_candidate,capillary endothelial cell,Capillary endothelial cell,,CL:0002144,canonical_or_alias,True,0.6205733558178752,within_backend_cluster_top1_vote_fraction_not_probability,1,oof_predictions_sha256:faa38c9f6c381ebcabe5ddf5543095cd9d4e3ef5cb0479a30f7b91446eca8377,,backend_candidate_not_final_identity; scores_not_cross_backend_probabilities
celltypepilot.backend-candidates.v1,2::2,singler,reference_correlation,reference_correlation,decision_candidate,endothelial cell,Endothelial cell,,CL:0000115,canonical_or_alias,True,0.2765598650927487,within_backend_cluster_top1_vote_fraction_not_probability,2,oof_predictions_sha256:faa38c9f6c381ebcabe5ddf5543095cd9d4e3ef5cb0479a30f7b91446eca8377,,backend_candidate_not_final_identity; scores_not_cross_backend_probabilities
celltypepilot.backend-candidates.v1,2::2,singler,reference_correlation,reference_correlation,decision_candidate,pulmonary alveolar type 1 cell,Alveolar type 1 cell,,CL:0002062,canonical_or_alias,True,0.03541315345699832,within_backend_cluster_top1_vote_fraction_not_probability,3,oof_predictions_sha256:faa38c9f6c381ebcabe5ddf5543095cd9d4e3ef5cb0479a30f7b91446eca8377,,backend_candidate_not_final_identity; scores_not_cross_backend_probabilities
celltypepilot.backend-candidates.v1,2::2,singler,reference_correlation,reference_correlation,decision_candidate,Unknown,Unknown,,,unresolved,False,0.023608768971332208,within_backend_cluster_top1_vote_fraction_not_probability,4,oof_predictions_sha256:faa38c9f6c381ebcabe5ddf5543095cd9d4e3ef5cb0479a30f7b91446eca8377,,backend_candidate_not_final_identity; scores_not_cross_backend_probabilities
celltypepilot.backend-candidates.v1,2::2,singler,reference_correlation,reference_correlation,decision_candidate,endothelial cell of artery,Endothelial cell,,CL:0000115,explicit_safe_parent_fallback,True,0.023608768971332208,within_backend_cluster_top1_vote_fraction_not_probability,5,oof_predictions_sha256:faa38c9f6c381ebcabe5ddf5543095cd9d4e3ef5cb0479a30f7b91446eca8377,,backend_candidate_not_final_identity; scores_not_cross_backend_probabilities
celltypepilot.backend-candidates.v1,2::2,singler,reference_correlation,reference_correlation,decision_candidate,neutrophil,neutrophil,,,unresolved,False,0.006745362563237774,within_backend_cluster_top1_vote_fraction_not_probability,6,oof_predictions_sha256:faa38c9f6c381ebcabe5ddf5543095cd9d4e3ef5cb0479a30f7b91446eca8377,,backend_candidate_not_final_identity; scores_not_cross_backend_probabilities
celltypepilot.backend-candidates.v1,2::2,singler,reference_correlation,reference_correlation,decision_candidate,bronchial smooth muscle cell,Bronchial smooth muscle cell,,CL:0002598,canonical_or_alias,True,0.00505902192242833,within_backend_cluster_top1_vote_fraction_not_probability,7,oof_predictions_sha256:faa38c9f6c381ebcabe5ddf5543095cd9d4e3ef5cb0479a30f7b91446eca8377,,backend_candidate_not_final_identity; scores_not_cross_backend_probabilities
celltypepilot.backend-candidates.v1,2::2,singler,reference_correlation,reference_correlation,decision_candidate,dendritic cell,Dendritic cell,,CL:0000451,canonical_or_alias,True,0.0016863406408094434,within_backend_cluster_top1_vote_fraction_not_probability,8,oof_predictions_sha256:faa38c9f6c381ebcabe5ddf5543095cd9d4e3ef5cb0479a30f7b91446eca8377,,backend_candidate_not_final_identity; scores_not_cross_backend_probabilities
celltypepilot.backend-candidates.v1,2::2,singler,reference_correlation,reference_correlation,decision_candidate,"dendritic cell, human",Dendritic cell,,CL:0000451,canonical_or_alias,True,0.0016863406408094434,within_backend_cluster_top1_vote_fraction_not_probability,9,oof_predictions_sha256:faa38c9f6c381ebcabe5ddf5543095cd9d4e3ef5cb0479a30f7b91446eca8377,,backend_candidate_not_final_identity; scores_not_cross_backend_probabilities
celltypepilot.backend-candidates.v1,2::2,singler,reference_correlation,reference_correlation,decision_candidate,intermediate monocyte,Monocyte,,CL:0000576,explicit_safe_parent_fallback,True,0.0016863406408094434,within_backend_cluster_top1_vote_fraction_not_probability,10,oof_predictions_sha256:faa38c9f6c381ebcabe5ddf5543095cd9d4e3ef5cb0479a30f7b91446eca8377,,backend_candidate_not_final_identity; scores_not_cross_backend_probabilities
celltypepilot.backend-candidates.v1,2::2,singler,reference_correlation,reference_correlation,decision_candidate,non-classical monocyte,Non-classical monocyte,,CL:0000875,canonical_or_alias,True,0.0016863406408094434,within_backend_cluster_top1_vote_fraction_not_probability,11,oof_predictions_sha256:faa38c9f6c381ebcabe5ddf5543095cd9d4e3ef5cb0479a30f7b91446eca8377,,backend_candidate_not_final_identity; scores_not_cross_backend_probabilities
celltypepilot.backend-candidates.v1,2::2,singler,reference_correlation,reference_correlation,decision_candidate,pericyte,Pericyte,,CL:0000669,canonical_or_alias,True,0.0016863406408094434,within_backend_cluster_top1_vote_fraction_not_probability,12,oof_predictions_sha256:faa38c9f6c381ebcabe5ddf5543095cd9d4e3ef5cb0479a30f7b91446eca8377,,backend_candidate_not_final_identity; scores_not_cross_backend_probabilities
celltypepilot.backend-candidates.v1,2::3,celltypist,reference_linear,reference_linear,decision_candidate,natural killer cell,NK cell,,CL:0000623,canonical_or_alias,True,0.8771498771498771,within_backend_cluster_top1_vote_fraction_not_probability,1,oof_predictions_sha256:faa38c9f6c381ebcabe5ddf5543095cd9d4e3ef5cb0479a30f7b91446eca8377,,backend_candidate_not_final_identity; scores_not_cross_backend_probabilities
celltypepilot.backend-candidates.v1,2::3,celltypist,reference_linear,reference_linear,decision_candidate,"naive thymus-derived CD8-positive, alpha-beta T cell","naive thymus-derived CD8-positive, alpha-beta T cell",,,unresolved,False,0.03194103194103194,within_backend_cluster_top1_vote_fraction_not_probability,2,oof_predictions_sha256:faa38c9f6c381ebcabe5ddf5543095cd9d4e3ef5cb0479a30f7b91446eca8377,,backend_candidate_not_final_identity; scores_not_cross_backend_probabilities
celltypepilot.backend-candidates.v1,2::3,celltypist,reference_linear,reference_linear,decision_candidate,classical monocyte,Classical monocyte,,CL:0000860,canonical_or_alias,True,0.02457002457002457,within_backend_cluster_top1_vote_fraction_not_probability,3,oof_predictions_sha256:faa38c9f6c381ebcabe5ddf5543095cd9d4e3ef5cb0479a30f7b91446eca8377,,backend_candidate_not_final_identity; scores_not_cross_backend_probabilities
celltypepilot.backend-candidates.v1,2::3,celltypist,reference_linear,reference_linear,decision_candidate,myeloid leukocyte,myeloid leukocyte,,,unresolved,False,0.014742014742014743,within_backend_cluster_top1_vote_fraction_not_probability,4,oof_predictions_sha256:faa38c9f6c381ebcabe5ddf5543095cd9d4e3ef5cb0479a30f7b91446eca8377,,backend_candidate_not_final_identity; scores_not_cross_backend_probabilities
celltypepilot.backend-candidates.v1,2::3,celltypist,reference_linear,reference_linear,decision_candidate,"plasmacytoid dendritic cell, human",pDC,,CL:0000784,canonical_or_alias,True,0.014742014742014743,within_backend_cluster_top1_vote_fraction_not_probability,5,oof_predictions_sha256:faa38c9f6c381ebcabe5ddf5543095cd9d4e3ef5cb0479a30f7b91446eca8377,,backend_candidate_not_final_identity; scores_not_cross_backend_probabilities
celltypepilot.backend-candidates.v1,2::3,celltypist,reference_linear,reference_linear,decision_candidate,mature NK T cell,T cell,,CL:0000084,explicit_safe_parent_fallback,True,0.009828009828009828,within_backend_cluster_top1_vote_fraction_not_probability,6,oof_predictions_sha256:faa38c9f6c381ebcabe5ddf5543095cd9d4e3ef5cb0479a30f7b91446eca8377,,backend_candidate_not_final_identity; scores_not_cross_backend_probabilities
celltypepilot.backend-candidates.v1,2::3,celltypist,reference_linear,reference_linear,decision_candidate,"effector memory CD4-positive, alpha-beta T cell",Memory CD4+ T cell,,CL:0000897,explicit_safe_parent_fallback,True,0.007371007371007371,within_backend_cluster_top1_vote_fraction_not_probability,7,oof_predictions_sha256:faa38c9f6c381ebcabe5ddf5543095cd9d4e3ef5cb0479a30f7b91446eca8377,,backend_candidate_not_final_identity; scores_not_cross_backend_probabilities
celltypepilot.backend-candidates.v1,2::3,celltypist,reference_linear,reference_linear,decision_candidate,non-classical monocyte,Non-classical monocyte,,CL:0000875,canonical_or_alias,True,0.007371007371007371,within_backend_cluster_top1_vote_fraction_not_probability,8,oof_predictions_sha256:faa38c9f6c381ebcabe5ddf5543095cd9d4e3ef5cb0479a30f7b91446eca8377,,backend_candidate_not_final_identity; scores_not_cross_backend_probabilities
celltypepilot.backend-candidates.v1,2::3,celltypist,reference_linear,reference_linear,decision_candidate,B cell,B cell,,CL:0000236,canonical_or_alias,True,0.004914004914004914,within_backend_cluster_top1_vote_fraction_not_probability,9,oof_predictions_sha256:faa38c9f6c381ebcabe5ddf5543095cd9d4e3ef5cb0479a30f7b91446eca8377,,backend_candidate_not_final_identity; scores_not_cross_backend_probabilities
celltypepilot.backend-candidates.v1,2::3,celltypist,reference_linear,reference_linear,decision_candidate,alveolar macrophage,Alveolar macrophage,,CL:0000583,canonical_or_alias,True,0.002457002457002457,within_backend_cluster_top1_vote_fraction_not_probability,10,oof_predictions_sha256:faa38c9f6c381ebcabe5ddf5543095cd9d4e3ef5cb0479a30f7b91446eca8377,,backend_candidate_not_final_identity; scores_not_cross_backend_probabilities
celltypepilot.backend-candidates.v1,2::3,celltypist,reference_linear,reference_linear,decision_candidate,lymphocyte,lymphocyte,,,unresolved,False,0.002457002457002457,within_backend_cluster_top1_vote_fraction_not_probability,11,oof_predictions_sha256:faa38c9f6c381ebcabe5ddf5543095cd9d4e3ef5cb0479a30f7b91446eca8377,,backend_candidate_not_final_identity; scores_not_cross_backend_probabilities
celltypepilot.backend-candidates.v1,2::3,celltypist,reference_linear,reference_linear,decision_candidate,"naive thymus-derived CD4-positive, alpha-beta T cell","naive thymus-derived CD4-positive, alpha-beta T cell",,,unresolved,False,0.002457002457002457,within_backend_cluster_top1_vote_fraction_not_probability,12,oof_predictions_sha256:faa38c9f6c381ebcabe5ddf5543095cd9d4e3ef5cb0479a30f7b91446eca8377,,backend_candidate_not_final_identity; scores_not_cross_backend_probabilities
celltypepilot.backend-candidates.v1,2::3,popv,reference_ensemble,reference_ensemble,decision_candidate,natural killer cell,NK cell,,CL:0000623,canonical_or_alias,True,0.8574938574938575,within_backend_cluster_top1_vote_fraction_not_probability,1,oof_predictions_sha256:faa38c9f6c381ebcabe5ddf5543095cd9d4e3ef5cb0479a30f7b91446eca8377,,backend_candidate_not_final_identity; scores_not_cross_backend_probabilities
celltypepilot.backend-candidates.v1,2::3,popv,reference_ensemble,reference_ensemble,decision_candidate,classical monocyte,Classical monocyte,,CL:0000860,canonical_or_alias,True,0.03194103194103194,within_backend_cluster_top1_vote_fraction_not_probability,2,oof_predictions_sha256:faa38c9f6c381ebcabe5ddf5543095cd9d4e3ef5cb0479a30f7b91446eca8377,,backend_candidate_not_final_identity; scores_not_cross_backend_probabilities
celltypepilot.backend-candidates.v1,2::3,popv,reference_ensemble,reference_ensemble,decision_candidate,"naive thymus-derived CD8-positive, alpha-beta T cell","naive thymus-derived CD8-positive, alpha-beta T cell",,,unresolved,False,0.022113022113022112,within_backend_cluster_top1_vote_fraction_not_probability,3,oof_predictions_sha256:faa38c9f6c381ebcabe5ddf5543095cd9d4e3ef5cb0479a30f7b91446eca8377,,backend_candidate_not_final_identity; scores_not_cross_backend_probabilities
celltypepilot.backend-candidates.v1,2::3,popv,reference_ensemble,reference_ensemble,decision_candidate,"effector memory CD4-positive, alpha-beta T cell",Memory CD4+ T cell,,CL:0000897,explicit_safe_parent_fallback,True,0.019656019656019656,within_backend_cluster_top1_vote_fraction_not_probability,4,oof_predictions_sha256:faa38c9f6c381ebcabe5ddf5543095cd9d4e3ef5cb0479a30f7b91446eca8377,,backend_candidate_not_final_identity; scores_not_cross_backend_probabilities
celltypepilot.backend-candidates.v1,2::3,popv,reference_ensemble,reference_ensemble,decision_candidate,mature NK T cell,T cell,,CL:0000084,explicit_safe_parent_fallback,True,0.019656019656019656,within_backend_cluster_top1_vote_fraction_not_probability,5,oof_predictions_sha256:faa38c9f6c381ebcabe5ddf5543095cd9d4e3ef5cb0479a30f7b91446eca8377,,backend_candidate_not_final_identity; scores_not_cross_backend_probabilities
celltypepilot.backend-candidates.v1,2::3,popv,reference_ensemble,reference_ensemble,decision_candidate,myeloid leukocyte,myeloid leukocyte,,,unresolved,False,0.014742014742014743,within_backend_cluster_top1_vote_fraction_not_probability,6,oof_predictions_sha256:faa38c9f6c381ebcabe5ddf5543095cd9d4e3ef5cb0479a30f7b91446eca8377,,backend_candidate_not_final_identity; scores_not_cross_backend_probabilities
celltypepilot.backend-candidates.v1,2::3,popv,reference_ensemble,reference_ensemble,decision_candidate,"plasmacytoid dendritic cell, human",pDC,,CL:0000784,canonical_or_alias,True,0.014742014742014743,within_backend_cluster_top1_vote_fraction_not_probability,7,oof_predictions_sha256:faa38c9f6c381ebcabe5ddf5543095cd9d4e3ef5cb0479a30f7b91446eca8377,,backend_candidate_not_final_identity; scores_not_cross_backend_probabilities
celltypepilot.backend-candidates.v1,2::3,popv,reference_ensemble,reference_ensemble,decision_candidate,lymphocyte,lymphocyte,,,unresolved,False,0.007371007371007371,within_backend_cluster_top1_vote_fraction_not_probability,8,oof_predictions_sha256:faa38c9f6c381ebcabe5ddf5543095cd9d4e3ef5cb0479a30f7b91446eca8377,,backend_candidate_not_final_identity; scores_not_cross_backend_probabilities
celltypepilot.backend-candidates.v1,2::3,popv,reference_ensemble,reference_ensemble,decision_candidate,B cell,B cell,,CL:0000236,canonical_or_alias,True,0.004914004914004914,within_backend_cluster_top1_vote_fraction_not_probability,9,oof_predictions_sha256:faa38c9f6c381ebcabe5ddf5543095cd9d4e3ef5cb0479a30f7b91446eca8377,,backend_candidate_not_final_identity; scores_not_cross_backend_probabilities
celltypepilot.backend-candidates.v1,2::3,popv,reference_ensemble,reference_ensemble,decision_candidate,alveolar macrophage,Alveolar macrophage,,CL:0000583,canonical_or_alias,True,0.002457002457002457,within_backend_cluster_top1_vote_fraction_not_probability,10,oof_predictions_sha256:faa38c9f6c381ebcabe5ddf5543095cd9d4e3ef5cb0479a30f7b91446eca8377,,backend_candidate_not_final_identity; scores_not_cross_backend_probabilities
celltypepilot.backend-candidates.v1,2::3,popv,reference_ensemble,reference_ensemble,decision_candidate,"effector memory CD8-positive, alpha-beta T cell",CD8+ T cell,,CL:0000625,explicit_safe_parent_fallback,True,0.002457002457002457,within_backend_cluster_top1_vote_fraction_not_probability,11,oof_predictions_sha256:faa38c9f6c381ebcabe5ddf5543095cd9d4e3ef5cb0479a30f7b91446eca8377,,backend_candidate_not_final_identity; scores_not_cross_backend_probabilities
celltypepilot.backend-candidates.v1,2::3,popv,reference_ensemble,reference_ensemble,decision_candidate,"naive thymus-derived CD4-positive, alpha-beta T cell","naive thymus-derived CD4-positive, alpha-beta T cell",,,unresolved,False,0.002457002457002457,within_backend_cluster_top1_vote_fraction_not_probability,12,oof_predictions_sha256:faa38c9f6c381ebcabe5ddf5543095cd9d4e3ef5cb0479a30f7b91446eca8377,,backend_candidate_not_final_identity; scores_not_cross_backend_probabilities
celltypepilot.backend-candidates.v1,2::3,singler,reference_correlation,reference_correlation,decision_candidate,natural killer cell,NK cell,,CL:0000623,canonical_or_alias,True,0.8378378378378378,within_backend_cluster_top1_vote_fraction_not_probability,1,oof_predictions_sha256:faa38c9f6c381ebcabe5ddf5543095cd9d4e3ef5cb0479a30f7b91446eca8377,,backend_candidate_not_final_identity; scores_not_cross_backend_probabilities
celltypepilot.backend-candidates.v1,2::3,singler,reference_correlation,reference_correlation,decision_candidate,mature NK T cell,T cell,,CL:0000084,explicit_safe_parent_fallback,True,0.0343980343980344,within_backend_cluster_top1_vote_fraction_not_probability,2,oof_predictions_sha256:faa38c9f6c381ebcabe5ddf5543095cd9d4e3ef5cb0479a30f7b91446eca8377,,backend_candidate_not_final_identity; scores_not_cross_backend_probabilities
celltypepilot.backend-candidates.v1,2::3,singler,reference_correlation,reference_correlation,decision_candidate,lymphocyte,lymphocyte,,,unresolved,False,0.02457002457002457,within_backend_cluster_top1_vote_fraction_not_probability,3,oof_predictions_sha256:faa38c9f6c381ebcabe5ddf5543095cd9d4e3ef5cb0479a30f7b91446eca8377,,backend_candidate_not_final_identity; scores_not_cross_backend_probabilities
celltypepilot.backend-candidates.v1,2::3,singler,reference_correlation,reference_correlation,decision_candidate,"naive thymus-derived CD8-positive, alpha-beta T cell","naive thymus-derived CD8-positive, alpha-beta T cell",,,unresolved,False,0.022113022113022112,within_backend_cluster_top1_vote_fraction_not_probability,4,oof_predictions_sha256:faa38c9f6c381ebcabe5ddf5543095cd9d4e3ef5cb0479a30f7b91446eca8377,,backend_candidate_not_final_identity; scores_not_cross_backend_probabilities
celltypepilot.backend-candidates.v1,2::3,singler,reference_correlation,reference_correlation,decision_candidate,"dendritic cell, human",Dendritic cell,,CL:0000451,canonical_or_alias,True,0.014742014742014743,within_backend_cluster_top1_vote_fraction_not_probability,5,oof_predictions_sha256:faa38c9f6c381ebcabe5ddf5543095cd9d4e3ef5cb0479a30f7b91446eca8377,,backend_candidate_not_final_identity; scores_not_cross_backend_probabilities
celltypepilot.backend-candidates.v1,2::3,singler,reference_correlation,reference_correlation,decision_candidate,myeloid leukocyte,myeloid leukocyte,,,unresolved,False,0.014742014742014743,within_backend_cluster_top1_vote_fraction_not_probability,6,oof_predictions_sha256:faa38c9f6c381ebcabe5ddf5543095cd9d4e3ef5cb0479a30f7b91446eca8377,,backend_candidate_not_final_identity; scores_not_cross_backend_probabilities
celltypepilot.backend-candidates.v1,2::3,singler,reference_correlation,reference_correlation,decision_candidate,"plasmacytoid dendritic cell, human",pDC,,CL:0000784,canonical_or_alias,True,0.012285012285012284,within_backend_cluster_top1_vote_fraction_not_probability,7,oof_predictions_sha256:faa38c9f6c381ebcabe5ddf5543095cd9d4e3ef5cb0479a30f7b91446eca8377,,backend_candidate_not_final_identity; scores_not_cross_backend_probabilities
celltypepilot.backend-candidates.v1,2::3,singler,reference_correlation,reference_correlation,decision_candidate,Unknown,Unknown,,,unresolved,False,0.009828009828009828,within_backend_cluster_top1_vote_fraction_not_probability,8,oof_predictions_sha256:faa38c9f6c381ebcabe5ddf5543095cd9d4e3ef5cb0479a30f7b91446eca8377,,backend_candidate_not_final_identity; scores_not_cross_backend_probabilities
celltypepilot.backend-candidates.v1,2::3,singler,reference_correlation,reference_correlation,decision_candidate,non-classical monocyte,Non-classical monocyte,,CL:0000875,canonical_or_alias,True,0.007371007371007371,within_backend_cluster_top1_vote_fraction_not_probability,9,oof_predictions_sha256:faa38c9f6c381ebcabe5ddf5543095cd9d4e3ef5cb0479a30f7b91446eca8377,,backend_candidate_not_final_identity; scores_not_cross_backend_probabilities
celltypepilot.backend-candidates.v1,2::3,singler,reference_correlation,reference_correlation,decision_candidate,B cell,B cell,,CL:0000236,canonical_or_alias,True,0.004914004914004914,within_backend_cluster_top1_vote_fraction_not_probability,10,oof_predictions_sha256:faa38c9f6c381ebcabe5ddf5543095cd9d4e3ef5cb0479a30f7b91446eca8377,,backend_candidate_not_final_identity; scores_not_cross_backend_probabilities
celltypepilot.backend-candidates.v1,2::3,singler,reference_correlation,reference_correlation,decision_candidate,"effector memory CD4-positive, alpha-beta T cell",Memory CD4+ T cell,,CL:0000897,explicit_safe_parent_fallback,True,0.004914004914004914,within_backend_cluster_top1_vote_fraction_not_probability,11,oof_predictions_sha256:faa38c9f6c381ebcabe5ddf5543095cd9d4e3ef5cb0479a30f7b91446eca8377,,backend_candidate_not_final_identity; scores_not_cross_backend_probabilities
celltypepilot.backend-candidates.v1,2::3,singler,reference_correlation,reference_correlation,decision_candidate,intermediate monocyte,Monocyte,,CL:0000576,explicit_safe_parent_fallback,True,0.004914004914004914,within_backend_cluster_top1_vote_fraction_not_probability,12,oof_predictions_sha256:faa38c9f6c381ebcabe5ddf5543095cd9d4e3ef5cb0479a30f7b91446eca8377,,backend_candidate_not_final_identity; scores_not_cross_backend_probabilities
celltypepilot.backend-candidates.v1,2::3,singler,reference_correlation,reference_correlation,decision_candidate,CD1c-positive myeloid dendritic cell,cDC2,,CL:0002399,canonical_or_alias,True,0.002457002457002457,within_backend_cluster_top1_vote_fraction_not_probability,13,oof_predictions_sha256:faa38c9f6c381ebcabe5ddf5543095cd9d4e3ef5cb0479a30f7b91446eca8377,,backend_candidate_not_final_identity; scores_not_cross_backend_probabilities
celltypepilot.backend-candidates.v1,2::3,singler,reference_correlation,reference_correlation,decision_candidate,dendritic cell,Dendritic cell,,CL:0000451,canonical_or_alias,True,0.002457002457002457,within_backend_cluster_top1_vote_fraction_not_probability,14,oof_predictions_sha256:faa38c9f6c381ebcabe5ddf5543095cd9d4e3ef5cb0479a30f7b91446eca8377,,backend_candidate_not_final_identity; scores_not_cross_backend_probabilities
celltypepilot.backend-candidates.v1,2::3,singler,reference_correlation,reference_correlation,decision_candidate,"naive thymus-derived CD4-positive, alpha-beta T cell","naive thymus-derived CD4-positive, alpha-beta T cell",,,unresolved,False,0.002457002457002457,within_backend_cluster_top1_vote_fraction_not_probability,15,oof_predictions_sha256:faa38c9f6c381ebcabe5ddf5543095cd9d4e3ef5cb0479a30f7b91446eca8377,,backend_candidate_not_final_identity; scores_not_cross_backend_probabilities
celltypepilot.backend-candidates.v1,2::4,celltypist,reference_linear,reference_linear,decision_candidate,pulmonary alveolar type 2 cell,Alveolar type 2 cell,,CL:0002063,canonical_or_alias,True,0.7053045186640472,within_backend_cluster_top1_vote_fraction_not_probability,1,oof_predictions_sha256:faa38c9f6c381ebcabe5ddf5543095cd9d4e3ef5cb0479a30f7b91446eca8377,,backend_candidate_not_final_identity; scores_not_cross_backend_probabilities
celltypepilot.backend-candidates.v1,2::4,celltypist,reference_linear,reference_linear,decision_candidate,pulmonary alveolar type 1 cell,Alveolar type 1 cell,,CL:0002062,canonical_or_alias,True,0.14734774066797643,within_backend_cluster_top1_vote_fraction_not_probability,2,oof_predictions_sha256:faa38c9f6c381ebcabe5ddf5543095cd9d4e3ef5cb0479a30f7b91446eca8377,,backend_candidate_not_final_identity; scores_not_cross_backend_probabilities
celltypepilot.backend-candidates.v1,2::4,celltypist,reference_linear,reference_linear,decision_candidate,club cell,Club cell,,CL:0000158,canonical_or_alias,True,0.10019646365422397,within_backend_cluster_top1_vote_fraction_not_probability,3,oof_predictions_sha256:faa38c9f6c381ebcabe5ddf5543095cd9d4e3ef5cb0479a30f7b91446eca8377,,backend_candidate_not_final_identity; scores_not_cross_backend_probabilities
celltypepilot.backend-candidates.v1,2::4,celltypist,reference_linear,reference_linear,decision_candidate,respiratory basal cell,Basal cell,,CL:0002633,canonical_or_alias,True,0.03536345776031434,within_backend_cluster_top1_vote_fraction_not_probability,4,oof_predictions_sha256:faa38c9f6c381ebcabe5ddf5543095cd9d4e3ef5cb0479a30f7b91446eca8377,,backend_candidate_not_final_identity; scores_not_cross_backend_probabilities
celltypepilot.backend-candidates.v1,2::4,celltypist,reference_linear,reference_linear,decision_candidate,epithelial cell,Epithelial cell,,CL:0000066,canonical_or_alias,True,0.003929273084479371,within_backend_cluster_top1_vote_fraction_not_probability,5,oof_predictions_sha256:faa38c9f6c381ebcabe5ddf5543095cd9d4e3ef5cb0479a30f7b91446eca8377,,backend_candidate_not_final_identity; scores_not_cross_backend_probabilities
celltypepilot.backend-candidates.v1,2::4,celltypist,reference_linear,reference_linear,decision_candidate,lung multiciliated epithelial cell,Ciliated cell,,CL:0002145,canonical_or_alias,True,0.003929273084479371,within_backend_cluster_top1_vote_fraction_not_probability,6,oof_predictions_sha256:faa38c9f6c381ebcabe5ddf5543095cd9d4e3ef5cb0479a30f7b91446eca8377,,backend_candidate_not_final_identity; scores_not_cross_backend_probabilities
celltypepilot.backend-candidates.v1,2::4,celltypist,reference_linear,reference_linear,decision_candidate,classical monocyte,Classical monocyte,,CL:0000860,canonical_or_alias,True,0.0019646365422396855,within_backend_cluster_top1_vote_fraction_not_probability,7,oof_predictions_sha256:faa38c9f6c381ebcabe5ddf5543095cd9d4e3ef5cb0479a30f7b91446eca8377,,backend_candidate_not_final_identity; scores_not_cross_backend_probabilities
celltypepilot.backend-candidates.v1,2::4,celltypist,reference_linear,reference_linear,decision_candidate,fibroblast,Fibroblast,,CL:0000057,canonical_or_alias,True,0.0019646365422396855,within_backend_cluster_top1_vote_fraction_not_probability,8,oof_predictions_sha256:faa38c9f6c381ebcabe5ddf5543095cd9d4e3ef5cb0479a30f7b91446eca8377,,backend_candidate_not_final_identity; scores_not_cross_backend_probabilities
celltypepilot.backend-candidates.v1,2::4,popv,reference_ensemble,reference_ensemble,decision_candidate,pulmonary alveolar type 2 cell,Alveolar type 2 cell,,CL:0002063,canonical_or_alias,True,0.7092337917485265,within_backend_cluster_top1_vote_fraction_not_probability,1,oof_predictions_sha256:faa38c9f6c381ebcabe5ddf5543095cd9d4e3ef5cb0479a30f7b91446eca8377,,backend_candidate_not_final_identity; scores_not_cross_backend_probabilities
celltypepilot.backend-candidates.v1,2::4,popv,reference_ensemble,reference_ensemble,decision_candidate,pulmonary alveolar type 1 cell,Alveolar type 1 cell,,CL:0002062,canonical_or_alias,True,0.14734774066797643,within_backend_cluster_top1_vote_fraction_not_probability,2,oof_predictions_sha256:faa38c9f6c381ebcabe5ddf5543095cd9d4e3ef5cb0479a30f7b91446eca8377,,backend_candidate_not_final_identity; scores_not_cross_backend_probabilities
celltypepilot.backend-candidates.v1,2::4,popv,reference_ensemble,reference_ensemble,decision_candidate,club cell,Club cell,,CL:0000158,canonical_or_alias,True,0.08644400785854617,within_backend_cluster_top1_vote_fraction_not_probability,3,oof_predictions_sha256:faa38c9f6c381ebcabe5ddf5543095cd9d4e3ef5cb0479a30f7b91446eca8377,,backend_candidate_not_final_identity; scores_not_cross_backend_probabilities
celltypepilot.backend-candidates.v1,2::4,popv,reference_ensemble,reference_ensemble,decision_candidate,respiratory basal cell,Basal cell,,CL:0002633,canonical_or_alias,True,0.03929273084479371,within_backend_cluster_top1_vote_fraction_not_probability,4,oof_predictions_sha256:faa38c9f6c381ebcabe5ddf5543095cd9d4e3ef5cb0479a30f7b91446eca8377,,backend_candidate_not_final_identity; scores_not_cross_backend_probabilities
celltypepilot.backend-candidates.v1,2::4,popv,reference_ensemble,reference_ensemble,decision_candidate,epithelial cell,Epithelial cell,,CL:0000066,canonical_or_alias,True,0.011787819253438114,within_backend_cluster_top1_vote_fraction_not_probability,5,oof_predictions_sha256:faa38c9f6c381ebcabe5ddf5543095cd9d4e3ef5cb0479a30f7b91446eca8377,,backend_candidate_not_final_identity; scores_not_cross_backend_probabilities
celltypepilot.backend-candidates.v1,2::4,popv,reference_ensemble,reference_ensemble,decision_candidate,lung multiciliated epithelial cell,Ciliated cell,,CL:0002145,canonical_or_alias,True,0.003929273084479371,within_backend_cluster_top1_vote_fraction_not_probability,6,oof_predictions_sha256:faa38c9f6c381ebcabe5ddf5543095cd9d4e3ef5cb0479a30f7b91446eca8377,,backend_candidate_not_final_identity; scores_not_cross_backend_probabilities
celltypepilot.backend-candidates.v1,2::4,popv,reference_ensemble,reference_ensemble,decision_candidate,classical monocyte,Classical monocyte,,CL:0000860,canonical_or_alias,True,0.0019646365422396855,within_backend_cluster_top1_vote_fraction_not_probability,7,oof_predictions_sha256:faa38c9f6c381ebcabe5ddf5543095cd9d4e3ef5cb0479a30f7b91446eca8377,,backend_candidate_not_final_identity; scores_not_cross_backend_probabilities
celltypepilot.backend-candidates.v1,2::4,singler,reference_correlation,reference_correlation,decision_candidate,pulmonary alveolar type 2 cell,Alveolar type 2 cell,,CL:0002063,canonical_or_alias,True,0.6994106090373281,within_backend_cluster_top1_vote_fraction_not_probability,1,oof_predictions_sha256:faa38c9f6c381ebcabe5ddf5543095cd9d4e3ef5cb0479a30f7b91446eca8377,,backend_candidate_not_final_identity; scores_not_cross_backend_probabilities
celltypepilot.backend-candidates.v1,2::4,singler,reference_correlation,reference_correlation,decision_candidate,pulmonary alveolar type 1 cell,Alveolar type 1 cell,,CL:0002062,canonical_or_alias,True,0.14734774066797643,within_backend_cluster_top1_vote_fraction_not_probability,2,oof_predictions_sha256:faa38c9f6c381ebcabe5ddf5543095cd9d4e3ef5cb0479a30f7b91446eca8377,,backend_candidate_not_final_identity; scores_not_cross_backend_probabilities
celltypepilot.backend-candidates.v1,2::4,singler,reference_correlation,reference_correlation,decision_candidate,club cell,Club cell,,CL:0000158,canonical_or_alias,True,0.04518664047151277,within_backend_cluster_top1_vote_fraction_not_probability,3,oof_predictions_sha256:faa38c9f6c381ebcabe5ddf5543095cd9d4e3ef5cb0479a30f7b91446eca8377,,backend_candidate_not_final_identity; scores_not_cross_backend_probabilities
celltypepilot.backend-candidates.v1,2::4,singler,reference_correlation,reference_correlation,decision_candidate,respiratory basal cell,Basal cell,,CL:0002633,canonical_or_alias,True,0.03339882121807466,within_backend_cluster_top1_vote_fraction_not_probability,4,oof_predictions_sha256:faa38c9f6c381ebcabe5ddf5543095cd9d4e3ef5cb0479a30f7b91446eca8377,,backend_candidate_not_final_identity; scores_not_cross_backend_probabilities
celltypepilot.backend-candidates.v1,2::4,singler,reference_correlation,reference_correlation,decision_candidate,epithelial cell,Epithelial cell,,CL:0000066,canonical_or_alias,True,0.025540275049115914,within_backend_cluster_top1_vote_fraction_not_probability,5,oof_predictions_sha256:faa38c9f6c381ebcabe5ddf5543095cd9d4e3ef5cb0479a30f7b91446eca8377,,backend_candidate_not_final_identity; scores_not_cross_backend_probabilities
celltypepilot.backend-candidates.v1,2::4,singler,reference_correlation,reference_correlation,decision_candidate,lung goblet cell,Goblet cell,,CL:0002370,canonical_or_alias,True,0.023575638506876228,within_backend_cluster_top1_vote_fraction_not_probability,6,oof_predictions_sha256:faa38c9f6c381ebcabe5ddf5543095cd9d4e3ef5cb0479a30f7b91446eca8377,,backend_candidate_not_final_identity; scores_not_cross_backend_probabilities
celltypepilot.backend-candidates.v1,2::4,singler,reference_correlation,reference_correlation,decision_candidate,Unknown,Unknown,,,unresolved,False,0.0137524557956778,within_backend_cluster_top1_vote_fraction_not_probability,7,oof_predictions_sha256:faa38c9f6c381ebcabe5ddf5543095cd9d4e3ef5cb0479a30f7b91446eca8377,,backend_candidate_not_final_identity; scores_not_cross_backend_probabilities
celltypepilot.backend-candidates.v1,2::4,singler,reference_correlation,reference_correlation,decision_candidate,basal cell,Basal cell,,CL:0002633,canonical_or_alias,True,0.007858546168958742,within_backend_cluster_top1_vote_fraction_not_probability,8,oof_predictions_sha256:faa38c9f6c381ebcabe5ddf5543095cd9d4e3ef5cb0479a30f7b91446eca8377,,backend_candidate_not_final_identity; scores_not_cross_backend_probabilities
celltypepilot.backend-candidates.v1,2::4,singler,reference_correlation,reference_correlation,decision_candidate,intermediate monocyte,Monocyte,,CL:0000576,explicit_safe_parent_fallback,True,0.0019646365422396855,within_backend_cluster_top1_vote_fraction_not_probability,9,oof_predictions_sha256:faa38c9f6c381ebcabe5ddf5543095cd9d4e3ef5cb0479a30f7b91446eca8377,,backend_candidate_not_final_identity; scores_not_cross_backend_probabilities
celltypepilot.backend-candidates.v1,2::4,singler,reference_correlation,reference_correlation,decision_candidate,lung multiciliated epithelial cell,Ciliated cell,,CL:0002145,canonical_or_alias,True,0.0019646365422396855,within_backend_cluster_top1_vote_fraction_not_probability,10,oof_predictions_sha256:faa38c9f6c381ebcabe5ddf5543095cd9d4e3ef5cb0479a30f7b91446eca8377,,backend_candidate_not_final_identity; scores_not_cross_backend_probabilities
celltypepilot.backend-candidates.v1,2::5,celltypist,reference_linear,reference_linear,decision_candidate,pericyte,Pericyte,,CL:0000669,canonical_or_alias,True,0.675,within_backend_cluster_top1_vote_fraction_not_probability,1,oof_predictions_sha256:faa38c9f6c381ebcabe5ddf5543095cd9d4e3ef5cb0479a30f7b91446eca8377,,backend_candidate_not_final_identity; scores_not_cross_backend_probabilities
celltypepilot.backend-candidates.v1,2::5,celltypist,reference_linear,reference_linear,decision_candidate,fibroblast,Fibroblast,,CL:0000057,canonical_or_alias,True,0.2,within_backend_cluster_top1_vote_fraction_not_probability,2,oof_predictions_sha256:faa38c9f6c381ebcabe5ddf5543095cd9d4e3ef5cb0479a30f7b91446eca8377,,backend_candidate_not_final_identity; scores_not_cross_backend_probabilities
celltypepilot.backend-candidates.v1,2::5,celltypist,reference_linear,reference_linear,decision_candidate,vascular associated smooth muscle cell,vascular associated smooth muscle cell,,,unresolved,False,0.04423076923076923,within_backend_cluster_top1_vote_fraction_not_probability,3,oof_predictions_sha256:faa38c9f6c381ebcabe5ddf5543095cd9d4e3ef5cb0479a30f7b91446eca8377,,backend_candidate_not_final_identity; scores_not_cross_backend_probabilities
celltypepilot.backend-candidates.v1,2::5,celltypist,reference_linear,reference_linear,decision_candidate,bronchial smooth muscle cell,Bronchial smooth muscle cell,,CL:0002598,canonical_or_alias,True,0.021153846153846155,within_backend_cluster_top1_vote_fraction_not_probability,4,oof_predictions_sha256:faa38c9f6c381ebcabe5ddf5543095cd9d4e3ef5cb0479a30f7b91446eca8377,,backend_candidate_not_final_identity; scores_not_cross_backend_probabilities
celltypepilot.backend-candidates.v1,2::5,celltypist,reference_linear,reference_linear,decision_candidate,lung multiciliated epithelial cell,Ciliated cell,,CL:0002145,canonical_or_alias,True,0.021153846153846155,within_backend_cluster_top1_vote_fraction_not_probability,5,oof_predictions_sha256:faa38c9f6c381ebcabe5ddf5543095cd9d4e3ef5cb0479a30f7b91446eca8377,,backend_candidate_not_final_identity; scores_not_cross_backend_probabilities
celltypepilot.backend-candidates.v1,2::5,celltypist,reference_linear,reference_linear,decision_candidate,endothelial cell of lymphatic vessel,Endothelial cell,,CL:0000115,explicit_safe_parent_fallback,True,0.011538461538461539,within_backend_cluster_top1_vote_fraction_not_probability,6,oof_predictions_sha256:faa38c9f6c381ebcabe5ddf5543095cd9d4e3ef5cb0479a30f7b91446eca8377,,backend_candidate_not_final_identity; scores_not_cross_backend_probabilities
celltypepilot.backend-candidates.v1,2::5,celltypist,reference_linear,reference_linear,decision_candidate,myofibroblast cell,myofibroblast cell,,,unresolved,False,0.007692307692307693,within_backend_cluster_top1_vote_fraction_not_probability,7,oof_predictions_sha256:faa38c9f6c381ebcabe5ddf5543095cd9d4e3ef5cb0479a30f7b91446eca8377,,backend_candidate_not_final_identity; scores_not_cross_backend_probabilities
celltypepilot.backend-candidates.v1,2::5,celltypist,reference_linear,reference_linear,decision_candidate,pulmonary alveolar type 1 cell,Alveolar type 1 cell,,CL:0002062,canonical_or_alias,True,0.007692307692307693,within_backend_cluster_top1_vote_fraction_not_probability,8,oof_predictions_sha256:faa38c9f6c381ebcabe5ddf5543095cd9d4e3ef5cb0479a30f7b91446eca8377,,backend_candidate_not_final_identity; scores_not_cross_backend_probabilities
celltypepilot.backend-candidates.v1,2::5,celltypist,reference_linear,reference_linear,decision_candidate,club cell,Club cell,,CL:0000158,canonical_or_alias,True,0.0038461538461538464,within_backend_cluster_top1_vote_fraction_not_probability,9,oof_predictions_sha256:faa38c9f6c381ebcabe5ddf5543095cd9d4e3ef5cb0479a30f7b91446eca8377,,backend_candidate_not_final_identity; scores_not_cross_backend_probabilities
celltypepilot.backend-candidates.v1,2::5,celltypist,reference_linear,reference_linear,decision_candidate,endothelial cell,Endothelial cell,,CL:0000115,canonical_or_alias,True,0.0038461538461538464,within_backend_cluster_top1_vote_fraction_not_probability,10,oof_predictions_sha256:faa38c9f6c381ebcabe5ddf5543095cd9d4e3ef5cb0479a30f7b91446eca8377,,backend_candidate_not_final_identity; scores_not_cross_backend_probabilities
celltypepilot.backend-candidates.v1,2::5,celltypist,reference_linear,reference_linear,decision_candidate,dendritic cell,Dendritic cell,,CL:0000451,canonical_or_alias,True,0.0019230769230769232,within_backend_cluster_top1_vote_fraction_not_probability,11,oof_predictions_sha256:faa38c9f6c381ebcabe5ddf5543095cd9d4e3ef5cb0479a30f7b91446eca8377,,backend_candidate_not_final_identity; scores_not_cross_backend_probabilities
celltypepilot.backend-candidates.v1,2::5,celltypist,reference_linear,reference_linear,decision_candidate,pulmonary alveolar type 2 cell,Alveolar type 2 cell,,CL:0002063,canonical_or_alias,True,0.0019230769230769232,within_backend_cluster_top1_vote_fraction_not_probability,12,oof_predictions_sha256:faa38c9f6c381ebcabe5ddf5543095cd9d4e3ef5cb0479a30f7b91446eca8377,,backend_candidate_not_final_identity; scores_not_cross_backend_probabilities
celltypepilot.backend-candidates.v1,2::5,popv,reference_ensemble,reference_ensemble,decision_candidate,pericyte,Pericyte,,CL:0000669,canonical_or_alias,True,0.65,within_backend_cluster_top1_vote_fraction_not_probability,1,oof_predictions_sha256:faa38c9f6c381ebcabe5ddf5543095cd9d4e3ef5cb0479a30f7b91446eca8377,,backend_candidate_not_final_identity; scores_not_cross_backend_probabilities
celltypepilot.backend-candidates.v1,2::5,popv,reference_ensemble,reference_ensemble,decision_candidate,fibroblast,Fibroblast,,CL:0000057,canonical_or_alias,True,0.19230769230769232,within_backend_cluster_top1_vote_fraction_not_probability,2,oof_predictions_sha256:faa38c9f6c381ebcabe5ddf5543095cd9d4e3ef5cb0479a30f7b91446eca8377,,backend_candidate_not_final_identity; scores_not_cross_backend_probabilities
celltypepilot.backend-candidates.v1,2::5,popv,reference_ensemble,reference_ensemble,decision_candidate,vascular associated smooth muscle cell,vascular associated smooth muscle cell,,,unresolved,False,0.04807692307692308,within_backend_cluster_top1_vote_fraction_not_probability,3,oof_predictions_sha256:faa38c9f6c381ebcabe5ddf5543095cd9d4e3ef5cb0479a30f7b91446eca8377,,backend_candidate_not_final_identity; scores_not_cross_backend_probabilities
celltypepilot.backend-candidates.v1,2::5,popv,reference_ensemble,reference_ensemble,decision_candidate,bronchial smooth muscle cell,Bronchial smooth muscle cell,,CL:0002598,canonical_or_alias,True,0.04423076923076923,within_backend_cluster_top1_vote_fraction_not_probability,4,oof_predictions_sha256:faa38c9f6c381ebcabe5ddf5543095cd9d4e3ef5cb0479a30f7b91446eca8377,,backend_candidate_not_final_identity; scores_not_cross_backend_probabilities
celltypepilot.backend-candidates.v1,2::5,popv,reference_ensemble,reference_ensemble,decision_candidate,lung multiciliated epithelial cell,Ciliated cell,,CL:0002145,canonical_or_alias,True,0.021153846153846155,within_backend_cluster_top1_vote_fraction_not_probability,5,oof_predictions_sha256:faa38c9f6c381ebcabe5ddf5543095cd9d4e3ef5cb0479a30f7b91446eca8377,,backend_candidate_not_final_identity; scores_not_cross_backend_probabilities
celltypepilot.backend-candidates.v1,2::5,popv,reference_ensemble,reference_ensemble,decision_candidate,myofibroblast cell,myofibroblast cell,,,unresolved,False,0.013461538461538462,within_backend_cluster_top1_vote_fraction_not_probability,6,oof_predictions_sha256:faa38c9f6c381ebcabe5ddf5543095cd9d4e3ef5cb0479a30f7b91446eca8377,,backend_candidate_not_final_identity; scores_not_cross_backend_probabilities
celltypepilot.backend-candidates.v1,2::5,popv,reference_ensemble,reference_ensemble,decision_candidate,endothelial cell of lymphatic vessel,Endothelial cell,,CL:0000115,explicit_safe_parent_fallback,True,0.011538461538461539,within_backend_cluster_top1_vote_fraction_not_probability,7,oof_predictions_sha256:faa38c9f6c381ebcabe5ddf5543095cd9d4e3ef5cb0479a30f7b91446eca8377,,backend_candidate_not_final_identity; scores_not_cross_backend_probabilities
celltypepilot.backend-candidates.v1,2::5,popv,reference_ensemble,reference_ensemble,decision_candidate,pulmonary alveolar type 1 cell,Alveolar type 1 cell,,CL:0002062,canonical_or_alias,True,0.007692307692307693,within_backend_cluster_top1_vote_fraction_not_probability,8,oof_predictions_sha256:faa38c9f6c381ebcabe5ddf5543095cd9d4e3ef5cb0479a30f7b91446eca8377,,backend_candidate_not_final_identity; scores_not_cross_backend_probabilities
celltypepilot.backend-candidates.v1,2::5,popv,reference_ensemble,reference_ensemble,decision_candidate,club cell,Club cell,,CL:0000158,canonical_or_alias,True,0.0038461538461538464,within_backend_cluster_top1_vote_fraction_not_probability,9,oof_predictions_sha256:faa38c9f6c381ebcabe5ddf5543095cd9d4e3ef5cb0479a30f7b91446eca8377,,backend_candidate_not_final_identity; scores_not_cross_backend_probabilities
celltypepilot.backend-candidates.v1,2::5,popv,reference_ensemble,reference_ensemble,decision_candidate,endothelial cell,Endothelial cell,,CL:0000115,canonical_or_alias,True,0.0038461538461538464,within_backend_cluster_top1_vote_fraction_not_probability,10,oof_predictions_sha256:faa38c9f6c381ebcabe5ddf5543095cd9d4e3ef5cb0479a30f7b91446eca8377,,backend_candidate_not_final_identity; scores_not_cross_backend_probabilities
celltypepilot.backend-candidates.v1,2::5,popv,reference_ensemble,reference_ensemble,decision_candidate,dendritic cell,Dendritic cell,,CL:0000451,canonical_or_alias,True,0.0019230769230769232,within_backend_cluster_top1_vote_fraction_not_probability,11,oof_predictions_sha256:faa38c9f6c381ebcabe5ddf5543095cd9d4e3ef5cb0479a30f7b91446eca8377,,backend_candidate_not_final_identity; scores_not_cross_backend_probabilities
celltypepilot.backend-candidates.v1,2::5,popv,reference_ensemble,reference_ensemble,decision_candidate,pulmonary alveolar type 2 cell,Alveolar type 2 cell,,CL:0002063,canonical_or_alias,True,0.0019230769230769232,within_backend_cluster_top1_vote_fraction_not_probability,12,oof_predictions_sha256:faa38c9f6c381ebcabe5ddf5543095cd9d4e3ef5cb0479a30f7b91446eca8377,,backend_candidate_not_final_identity; scores_not_cross_backend_probabilities
celltypepilot.backend-candidates.v1,2::5,singler,reference_correlation,reference_correlation,decision_candidate,pericyte,Pericyte,,CL:0000669,canonical_or_alias,True,0.6692307692307692,within_backend_cluster_top1_vote_fraction_not_probability,1,oof_predictions_sha256:faa38c9f6c381ebcabe5ddf5543095cd9d4e3ef5cb0479a30f7b91446eca8377,,backend_candidate_not_final_identity; scores_not_cross_backend_probabilities
celltypepilot.backend-candidates.v1,2::5,singler,reference_correlation,reference_correlation,decision_candidate,fibroblast,Fibroblast,,CL:0000057,canonical_or_alias,True,0.16153846153846155,within_backend_cluster_top1_vote_fraction_not_probability,2,oof_predictions_sha256:faa38c9f6c381ebcabe5ddf5543095cd9d4e3ef5cb0479a30f7b91446eca8377,,backend_candidate_not_final_identity; scores_not_cross_backend_probabilities
celltypepilot.backend-candidates.v1,2::5,singler,reference_correlation,reference_correlation,decision_candidate,vascular associated smooth muscle cell,vascular associated smooth muscle cell,,,unresolved,False,0.06346153846153846,within_backend_cluster_top1_vote_fraction_not_probability,3,oof_predictions_sha256:faa38c9f6c381ebcabe5ddf5543095cd9d4e3ef5cb0479a30f7b91446eca8377,,backend_candidate_not_final_identity; scores_not_cross_backend_probabilities
celltypepilot.backend-candidates.v1,2::5,singler,reference_correlation,reference_correlation,decision_candidate,pulmonary interstitial fibroblast,Pulmonary interstitial fibroblast,,CL:0002241,canonical_or_alias,True,0.023076923076923078,within_backend_cluster_top1_vote_fraction_not_probability,4,oof_predictions_sha256:faa38c9f6c381ebcabe5ddf5543095cd9d4e3ef5cb0479a30f7b91446eca8377,,backend_candidate_not_final_identity; scores_not_cross_backend_probabilities
celltypepilot.backend-candidates.v1,2::5,singler,reference_correlation,reference_correlation,decision_candidate,myofibroblast cell,myofibroblast cell,,,unresolved,False,0.019230769230769232,within_backend_cluster_top1_vote_fraction_not_probability,5,oof_predictions_sha256:faa38c9f6c381ebcabe5ddf5543095cd9d4e3ef5cb0479a30f7b91446eca8377,,backend_candidate_not_final_identity; scores_not_cross_backend_probabilities
celltypepilot.backend-candidates.v1,2::5,singler,reference_correlation,reference_correlation,decision_candidate,Unknown,Unknown,,,unresolved,False,0.01730769230769231,within_backend_cluster_top1_vote_fraction_not_probability,6,oof_predictions_sha256:faa38c9f6c381ebcabe5ddf5543095cd9d4e3ef5cb0479a30f7b91446eca8377,,backend_candidate_not_final_identity; scores_not_cross_backend_probabilities
celltypepilot.backend-candidates.v1,2::5,singler,reference_correlation,reference_correlation,decision_candidate,lung multiciliated epithelial cell,Ciliated cell,,CL:0002145,canonical_or_alias,True,0.015384615384615385,within_backend_cluster_top1_vote_fraction_not_probability,7,oof_predictions_sha256:faa38c9f6c381ebcabe5ddf5543095cd9d4e3ef5cb0479a30f7b91446eca8377,,backend_candidate_not_final_identity; scores_not_cross_backend_probabilities
celltypepilot.backend-candidates.v1,2::5,singler,reference_correlation,reference_correlation,decision_candidate,endothelial cell of lymphatic vessel,Endothelial cell,,CL:0000115,explicit_safe_parent_fallback,True,0.011538461538461539,within_backend_cluster_top1_vote_fraction_not_probability,8,oof_predictions_sha256:faa38c9f6c381ebcabe5ddf5543095cd9d4e3ef5cb0479a30f7b91446eca8377,,backend_candidate_not_final_identity; scores_not_cross_backend_probabilities
celltypepilot.backend-candidates.v1,2::5,singler,reference_correlation,reference_correlation,decision_candidate,bronchial smooth muscle cell,Bronchial smooth muscle cell,,CL:0002598,canonical_or_alias,True,0.007692307692307693,within_backend_cluster_top1_vote_fraction_not_probability,9,oof_predictions_sha256:faa38c9f6c381ebcabe5ddf5543095cd9d4e3ef5cb0479a30f7b91446eca8377,,backend_candidate_not_final_identity; scores_not_cross_backend_probabilities
celltypepilot.backend-candidates.v1,2::5,singler,reference_correlation,reference_correlation,decision_candidate,pulmonary alveolar type 1 cell,Alveolar type 1 cell,,CL:0002062,canonical_or_alias,True,0.007692307692307693,within_backend_cluster_top1_vote_fraction_not_probability,10,oof_predictions_sha256:faa38c9f6c381ebcabe5ddf5543095cd9d4e3ef5cb0479a30f7b91446eca8377,,backend_candidate_not_final_identity; scores_not_cross_backend_probabilities
celltypepilot.backend-candidates.v1,2::5,singler,reference_correlation,reference_correlation,decision_candidate,dendritic cell,Dendritic cell,,CL:0000451,canonical_or_alias,True,0.0019230769230769232,within_backend_cluster_top1_vote_fraction_not_probability,11,oof_predictions_sha256:faa38c9f6c381ebcabe5ddf5543095cd9d4e3ef5cb0479a30f7b91446eca8377,,backend_candidate_not_final_identity; scores_not_cross_backend_probabilities
celltypepilot.backend-candidates.v1,2::5,singler,reference_correlation,reference_correlation,decision_candidate,endothelial cell,Endothelial cell,,CL:0000115,canonical_or_alias,True,0.0019230769230769232,within_backend_cluster_top1_vote_fraction_not_probability,12,oof_predictions_sha256:faa38c9f6c381ebcabe5ddf5543095cd9d4e3ef5cb0479a30f7b91446eca8377,,backend_candidate_not_final_identity; scores_not_cross_backend_probabilities
celltypepilot.backend-candidates.v1,3::0,celltypist,reference_linear,reference_linear,decision_candidate,pulmonary alveolar type 1 cell,Alveolar type 1 cell,,CL:0002062,canonical_or_alias,True,0.9945054945054945,within_backend_cluster_top1_vote_fraction_not_probability,1,oof_predictions_sha256:faa38c9f6c381ebcabe5ddf5543095cd9d4e3ef5cb0479a30f7b91446eca8377,,backend_candidate_not_final_identity; scores_not_cross_backend_probabilities
celltypepilot.backend-candidates.v1,3::0,celltypist,reference_linear,reference_linear,decision_candidate,epithelial cell,Epithelial cell,,CL:0000066,canonical_or_alias,True,0.005494505494505495,within_backend_cluster_top1_vote_fraction_not_probability,2,oof_predictions_sha256:faa38c9f6c381ebcabe5ddf5543095cd9d4e3ef5cb0479a30f7b91446eca8377,,backend_candidate_not_final_identity; scores_not_cross_backend_probabilities
celltypepilot.backend-candidates.v1,3::0,popv,reference_ensemble,reference_ensemble,decision_candidate,pulmonary alveolar type 1 cell,Alveolar type 1 cell,,CL:0002062,canonical_or_alias,True,0.989010989010989,within_backend_cluster_top1_vote_fraction_not_probability,1,oof_predictions_sha256:faa38c9f6c381ebcabe5ddf5543095cd9d4e3ef5cb0479a30f7b91446eca8377,,backend_candidate_not_final_identity; scores_not_cross_backend_probabilities
celltypepilot.backend-candidates.v1,3::0,popv,reference_ensemble,reference_ensemble,decision_candidate,club cell,Club cell,,CL:0000158,canonical_or_alias,True,0.005494505494505495,within_backend_cluster_top1_vote_fraction_not_probability,2,oof_predictions_sha256:faa38c9f6c381ebcabe5ddf5543095cd9d4e3ef5cb0479a30f7b91446eca8377,,backend_candidate_not_final_identity; scores_not_cross_backend_probabilities
celltypepilot.backend-candidates.v1,3::0,popv,reference_ensemble,reference_ensemble,decision_candidate,epithelial cell,Epithelial cell,,CL:0000066,canonical_or_alias,True,0.005494505494505495,within_backend_cluster_top1_vote_fraction_not_probability,3,oof_predictions_sha256:faa38c9f6c381ebcabe5ddf5543095cd9d4e3ef5cb0479a30f7b91446eca8377,,backend_candidate_not_final_identity; scores_not_cross_backend_probabilities
celltypepilot.backend-candidates.v1,3::0,singler,reference_correlation,reference_correlation,decision_candidate,pulmonary alveolar type 1 cell,Alveolar type 1 cell,,CL:0002062,canonical_or_alias,True,0.9835164835164835,within_backend_cluster_top1_vote_fraction_not_probability,1,oof_predictions_sha256:faa38c9f6c381ebcabe5ddf5543095cd9d4e3ef5cb0479a30f7b91446eca8377,,backend_candidate_not_final_identity; scores_not_cross_backend_probabilities
celltypepilot.backend-candidates.v1,3::0,singler,reference_correlation,reference_correlation,decision_candidate,Unknown,Unknown,,,unresolved,False,0.01098901098901099,within_backend_cluster_top1_vote_fraction_not_probability,2,oof_predictions_sha256:faa38c9f6c381ebcabe5ddf5543095cd9d4e3ef5cb0479a30f7b91446eca8377,,backend_candidate_not_final_identity; scores_not_cross_backend_probabilities
celltypepilot.backend-candidates.v1,3::0,singler,reference_correlation,reference_correlation,decision_candidate,epithelial cell,Epithelial cell,,CL:0000066,canonical_or_alias,True,0.005494505494505495,within_backend_cluster_top1_vote_fraction_not_probability,3,oof_predictions_sha256:faa38c9f6c381ebcabe5ddf5543095cd9d4e3ef5cb0479a30f7b91446eca8377,,backend_candidate_not_final_identity; scores_not_cross_backend_probabilities
celltypepilot.backend-candidates.v1,3::1,celltypist,reference_linear,reference_linear,decision_candidate,fibroblast,Fibroblast,,CL:0000057,canonical_or_alias,True,0.5828571428571429,within_backend_cluster_top1_vote_fraction_not_probability,1,oof_predictions_sha256:faa38c9f6c381ebcabe5ddf5543095cd9d4e3ef5cb0479a30f7b91446eca8377,,backend_candidate_not_final_identity; scores_not_cross_backend_probabilities
celltypepilot.backend-candidates.v1,3::1,celltypist,reference_linear,reference_linear,decision_candidate,bronchial smooth muscle cell,Bronchial smooth muscle cell,,CL:0002598,canonical_or_alias,True,0.17523809523809525,within_backend_cluster_top1_vote_fraction_not_probability,2,oof_predictions_sha256:faa38c9f6c381ebcabe5ddf5543095cd9d4e3ef5cb0479a30f7b91446eca8377,,backend_candidate_not_final_identity; scores_not_cross_backend_probabilities
celltypepilot.backend-candidates.v1,3::1,celltypist,reference_linear,reference_linear,decision_candidate,pericyte,Pericyte,,CL:0000669,canonical_or_alias,True,0.17333333333333334,within_backend_cluster_top1_vote_fraction_not_probability,3,oof_predictions_sha256:faa38c9f6c381ebcabe5ddf5543095cd9d4e3ef5cb0479a30f7b91446eca8377,,backend_candidate_not_final_identity; scores_not_cross_backend_probabilities
celltypepilot.backend-candidates.v1,3::1,celltypist,reference_linear,reference_linear,decision_candidate,endothelial cell,Endothelial cell,,CL:0000115,canonical_or_alias,True,0.017142857142857144,within_backend_cluster_top1_vote_fraction_not_probability,4,oof_predictions_sha256:faa38c9f6c381ebcabe5ddf5543095cd9d4e3ef5cb0479a30f7b91446eca8377,,backend_candidate_not_final_identity; scores_not_cross_backend_probabilities
celltypepilot.backend-candidates.v1,3::1,celltypist,reference_linear,reference_linear,decision_candidate,vascular associated smooth muscle cell,vascular associated smooth muscle cell,,,unresolved,False,0.017142857142857144,within_backend_cluster_top1_vote_fraction_not_probability,5,oof_predictions_sha256:faa38c9f6c381ebcabe5ddf5543095cd9d4e3ef5cb0479a30f7b91446eca8377,,backend_candidate_not_final_identity; scores_not_cross_backend_probabilities
celltypepilot.backend-candidates.v1,3::1,celltypist,reference_linear,reference_linear,decision_candidate,endothelial cell of lymphatic vessel,Endothelial cell,,CL:0000115,explicit_safe_parent_fallback,True,0.011428571428571429,within_backend_cluster_top1_vote_fraction_not_probability,6,oof_predictions_sha256:faa38c9f6c381ebcabe5ddf5543095cd9d4e3ef5cb0479a30f7b91446eca8377,,backend_candidate_not_final_identity; scores_not_cross_backend_probabilities
celltypepilot.backend-candidates.v1,3::1,celltypist,reference_linear,reference_linear,decision_candidate,capillary endothelial cell,Capillary endothelial cell,,CL:0002144,canonical_or_alias,True,0.009523809523809525,within_backend_cluster_top1_vote_fraction_not_probability,7,oof_predictions_sha256:faa38c9f6c381ebcabe5ddf5543095cd9d4e3ef5cb0479a30f7b91446eca8377,,backend_candidate_not_final_identity; scores_not_cross_backend_probabilities
celltypepilot.backend-candidates.v1,3::1,celltypist,reference_linear,reference_linear,decision_candidate,endothelial cell of artery,Endothelial cell,,CL:0000115,explicit_safe_parent_fallback,True,0.0038095238095238095,within_backend_cluster_top1_vote_fraction_not_probability,8,oof_predictions_sha256:faa38c9f6c381ebcabe5ddf5543095cd9d4e3ef5cb0479a30f7b91446eca8377,,backend_candidate_not_final_identity; scores_not_cross_backend_probabilities
celltypepilot.backend-candidates.v1,3::1,celltypist,reference_linear,reference_linear,decision_candidate,myofibroblast cell,myofibroblast cell,,,unresolved,False,0.0038095238095238095,within_backend_cluster_top1_vote_fraction_not_probability,9,oof_predictions_sha256:faa38c9f6c381ebcabe5ddf5543095cd9d4e3ef5cb0479a30f7b91446eca8377,,backend_candidate_not_final_identity; scores_not_cross_backend_probabilities
celltypepilot.backend-candidates.v1,3::1,celltypist,reference_linear,reference_linear,decision_candidate,"dendritic cell, human",Dendritic cell,,CL:0000451,canonical_or_alias,True,0.0019047619047619048,within_backend_cluster_top1_vote_fraction_not_probability,10,oof_predictions_sha256:faa38c9f6c381ebcabe5ddf5543095cd9d4e3ef5cb0479a30f7b91446eca8377,,backend_candidate_not_final_identity; scores_not_cross_backend_probabilities
celltypepilot.backend-candidates.v1,3::1,celltypist,reference_linear,reference_linear,decision_candidate,myeloid leukocyte,myeloid leukocyte,,,unresolved,False,0.0019047619047619048,within_backend_cluster_top1_vote_fraction_not_probability,11,oof_predictions_sha256:faa38c9f6c381ebcabe5ddf5543095cd9d4e3ef5cb0479a30f7b91446eca8377,,backend_candidate_not_final_identity; scores_not_cross_backend_probabilities
celltypepilot.backend-candidates.v1,3::1,celltypist,reference_linear,reference_linear,decision_candidate,pulmonary neuroendocrine cell,pulmonary neuroendocrine cell,,,unresolved,False,0.0019047619047619048,within_backend_cluster_top1_vote_fraction_not_probability,12,oof_predictions_sha256:faa38c9f6c381ebcabe5ddf5543095cd9d4e3ef5cb0479a30f7b91446eca8377,,backend_candidate_not_final_identity; scores_not_cross_backend_probabilities
celltypepilot.backend-candidates.v1,3::1,popv,reference_ensemble,reference_ensemble,decision_candidate,fibroblast,Fibroblast,,CL:0000057,canonical_or_alias,True,0.539047619047619,within_backend_cluster_top1_vote_fraction_not_probability,1,oof_predictions_sha256:faa38c9f6c381ebcabe5ddf5543095cd9d4e3ef5cb0479a30f7b91446eca8377,,backend_candidate_not_final_identity; scores_not_cross_backend_probabilities
celltypepilot.backend-candidates.v1,3::1,popv,reference_ensemble,reference_ensemble,decision_candidate,bronchial smooth muscle cell,Bronchial smooth muscle cell,,CL:0002598,canonical_or_alias,True,0.2038095238095238,within_backend_cluster_top1_vote_fraction_not_probability,2,oof_predictions_sha256:faa38c9f6c381ebcabe5ddf5543095cd9d4e3ef5cb0479a30f7b91446eca8377,,backend_candidate_not_final_identity; scores_not_cross_backend_probabilities
celltypepilot.backend-candidates.v1,3::1,popv,reference_ensemble,reference_ensemble,decision_candidate,pericyte,Pericyte,,CL:0000669,canonical_or_alias,True,0.17333333333333334,within_backend_cluster_top1_vote_fraction_not_probability,3,oof_predictions_sha256:faa38c9f6c381ebcabe5ddf5543095cd9d4e3ef5cb0479a30f7b91446eca8377,,backend_candidate_not_final_identity; scores_not_cross_backend_probabilities
celltypepilot.backend-candidates.v1,3::1,popv,reference_ensemble,reference_ensemble,decision_candidate,vascular associated smooth muscle cell,vascular associated smooth muscle cell,,,unresolved,False,0.02095238095238095,within_backend_cluster_top1_vote_fraction_not_probability,4,oof_predictions_sha256:faa38c9f6c381ebcabe5ddf5543095cd9d4e3ef5cb0479a30f7b91446eca8377,,backend_candidate_not_final_identity; scores_not_cross_backend_probabilities
celltypepilot.backend-candidates.v1,3::1,popv,reference_ensemble,reference_ensemble,decision_candidate,endothelial cell,Endothelial cell,,CL:0000115,canonical_or_alias,True,0.015238095238095238,within_backend_cluster_top1_vote_fraction_not_probability,5,oof_predictions_sha256:faa38c9f6c381ebcabe5ddf5543095cd9d4e3ef5cb0479a30f7b91446eca8377,,backend_candidate_not_final_identity; scores_not_cross_backend_probabilities
celltypepilot.backend-candidates.v1,3::1,popv,reference_ensemble,reference_ensemble,decision_candidate,myofibroblast cell,myofibroblast cell,,,unresolved,False,0.015238095238095238,within_backend_cluster_top1_vote_fraction_not_probability,6,oof_predictions_sha256:faa38c9f6c381ebcabe5ddf5543095cd9d4e3ef5cb0479a30f7b91446eca8377,,backend_candidate_not_final_identity; scores_not_cross_backend_probabilities
celltypepilot.backend-candidates.v1,3::1,popv,reference_ensemble,reference_ensemble,decision_candidate,capillary endothelial cell,Capillary endothelial cell,,CL:0002144,canonical_or_alias,True,0.011428571428571429,within_backend_cluster_top1_vote_fraction_not_probability,7,oof_predictions_sha256:faa38c9f6c381ebcabe5ddf5543095cd9d4e3ef5cb0479a30f7b91446eca8377,,backend_candidate_not_final_identity; scores_not_cross_backend_probabilities
celltypepilot.backend-candidates.v1,3::1,popv,reference_ensemble,reference_ensemble,decision_candidate,endothelial cell of lymphatic vessel,Endothelial cell,,CL:0000115,explicit_safe_parent_fallback,True,0.011428571428571429,within_backend_cluster_top1_vote_fraction_not_probability,8,oof_predictions_sha256:faa38c9f6c381ebcabe5ddf5543095cd9d4e3ef5cb0479a30f7b91446eca8377,,backend_candidate_not_final_identity; scores_not_cross_backend_probabilities
celltypepilot.backend-candidates.v1,3::1,popv,reference_ensemble,reference_ensemble,decision_candidate,endothelial cell of artery,Endothelial cell,,CL:0000115,explicit_safe_parent_fallback,True,0.0038095238095238095,within_backend_cluster_top1_vote_fraction_not_probability,9,oof_predictions_sha256:faa38c9f6c381ebcabe5ddf5543095cd9d4e3ef5cb0479a30f7b91446eca8377,,backend_candidate_not_final_identity; scores_not_cross_backend_probabilities
celltypepilot.backend-candidates.v1,3::1,popv,reference_ensemble,reference_ensemble,decision_candidate,alveolar macrophage,Alveolar macrophage,,CL:0000583,canonical_or_alias,True,0.0019047619047619048,within_backend_cluster_top1_vote_fraction_not_probability,10,oof_predictions_sha256:faa38c9f6c381ebcabe5ddf5543095cd9d4e3ef5cb0479a30f7b91446eca8377,,backend_candidate_not_final_identity; scores_not_cross_backend_probabilities
celltypepilot.backend-candidates.v1,3::1,popv,reference_ensemble,reference_ensemble,decision_candidate,myeloid leukocyte,myeloid leukocyte,,,unresolved,False,0.0019047619047619048,within_backend_cluster_top1_vote_fraction_not_probability,11,oof_predictions_sha256:faa38c9f6c381ebcabe5ddf5543095cd9d4e3ef5cb0479a30f7b91446eca8377,,backend_candidate_not_final_identity; scores_not_cross_backend_probabilities
celltypepilot.backend-candidates.v1,3::1,popv,reference_ensemble,reference_ensemble,decision_candidate,pulmonary neuroendocrine cell,pulmonary neuroendocrine cell,,,unresolved,False,0.0019047619047619048,within_backend_cluster_top1_vote_fraction_not_probability,12,oof_predictions_sha256:faa38c9f6c381ebcabe5ddf5543095cd9d4e3ef5cb0479a30f7b91446eca8377,,backend_candidate_not_final_identity; scores_not_cross_backend_probabilities
celltypepilot.backend-candidates.v1,3::1,singler,reference_correlation,reference_correlation,decision_candidate,fibroblast,Fibroblast,,CL:0000057,canonical_or_alias,True,0.4838095238095238,within_backend_cluster_top1_vote_fraction_not_probability,1,oof_predictions_sha256:faa38c9f6c381ebcabe5ddf5543095cd9d4e3ef5cb0479a30f7b91446eca8377,,backend_candidate_not_final_identity; scores_not_cross_backend_probabilities
celltypepilot.backend-candidates.v1,3::1,singler,reference_correlation,reference_correlation,decision_candidate,pericyte,Pericyte,,CL:0000669,canonical_or_alias,True,0.16380952380952382,within_backend_cluster_top1_vote_fraction_not_probability,2,oof_predictions_sha256:faa38c9f6c381ebcabe5ddf5543095cd9d4e3ef5cb0479a30f7b91446eca8377,,backend_candidate_not_final_identity; scores_not_cross_backend_probabilities
celltypepilot.backend-candidates.v1,3::1,singler,reference_correlation,reference_correlation,decision_candidate,bronchial smooth muscle cell,Bronchial smooth muscle cell,,CL:0002598,canonical_or_alias,True,0.12,within_backend_cluster_top1_vote_fraction_not_probability,3,oof_predictions_sha256:faa38c9f6c381ebcabe5ddf5543095cd9d4e3ef5cb0479a30f7b91446eca8377,,backend_candidate_not_final_identity; scores_not_cross_backend_probabilities
celltypepilot.backend-candidates.v1,3::1,singler,reference_correlation,reference_correlation,decision_candidate,myofibroblast cell,myofibroblast cell,,,unresolved,False,0.10095238095238095,within_backend_cluster_top1_vote_fraction_not_probability,4,oof_predictions_sha256:faa38c9f6c381ebcabe5ddf5543095cd9d4e3ef5cb0479a30f7b91446eca8377,,backend_candidate_not_final_identity; scores_not_cross_backend_probabilities
celltypepilot.backend-candidates.v1,3::1,singler,reference_correlation,reference_correlation,decision_candidate,vascular associated smooth muscle cell,vascular associated smooth muscle cell,,,unresolved,False,0.05333333333333334,within_backend_cluster_top1_vote_fraction_not_probability,5,oof_predictions_sha256:faa38c9f6c381ebcabe5ddf5543095cd9d4e3ef5cb0479a30f7b91446eca8377,,backend_candidate_not_final_identity; scores_not_cross_backend_probabilities
celltypepilot.backend-candidates.v1,3::1,singler,reference_correlation,reference_correlation,decision_candidate,pulmonary interstitial fibroblast,Pulmonary interstitial fibroblast,,CL:0002241,canonical_or_alias,True,0.02857142857142857,within_backend_cluster_top1_vote_fraction_not_probability,6,oof_predictions_sha256:faa38c9f6c381ebcabe5ddf5543095cd9d4e3ef5cb0479a30f7b91446eca8377,,backend_candidate_not_final_identity; scores_not_cross_backend_probabilities
celltypepilot.backend-candidates.v1,3::1,singler,reference_correlation,reference_correlation,decision_candidate,endothelial cell of lymphatic vessel,Endothelial cell,,CL:0000115,explicit_safe_parent_fallback,True,0.011428571428571429,within_backend_cluster_top1_vote_fraction_not_probability,7,oof_predictions_sha256:faa38c9f6c381ebcabe5ddf5543095cd9d4e3ef5cb0479a30f7b91446eca8377,,backend_candidate_not_final_identity; scores_not_cross_backend_probabilities
celltypepilot.backend-candidates.v1,3::1,singler,reference_correlation,reference_correlation,decision_candidate,endothelial cell,Endothelial cell,,CL:0000115,canonical_or_alias,True,0.009523809523809525,within_backend_cluster_top1_vote_fraction_not_probability,8,oof_predictions_sha256:faa38c9f6c381ebcabe5ddf5543095cd9d4e3ef5cb0479a30f7b91446eca8377,,backend_candidate_not_final_identity; scores_not_cross_backend_probabilities
celltypepilot.backend-candidates.v1,3::1,singler,reference_correlation,reference_correlation,decision_candidate,endothelial cell of artery,Endothelial cell,,CL:0000115,explicit_safe_parent_fallback,True,0.009523809523809525,within_backend_cluster_top1_vote_fraction_not_probability,9,oof_predictions_sha256:faa38c9f6c381ebcabe5ddf5543095cd9d4e3ef5cb0479a30f7b91446eca8377,,backend_candidate_not_final_identity; scores_not_cross_backend_probabilities
celltypepilot.backend-candidates.v1,3::1,singler,reference_correlation,reference_correlation,decision_candidate,Unknown,Unknown,,,unresolved,False,0.005714285714285714,within_backend_cluster_top1_vote_fraction_not_probability,10,oof_predictions_sha256:faa38c9f6c381ebcabe5ddf5543095cd9d4e3ef5cb0479a30f7b91446eca8377,,backend_candidate_not_final_identity; scores_not_cross_backend_probabilities
celltypepilot.backend-candidates.v1,3::1,singler,reference_correlation,reference_correlation,decision_candidate,capillary endothelial cell,Capillary endothelial cell,,CL:0002144,canonical_or_alias,True,0.0038095238095238095,within_backend_cluster_top1_vote_fraction_not_probability,11,oof_predictions_sha256:faa38c9f6c381ebcabe5ddf5543095cd9d4e3ef5cb0479a30f7b91446eca8377,,backend_candidate_not_final_identity; scores_not_cross_backend_probabilities
celltypepilot.backend-candidates.v1,3::1,singler,reference_correlation,reference_correlation,decision_candidate,vein endothelial cell,Endothelial cell,,CL:0000115,explicit_safe_parent_fallback,True,0.0038095238095238095,within_backend_cluster_top1_vote_fraction_not_probability,12,oof_predictions_sha256:faa38c9f6c381ebcabe5ddf5543095cd9d4e3ef5cb0479a30f7b91446eca8377,,backend_candidate_not_final_identity; scores_not_cross_backend_probabilities
celltypepilot.backend-candidates.v1,3::1,singler,reference_correlation,reference_correlation,decision_candidate,"dendritic cell, human",Dendritic cell,,CL:0000451,canonical_or_alias,True,0.0019047619047619048,within_backend_cluster_top1_vote_fraction_not_probability,13,oof_predictions_sha256:faa38c9f6c381ebcabe5ddf5543095cd9d4e3ef5cb0479a30f7b91446eca8377,,backend_candidate_not_final_identity; scores_not_cross_backend_probabilities
celltypepilot.backend-candidates.v1,3::1,singler,reference_correlation,reference_correlation,decision_candidate,myeloid leukocyte,myeloid leukocyte,,,unresolved,False,0.0019047619047619048,within_backend_cluster_top1_vote_fraction_not_probability,14,oof_predictions_sha256:faa38c9f6c381ebcabe5ddf5543095cd9d4e3ef5cb0479a30f7b91446eca8377,,backend_candidate_not_final_identity; scores_not_cross_backend_probabilities
celltypepilot.backend-candidates.v1,3::1,singler,reference_correlation,reference_correlation,decision_candidate,pulmonary neuroendocrine cell,pulmonary neuroendocrine cell,,,unresolved,False,0.0019047619047619048,within_backend_cluster_top1_vote_fraction_not_probability,15,oof_predictions_sha256:faa38c9f6c381ebcabe5ddf5543095cd9d4e3ef5cb0479a30f7b91446eca8377,,backend_candidate_not_final_identity; scores_not_cross_backend_probabilities
celltypepilot.backend-candidates.v1,3::2,celltypist,reference_linear,reference_linear,decision_candidate,pulmonary alveolar type 2 cell,Alveolar type 2 cell,,CL:0002063,canonical_or_alias,True,0.3697478991596639,within_backend_cluster_top1_vote_fraction_not_probability,1,oof_predictions_sha256:faa38c9f6c381ebcabe5ddf5543095cd9d4e3ef5cb0479a30f7b91446eca8377,,backend_candidate_not_final_identity; scores_not_cross_backend_probabilities
celltypepilot.backend-candidates.v1,3::2,celltypist,reference_linear,reference_linear,decision_candidate,respiratory basal cell,Basal cell,,CL:0002633,canonical_or_alias,True,0.27058823529411763,within_backend_cluster_top1_vote_fraction_not_probability,2,oof_predictions_sha256:faa38c9f6c381ebcabe5ddf5543095cd9d4e3ef5cb0479a30f7b91446eca8377,,backend_candidate_not_final_identity; scores_not_cross_backend_probabilities
celltypepilot.backend-candidates.v1,3::2,celltypist,reference_linear,reference_linear,decision_candidate,club cell,Club cell,,CL:0000158,canonical_or_alias,True,0.2235294117647059,within_backend_cluster_top1_vote_fraction_not_probability,3,oof_predictions_sha256:faa38c9f6c381ebcabe5ddf5543095cd9d4e3ef5cb0479a30f7b91446eca8377,,backend_candidate_not_final_identity; scores_not_cross_backend_probabilities
celltypepilot.backend-candidates.v1,3::2,celltypist,reference_linear,reference_linear,decision_candidate,epithelial cell,Epithelial cell,,CL:0000066,canonical_or_alias,True,0.05042016806722689,within_backend_cluster_top1_vote_fraction_not_probability,4,oof_predictions_sha256:faa38c9f6c381ebcabe5ddf5543095cd9d4e3ef5cb0479a30f7b91446eca8377,,backend_candidate_not_final_identity; scores_not_cross_backend_probabilities
celltypepilot.backend-candidates.v1,3::2,celltypist,reference_linear,reference_linear,decision_candidate,lung multiciliated epithelial cell,Ciliated cell,,CL:0002145,canonical_or_alias,True,0.043697478991596636,within_backend_cluster_top1_vote_fraction_not_probability,5,oof_predictions_sha256:faa38c9f6c381ebcabe5ddf5543095cd9d4e3ef5cb0479a30f7b91446eca8377,,backend_candidate_not_final_identity; scores_not_cross_backend_probabilities
celltypepilot.backend-candidates.v1,3::2,celltypist,reference_linear,reference_linear,decision_candidate,lung goblet cell,Goblet cell,,CL:0002370,canonical_or_alias,True,0.025210084033613446,within_backend_cluster_top1_vote_fraction_not_probability,6,oof_predictions_sha256:faa38c9f6c381ebcabe5ddf5543095cd9d4e3ef5cb0479a30f7b91446eca8377,,backend_candidate_not_final_identity; scores_not_cross_backend_probabilities
celltypepilot.backend-candidates.v1,3::2,celltypist,reference_linear,reference_linear,decision_candidate,alveolar macrophage,Alveolar macrophage,,CL:0000583,canonical_or_alias,True,0.005042016806722689,within_backend_cluster_top1_vote_fraction_not_probability,7,oof_predictions_sha256:faa38c9f6c381ebcabe5ddf5543095cd9d4e3ef5cb0479a30f7b91446eca8377,,backend_candidate_not_final_identity; scores_not_cross_backend_probabilities
celltypepilot.backend-candidates.v1,3::2,celltypist,reference_linear,reference_linear,decision_candidate,pulmonary alveolar type 1 cell,Alveolar type 1 cell,,CL:0002062,canonical_or_alias,True,0.005042016806722689,within_backend_cluster_top1_vote_fraction_not_probability,8,oof_predictions_sha256:faa38c9f6c381ebcabe5ddf5543095cd9d4e3ef5cb0479a30f7b91446eca8377,,backend_candidate_not_final_identity; scores_not_cross_backend_probabilities
celltypepilot.backend-candidates.v1,3::2,celltypist,reference_linear,reference_linear,decision_candidate,pulmonary neuroendocrine cell,pulmonary neuroendocrine cell,,,unresolved,False,0.005042016806722689,within_backend_cluster_top1_vote_fraction_not_probability,9,oof_predictions_sha256:faa38c9f6c381ebcabe5ddf5543095cd9d4e3ef5cb0479a30f7b91446eca8377,,backend_candidate_not_final_identity; scores_not_cross_backend_probabilities
celltypepilot.backend-candidates.v1,3::2,celltypist,reference_linear,reference_linear,decision_candidate,B cell,B cell,,CL:0000236,canonical_or_alias,True,0.0016806722689075631,within_backend_cluster_top1_vote_fraction_not_probability,10,oof_predictions_sha256:faa38c9f6c381ebcabe5ddf5543095cd9d4e3ef5cb0479a30f7b91446eca8377,,backend_candidate_not_final_identity; scores_not_cross_backend_probabilities
celltypepilot.backend-candidates.v1,3::2,popv,reference_ensemble,reference_ensemble,decision_candidate,pulmonary alveolar type 2 cell,Alveolar type 2 cell,,CL:0002063,canonical_or_alias,True,0.3411764705882353,within_backend_cluster_top1_vote_fraction_not_probability,1,oof_predictions_sha256:faa38c9f6c381ebcabe5ddf5543095cd9d4e3ef5cb0479a30f7b91446eca8377,,backend_candidate_not_final_identity; scores_not_cross_backend_probabilities
celltypepilot.backend-candidates.v1,3::2,popv,reference_ensemble,reference_ensemble,decision_candidate,respiratory basal cell,Basal cell,,CL:0002633,canonical_or_alias,True,0.253781512605042,within_backend_cluster_top1_vote_fraction_not_probability,2,oof_predictions_sha256:faa38c9f6c381ebcabe5ddf5543095cd9d4e3ef5cb0479a30f7b91446eca8377,,backend_candidate_not_final_identity; scores_not_cross_backend_probabilities
celltypepilot.backend-candidates.v1,3::2,popv,reference_ensemble,reference_ensemble,decision_candidate,club cell,Club cell,,CL:0000158,canonical_or_alias,True,0.24369747899159663,within_backend_cluster_top1_vote_fraction_not_probability,3,oof_predictions_sha256:faa38c9f6c381ebcabe5ddf5543095cd9d4e3ef5cb0479a30f7b91446eca8377,,backend_candidate_not_final_identity; scores_not_cross_backend_probabilities
celltypepilot.backend-candidates.v1,3::2,popv,reference_ensemble,reference_ensemble,decision_candidate,epithelial cell,Epithelial cell,,CL:0000066,canonical_or_alias,True,0.06554621848739496,within_backend_cluster_top1_vote_fraction_not_probability,4,oof_predictions_sha256:faa38c9f6c381ebcabe5ddf5543095cd9d4e3ef5cb0479a30f7b91446eca8377,,backend_candidate_not_final_identity; scores_not_cross_backend_probabilities
celltypepilot.backend-candidates.v1,3::2,popv,reference_ensemble,reference_ensemble,decision_candidate,lung goblet cell,Goblet cell,,CL:0002370,canonical_or_alias,True,0.040336134453781515,within_backend_cluster_top1_vote_fraction_not_probability,5,oof_predictions_sha256:faa38c9f6c381ebcabe5ddf5543095cd9d4e3ef5cb0479a30f7b91446eca8377,,backend_candidate_not_final_identity; scores_not_cross_backend_probabilities
celltypepilot.backend-candidates.v1,3::2,popv,reference_ensemble,reference_ensemble,decision_candidate,lung multiciliated epithelial cell,Ciliated cell,,CL:0002145,canonical_or_alias,True,0.040336134453781515,within_backend_cluster_top1_vote_fraction_not_probability,6,oof_predictions_sha256:faa38c9f6c381ebcabe5ddf5543095cd9d4e3ef5cb0479a30f7b91446eca8377,,backend_candidate_not_final_identity; scores_not_cross_backend_probabilities
celltypepilot.backend-candidates.v1,3::2,popv,reference_ensemble,reference_ensemble,decision_candidate,pulmonary neuroendocrine cell,pulmonary neuroendocrine cell,,,unresolved,False,0.008403361344537815,within_backend_cluster_top1_vote_fraction_not_probability,7,oof_predictions_sha256:faa38c9f6c381ebcabe5ddf5543095cd9d4e3ef5cb0479a30f7b91446eca8377,,backend_candidate_not_final_identity; scores_not_cross_backend_probabilities
celltypepilot.backend-candidates.v1,3::2,popv,reference_ensemble,reference_ensemble,decision_candidate,alveolar macrophage,Alveolar macrophage,,CL:0000583,canonical_or_alias,True,0.005042016806722689,within_backend_cluster_top1_vote_fraction_not_probability,8,oof_predictions_sha256:faa38c9f6c381ebcabe5ddf5543095cd9d4e3ef5cb0479a30f7b91446eca8377,,backend_candidate_not_final_identity; scores_not_cross_backend_probabilities
celltypepilot.backend-candidates.v1,3::2,popv,reference_ensemble,reference_ensemble,decision_candidate,B cell,B cell,,CL:0000236,canonical_or_alias,True,0.0016806722689075631,within_backend_cluster_top1_vote_fraction_not_probability,9,oof_predictions_sha256:faa38c9f6c381ebcabe5ddf5543095cd9d4e3ef5cb0479a30f7b91446eca8377,,backend_candidate_not_final_identity; scores_not_cross_backend_probabilities
celltypepilot.backend-candidates.v1,3::2,singler,reference_correlation,reference_correlation,decision_candidate,pulmonary alveolar type 2 cell,Alveolar type 2 cell,,CL:0002063,canonical_or_alias,True,0.32100840336134456,within_backend_cluster_top1_vote_fraction_not_probability,1,oof_predictions_sha256:faa38c9f6c381ebcabe5ddf5543095cd9d4e3ef5cb0479a30f7b91446eca8377,,backend_candidate_not_final_identity; scores_not_cross_backend_probabilities
celltypepilot.backend-candidates.v1,3::2,singler,reference_correlation,reference_correlation,decision_candidate,respiratory basal cell,Basal cell,,CL:0002633,canonical_or_alias,True,0.25546218487394956,within_backend_cluster_top1_vote_fraction_not_probability,2,oof_predictions_sha256:faa38c9f6c381ebcabe5ddf5543095cd9d4e3ef5cb0479a30f7b91446eca8377,,backend_candidate_not_final_identity; scores_not_cross_backend_probabilities
celltypepilot.backend-candidates.v1,3::2,singler,reference_correlation,reference_correlation,decision_candidate,club cell,Club cell,,CL:0000158,canonical_or_alias,True,0.20336134453781513,within_backend_cluster_top1_vote_fraction_not_probability,3,oof_predictions_sha256:faa38c9f6c381ebcabe5ddf5543095cd9d4e3ef5cb0479a30f7b91446eca8377,,backend_candidate_not_final_identity; scores_not_cross_backend_probabilities
celltypepilot.backend-candidates.v1,3::2,singler,reference_correlation,reference_correlation,decision_candidate,epithelial cell,Epithelial cell,,CL:0000066,canonical_or_alias,True,0.12100840336134454,within_backend_cluster_top1_vote_fraction_not_probability,4,oof_predictions_sha256:faa38c9f6c381ebcabe5ddf5543095cd9d4e3ef5cb0479a30f7b91446eca8377,,backend_candidate_not_final_identity; scores_not_cross_backend_probabilities
celltypepilot.backend-candidates.v1,3::2,singler,reference_correlation,reference_correlation,decision_candidate,lung goblet cell,Goblet cell,,CL:0002370,canonical_or_alias,True,0.040336134453781515,within_backend_cluster_top1_vote_fraction_not_probability,5,oof_predictions_sha256:faa38c9f6c381ebcabe5ddf5543095cd9d4e3ef5cb0479a30f7b91446eca8377,,backend_candidate_not_final_identity; scores_not_cross_backend_probabilities
celltypepilot.backend-candidates.v1,3::2,singler,reference_correlation,reference_correlation,decision_candidate,lung multiciliated epithelial cell,Ciliated cell,,CL:0002145,canonical_or_alias,True,0.040336134453781515,within_backend_cluster_top1_vote_fraction_not_probability,6,oof_predictions_sha256:faa38c9f6c381ebcabe5ddf5543095cd9d4e3ef5cb0479a30f7b91446eca8377,,backend_candidate_not_final_identity; scores_not_cross_backend_probabilities
celltypepilot.backend-candidates.v1,3::2,singler,reference_correlation,reference_correlation,decision_candidate,Unknown,Unknown,,,unresolved,False,0.005042016806722689,within_backend_cluster_top1_vote_fraction_not_probability,7,oof_predictions_sha256:faa38c9f6c381ebcabe5ddf5543095cd9d4e3ef5cb0479a30f7b91446eca8377,,backend_candidate_not_final_identity; scores_not_cross_backend_probabilities
celltypepilot.backend-candidates.v1,3::2,singler,reference_correlation,reference_correlation,decision_candidate,alveolar macrophage,Alveolar macrophage,,CL:0000583,canonical_or_alias,True,0.005042016806722689,within_backend_cluster_top1_vote_fraction_not_probability,8,oof_predictions_sha256:faa38c9f6c381ebcabe5ddf5543095cd9d4e3ef5cb0479a30f7b91446eca8377,,backend_candidate_not_final_identity; scores_not_cross_backend_probabilities
celltypepilot.backend-candidates.v1,3::2,singler,reference_correlation,reference_correlation,decision_candidate,pulmonary neuroendocrine cell,pulmonary neuroendocrine cell,,,unresolved,False,0.005042016806722689,within_backend_cluster_top1_vote_fraction_not_probability,9,oof_predictions_sha256:faa38c9f6c381ebcabe5ddf5543095cd9d4e3ef5cb0479a30f7b91446eca8377,,backend_candidate_not_final_identity; scores_not_cross_backend_probabilities
celltypepilot.backend-candidates.v1,3::2,singler,reference_correlation,reference_correlation,decision_candidate,"dendritic cell, human",Dendritic cell,,CL:0000451,canonical_or_alias,True,0.0033613445378151263,within_backend_cluster_top1_vote_fraction_not_probability,10,oof_predictions_sha256:faa38c9f6c381ebcabe5ddf5543095cd9d4e3ef5cb0479a30f7b91446eca8377,,backend_candidate_not_final_identity; scores_not_cross_backend_probabilities
celltypepilot.backend-candidates.v1,3::3,celltypist,reference_linear,reference_linear,decision_candidate,natural killer cell,NK cell,,CL:0000623,canonical_or_alias,True,0.8671209540034072,within_backend_cluster_top1_vote_fraction_not_probability,1,oof_predictions_sha256:faa38c9f6c381ebcabe5ddf5543095cd9d4e3ef5cb0479a30f7b91446eca8377,,backend_candidate_not_final_identity; scores_not_cross_backend_probabilities
celltypepilot.backend-candidates.v1,3::3,celltypist,reference_linear,reference_linear,decision_candidate,"naive thymus-derived CD8-positive, alpha-beta T cell","naive thymus-derived CD8-positive, alpha-beta T cell",,,unresolved,False,0.08006814310051108,within_backend_cluster_top1_vote_fraction_not_probability,2,oof_predictions_sha256:faa38c9f6c381ebcabe5ddf5543095cd9d4e3ef5cb0479a30f7b91446eca8377,,backend_candidate_not_final_identity; scores_not_cross_backend_probabilities
celltypepilot.backend-candidates.v1,3::3,celltypist,reference_linear,reference_linear,decision_candidate,myeloid leukocyte,myeloid leukocyte,,,unresolved,False,0.015332197614991482,within_backend_cluster_top1_vote_fraction_not_probability,3,oof_predictions_sha256:faa38c9f6c381ebcabe5ddf5543095cd9d4e3ef5cb0479a30f7b91446eca8377,,backend_candidate_not_final_identity; scores_not_cross_backend_probabilities
celltypepilot.backend-candidates.v1,3::3,celltypist,reference_linear,reference_linear,decision_candidate,B cell,B cell,,CL:0000236,canonical_or_alias,True,0.01192504258943782,within_backend_cluster_top1_vote_fraction_not_probability,4,oof_predictions_sha256:faa38c9f6c381ebcabe5ddf5543095cd9d4e3ef5cb0479a30f7b91446eca8377,,backend_candidate_not_final_identity; scores_not_cross_backend_probabilities
celltypepilot.backend-candidates.v1,3::3,celltypist,reference_linear,reference_linear,decision_candidate,classical monocyte,Classical monocyte,,CL:0000860,canonical_or_alias,True,0.0068143100511073255,within_backend_cluster_top1_vote_fraction_not_probability,5,oof_predictions_sha256:faa38c9f6c381ebcabe5ddf5543095cd9d4e3ef5cb0479a30f7b91446eca8377,,backend_candidate_not_final_identity; scores_not_cross_backend_probabilities
celltypepilot.backend-candidates.v1,3::3,celltypist,reference_linear,reference_linear,decision_candidate,alveolar macrophage,Alveolar macrophage,,CL:0000583,canonical_or_alias,True,0.005110732538330494,within_backend_cluster_top1_vote_fraction_not_probability,6,oof_predictions_sha256:faa38c9f6c381ebcabe5ddf5543095cd9d4e3ef5cb0479a30f7b91446eca8377,,backend_candidate_not_final_identity; scores_not_cross_backend_probabilities
celltypepilot.backend-candidates.v1,3::3,celltypist,reference_linear,reference_linear,decision_candidate,"dendritic cell, human",Dendritic cell,,CL:0000451,canonical_or_alias,True,0.0034071550255536627,within_backend_cluster_top1_vote_fraction_not_probability,7,oof_predictions_sha256:faa38c9f6c381ebcabe5ddf5543095cd9d4e3ef5cb0479a30f7b91446eca8377,,backend_candidate_not_final_identity; scores_not_cross_backend_probabilities
celltypepilot.backend-candidates.v1,3::3,celltypist,reference_linear,reference_linear,decision_candidate,non-classical monocyte,Non-classical monocyte,,CL:0000875,canonical_or_alias,True,0.0034071550255536627,within_backend_cluster_top1_vote_fraction_not_probability,8,oof_predictions_sha256:faa38c9f6c381ebcabe5ddf5543095cd9d4e3ef5cb0479a30f7b91446eca8377,,backend_candidate_not_final_identity; scores_not_cross_backend_probabilities
celltypepilot.backend-candidates.v1,3::3,celltypist,reference_linear,reference_linear,decision_candidate,club cell,Club cell,,CL:0000158,canonical_or_alias,True,0.0017035775127768314,within_backend_cluster_top1_vote_fraction_not_probability,9,oof_predictions_sha256:faa38c9f6c381ebcabe5ddf5543095cd9d4e3ef5cb0479a30f7b91446eca8377,,backend_candidate_not_final_identity; scores_not_cross_backend_probabilities
celltypepilot.backend-candidates.v1,3::3,celltypist,reference_linear,reference_linear,decision_candidate,endothelial cell,Endothelial cell,,CL:0000115,canonical_or_alias,True,0.0017035775127768314,within_backend_cluster_top1_vote_fraction_not_probability,10,oof_predictions_sha256:faa38c9f6c381ebcabe5ddf5543095cd9d4e3ef5cb0479a30f7b91446eca8377,,backend_candidate_not_final_identity; scores_not_cross_backend_probabilities
celltypepilot.backend-candidates.v1,3::3,celltypist,reference_linear,reference_linear,decision_candidate,neutrophil,neutrophil,,,unresolved,False,0.0017035775127768314,within_backend_cluster_top1_vote_fraction_not_probability,11,oof_predictions_sha256:faa38c9f6c381ebcabe5ddf5543095cd9d4e3ef5cb0479a30f7b91446eca8377,,backend_candidate_not_final_identity; scores_not_cross_backend_probabilities
celltypepilot.backend-candidates.v1,3::3,celltypist,reference_linear,reference_linear,decision_candidate,"plasmacytoid dendritic cell, human",pDC,,CL:0000784,canonical_or_alias,True,0.0017035775127768314,within_backend_cluster_top1_vote_fraction_not_probability,12,oof_predictions_sha256:faa38c9f6c381ebcabe5ddf5543095cd9d4e3ef5cb0479a30f7b91446eca8377,,backend_candidate_not_final_identity; scores_not_cross_backend_probabilities
celltypepilot.backend-candidates.v1,3::3,popv,reference_ensemble,reference_ensemble,decision_candidate,natural killer cell,NK cell,,CL:0000623,canonical_or_alias,True,0.8091993185689949,within_backend_cluster_top1_vote_fraction_not_probability,1,oof_predictions_sha256:faa38c9f6c381ebcabe5ddf5543095cd9d4e3ef5cb0479a30f7b91446eca8377,,backend_candidate_not_final_identity; scores_not_cross_backend_probabilities
celltypepilot.backend-candidates.v1,3::3,popv,reference_ensemble,reference_ensemble,decision_candidate,"naive thymus-derived CD8-positive, alpha-beta T cell","naive thymus-derived CD8-positive, alpha-beta T cell",,,unresolved,False,0.10221465076660988,within_backend_cluster_top1_vote_fraction_not_probability,2,oof_predictions_sha256:faa38c9f6c381ebcabe5ddf5543095cd9d4e3ef5cb0479a30f7b91446eca8377,,backend_candidate_not_final_identity; scores_not_cross_backend_probabilities
celltypepilot.backend-candidates.v1,3::3,popv,reference_ensemble,reference_ensemble,decision_candidate,B cell,B cell,,CL:0000236,canonical_or_alias,True,0.017035775127768313,within_backend_cluster_top1_vote_fraction_not_probability,3,oof_predictions_sha256:faa38c9f6c381ebcabe5ddf5543095cd9d4e3ef5cb0479a30f7b91446eca8377,,backend_candidate_not_final_identity; scores_not_cross_backend_probabilities
celltypepilot.backend-candidates.v1,3::3,popv,reference_ensemble,reference_ensemble,decision_candidate,"effector memory CD4-positive, alpha-beta T cell",Memory CD4+ T cell,,CL:0000897,explicit_safe_parent_fallback,True,0.017035775127768313,within_backend_cluster_top1_vote_fraction_not_probability,4,oof_predictions_sha256:faa38c9f6c381ebcabe5ddf5543095cd9d4e3ef5cb0479a30f7b91446eca8377,,backend_candidate_not_final_identity; scores_not_cross_backend_probabilities
celltypepilot.backend-candidates.v1,3::3,popv,reference_ensemble,reference_ensemble,decision_candidate,lymphocyte,lymphocyte,,,unresolved,False,0.013628620102214651,within_backend_cluster_top1_vote_fraction_not_probability,5,oof_predictions_sha256:faa38c9f6c381ebcabe5ddf5543095cd9d4e3ef5cb0479a30f7b91446eca8377,,backend_candidate_not_final_identity; scores_not_cross_backend_probabilities
celltypepilot.backend-candidates.v1,3::3,popv,reference_ensemble,reference_ensemble,decision_candidate,myeloid leukocyte,myeloid leukocyte,,,unresolved,False,0.013628620102214651,within_backend_cluster_top1_vote_fraction_not_probability,6,oof_predictions_sha256:faa38c9f6c381ebcabe5ddf5543095cd9d4e3ef5cb0479a30f7b91446eca8377,,backend_candidate_not_final_identity; scores_not_cross_backend_probabilities
celltypepilot.backend-candidates.v1,3::3,popv,reference_ensemble,reference_ensemble,decision_candidate,classical monocyte,Classical monocyte,,CL:0000860,canonical_or_alias,True,0.0068143100511073255,within_backend_cluster_top1_vote_fraction_not_probability,7,oof_predictions_sha256:faa38c9f6c381ebcabe5ddf5543095cd9d4e3ef5cb0479a30f7b91446eca8377,,backend_candidate_not_final_identity; scores_not_cross_backend_probabilities
celltypepilot.backend-candidates.v1,3::3,popv,reference_ensemble,reference_ensemble,decision_candidate,alveolar macrophage,Alveolar macrophage,,CL:0000583,canonical_or_alias,True,0.005110732538330494,within_backend_cluster_top1_vote_fraction_not_probability,8,oof_predictions_sha256:faa38c9f6c381ebcabe5ddf5543095cd9d4e3ef5cb0479a30f7b91446eca8377,,backend_candidate_not_final_identity; scores_not_cross_backend_probabilities
celltypepilot.backend-candidates.v1,3::3,popv,reference_ensemble,reference_ensemble,decision_candidate,"dendritic cell, human",Dendritic cell,,CL:0000451,canonical_or_alias,True,0.0034071550255536627,within_backend_cluster_top1_vote_fraction_not_probability,9,oof_predictions_sha256:faa38c9f6c381ebcabe5ddf5543095cd9d4e3ef5cb0479a30f7b91446eca8377,,backend_candidate_not_final_identity; scores_not_cross_backend_probabilities
celltypepilot.backend-candidates.v1,3::3,popv,reference_ensemble,reference_ensemble,decision_candidate,"naive thymus-derived CD4-positive, alpha-beta T cell","naive thymus-derived CD4-positive, alpha-beta T cell",,,unresolved,False,0.0034071550255536627,within_backend_cluster_top1_vote_fraction_not_probability,10,oof_predictions_sha256:faa38c9f6c381ebcabe5ddf5543095cd9d4e3ef5cb0479a30f7b91446eca8377,,backend_candidate_not_final_identity; scores_not_cross_backend_probabilities
celltypepilot.backend-candidates.v1,3::3,popv,reference_ensemble,reference_ensemble,decision_candidate,"plasmacytoid dendritic cell, human",pDC,,CL:0000784,canonical_or_alias,True,0.0034071550255536627,within_backend_cluster_top1_vote_fraction_not_probability,11,oof_predictions_sha256:faa38c9f6c381ebcabe5ddf5543095cd9d4e3ef5cb0479a30f7b91446eca8377,,backend_candidate_not_final_identity; scores_not_cross_backend_probabilities
celltypepilot.backend-candidates.v1,3::3,popv,reference_ensemble,reference_ensemble,decision_candidate,endothelial cell,Endothelial cell,,CL:0000115,canonical_or_alias,True,0.0017035775127768314,within_backend_cluster_top1_vote_fraction_not_probability,12,oof_predictions_sha256:faa38c9f6c381ebcabe5ddf5543095cd9d4e3ef5cb0479a30f7b91446eca8377,,backend_candidate_not_final_identity; scores_not_cross_backend_probabilities
celltypepilot.backend-candidates.v1,3::3,popv,reference_ensemble,reference_ensemble,decision_candidate,neutrophil,neutrophil,,,unresolved,False,0.0017035775127768314,within_backend_cluster_top1_vote_fraction_not_probability,13,oof_predictions_sha256:faa38c9f6c381ebcabe5ddf5543095cd9d4e3ef5cb0479a30f7b91446eca8377,,backend_candidate_not_final_identity; scores_not_cross_backend_probabilities
celltypepilot.backend-candidates.v1,3::3,popv,reference_ensemble,reference_ensemble,decision_candidate,non-classical monocyte,Non-classical monocyte,,CL:0000875,canonical_or_alias,True,0.0017035775127768314,within_backend_cluster_top1_vote_fraction_not_probability,14,oof_predictions_sha256:faa38c9f6c381ebcabe5ddf5543095cd9d4e3ef5cb0479a30f7b91446eca8377,,backend_candidate_not_final_identity; scores_not_cross_backend_probabilities
celltypepilot.backend-candidates.v1,3::3,singler,reference_correlation,reference_correlation,decision_candidate,natural killer cell,NK cell,,CL:0000623,canonical_or_alias,True,0.8143100511073254,within_backend_cluster_top1_vote_fraction_not_probability,1,oof_predictions_sha256:faa38c9f6c381ebcabe5ddf5543095cd9d4e3ef5cb0479a30f7b91446eca8377,,backend_candidate_not_final_identity; scores_not_cross_backend_probabilities
celltypepilot.backend-candidates.v1,3::3,singler,reference_correlation,reference_correlation,decision_candidate,"naive thymus-derived CD8-positive, alpha-beta T cell","naive thymus-derived CD8-positive, alpha-beta T cell",,,unresolved,False,0.07836456558773425,within_backend_cluster_top1_vote_fraction_not_probability,2,oof_predictions_sha256:faa38c9f6c381ebcabe5ddf5543095cd9d4e3ef5cb0479a30f7b91446eca8377,,backend_candidate_not_final_identity; scores_not_cross_backend_probabilities
celltypepilot.backend-candidates.v1,3::3,singler,reference_correlation,reference_correlation,decision_candidate,"dendritic cell, human",Dendritic cell,,CL:0000451,canonical_or_alias,True,0.028960817717206135,within_backend_cluster_top1_vote_fraction_not_probability,3,oof_predictions_sha256:faa38c9f6c381ebcabe5ddf5543095cd9d4e3ef5cb0479a30f7b91446eca8377,,backend_candidate_not_final_identity; scores_not_cross_backend_probabilities
celltypepilot.backend-candidates.v1,3::3,singler,reference_correlation,reference_correlation,decision_candidate,Unknown,Unknown,,,unresolved,False,0.018739352640545145,within_backend_cluster_top1_vote_fraction_not_probability,4,oof_predictions_sha256:faa38c9f6c381ebcabe5ddf5543095cd9d4e3ef5cb0479a30f7b91446eca8377,,backend_candidate_not_final_identity; scores_not_cross_backend_probabilities
celltypepilot.backend-candidates.v1,3::3,singler,reference_correlation,reference_correlation,decision_candidate,lymphocyte,lymphocyte,,,unresolved,False,0.018739352640545145,within_backend_cluster_top1_vote_fraction_not_probability,5,oof_predictions_sha256:faa38c9f6c381ebcabe5ddf5543095cd9d4e3ef5cb0479a30f7b91446eca8377,,backend_candidate_not_final_identity; scores_not_cross_backend_probabilities
celltypepilot.backend-candidates.v1,3::3,singler,reference_correlation,reference_correlation,decision_candidate,myeloid leukocyte,myeloid leukocyte,,,unresolved,False,0.013628620102214651,within_backend_cluster_top1_vote_fraction_not_probability,6,oof_predictions_sha256:faa38c9f6c381ebcabe5ddf5543095cd9d4e3ef5cb0479a30f7b91446eca8377,,backend_candidate_not_final_identity; scores_not_cross_backend_probabilities
celltypepilot.backend-candidates.v1,3::3,singler,reference_correlation,reference_correlation,decision_candidate,B cell,B cell,,CL:0000236,canonical_or_alias,True,0.010221465076660987,within_backend_cluster_top1_vote_fraction_not_probability,7,oof_predictions_sha256:faa38c9f6c381ebcabe5ddf5543095cd9d4e3ef5cb0479a30f7b91446eca8377,,backend_candidate_not_final_identity; scores_not_cross_backend_probabilities
celltypepilot.backend-candidates.v1,3::3,singler,reference_correlation,reference_correlation,decision_candidate,"effector memory CD4-positive, alpha-beta T cell",Memory CD4+ T cell,,CL:0000897,explicit_safe_parent_fallback,True,0.005110732538330494,within_backend_cluster_top1_vote_fraction_not_probability,8,oof_predictions_sha256:faa38c9f6c381ebcabe5ddf5543095cd9d4e3ef5cb0479a30f7b91446eca8377,,backend_candidate_not_final_identity; scores_not_cross_backend_probabilities
celltypepilot.backend-candidates.v1,3::3,singler,reference_correlation,reference_correlation,decision_candidate,alveolar macrophage,Alveolar macrophage,,CL:0000583,canonical_or_alias,True,0.0034071550255536627,within_backend_cluster_top1_vote_fraction_not_probability,9,oof_predictions_sha256:faa38c9f6c381ebcabe5ddf5543095cd9d4e3ef5cb0479a30f7b91446eca8377,,backend_candidate_not_final_identity; scores_not_cross_backend_probabilities
celltypepilot.backend-candidates.v1,3::3,singler,reference_correlation,reference_correlation,decision_candidate,mature NK T cell,T cell,,CL:0000084,explicit_safe_parent_fallback,True,0.0034071550255536627,within_backend_cluster_top1_vote_fraction_not_probability,10,oof_predictions_sha256:faa38c9f6c381ebcabe5ddf5543095cd9d4e3ef5cb0479a30f7b91446eca8377,,backend_candidate_not_final_identity; scores_not_cross_backend_probabilities
celltypepilot.backend-candidates.v1,3::3,singler,reference_correlation,reference_correlation,decision_candidate,classical monocyte,Classical monocyte,,CL:0000860,canonical_or_alias,True,0.0017035775127768314,within_backend_cluster_top1_vote_fraction_not_probability,11,oof_predictions_sha256:faa38c9f6c381ebcabe5ddf5543095cd9d4e3ef5cb0479a30f7b91446eca8377,,backend_candidate_not_final_identity; scores_not_cross_backend_probabilities
celltypepilot.backend-candidates.v1,3::3,singler,reference_correlation,reference_correlation,decision_candidate,non-classical monocyte,Non-classical monocyte,,CL:0000875,canonical_or_alias,True,0.0017035775127768314,within_backend_cluster_top1_vote_fraction_not_probability,12,oof_predictions_sha256:faa38c9f6c381ebcabe5ddf5543095cd9d4e3ef5cb0479a30f7b91446eca8377,,backend_candidate_not_final_identity; scores_not_cross_backend_probabilities
celltypepilot.backend-candidates.v1,3::3,singler,reference_correlation,reference_correlation,decision_candidate,"plasmacytoid dendritic cell, human",pDC,,CL:0000784,canonical_or_alias,True,0.0017035775127768314,within_backend_cluster_top1_vote_fraction_not_probability,13,oof_predictions_sha256:faa38c9f6c381ebcabe5ddf5543095cd9d4e3ef5cb0479a30f7b91446eca8377,,backend_candidate_not_final_identity; scores_not_cross_backend_probabilities
celltypepilot.backend-candidates.v1,3::4,celltypist,reference_linear,reference_linear,decision_candidate,capillary endothelial cell,Capillary endothelial cell,,CL:0002144,canonical_or_alias,True,0.2653846153846154,within_backend_cluster_top1_vote_fraction_not_probability,1,oof_predictions_sha256:faa38c9f6c381ebcabe5ddf5543095cd9d4e3ef5cb0479a30f7b91446eca8377,,backend_candidate_not_final_identity; scores_not_cross_backend_probabilities
celltypepilot.backend-candidates.v1,3::4,celltypist,reference_linear,reference_linear,decision_candidate,pulmonary alveolar type 2 cell,Alveolar type 2 cell,,CL:0002063,canonical_or_alias,True,0.21923076923076923,within_backend_cluster_top1_vote_fraction_not_probability,2,oof_predictions_sha256:faa38c9f6c381ebcabe5ddf5543095cd9d4e3ef5cb0479a30f7b91446eca8377,,backend_candidate_not_final_identity; scores_not_cross_backend_probabilities
celltypepilot.backend-candidates.v1,3::4,celltypist,reference_linear,reference_linear,decision_candidate,pulmonary alveolar type 1 cell,Alveolar type 1 cell,,CL:0002062,canonical_or_alias,True,0.13076923076923078,within_backend_cluster_top1_vote_fraction_not_probability,3,oof_predictions_sha256:faa38c9f6c381ebcabe5ddf5543095cd9d4e3ef5cb0479a30f7b91446eca8377,,backend_candidate_not_final_identity; scores_not_cross_backend_probabilities
celltypepilot.backend-candidates.v1,3::4,celltypist,reference_linear,reference_linear,decision_candidate,endothelial cell,Endothelial cell,,CL:0000115,canonical_or_alias,True,0.09230769230769231,within_backend_cluster_top1_vote_fraction_not_probability,4,oof_predictions_sha256:faa38c9f6c381ebcabe5ddf5543095cd9d4e3ef5cb0479a30f7b91446eca8377,,backend_candidate_not_final_identity; scores_not_cross_backend_probabilities
celltypepilot.backend-candidates.v1,3::4,celltypist,reference_linear,reference_linear,decision_candidate,fibroblast,Fibroblast,,CL:0000057,canonical_or_alias,True,0.06538461538461539,within_backend_cluster_top1_vote_fraction_not_probability,5,oof_predictions_sha256:faa38c9f6c381ebcabe5ddf5543095cd9d4e3ef5cb0479a30f7b91446eca8377,,backend_candidate_not_final_identity; scores_not_cross_backend_probabilities
celltypepilot.backend-candidates.v1,3::4,celltypist,reference_linear,reference_linear,decision_candidate,pericyte,Pericyte,,CL:0000669,canonical_or_alias,True,0.038461538461538464,within_backend_cluster_top1_vote_fraction_not_probability,6,oof_predictions_sha256:faa38c9f6c381ebcabe5ddf5543095cd9d4e3ef5cb0479a30f7b91446eca8377,,backend_candidate_not_final_identity; scores_not_cross_backend_probabilities
celltypepilot.backend-candidates.v1,3::4,celltypist,reference_linear,reference_linear,decision_candidate,neutrophil,neutrophil,,,unresolved,False,0.03461538461538462,within_backend_cluster_top1_vote_fraction_not_probability,7,oof_predictions_sha256:faa38c9f6c381ebcabe5ddf5543095cd9d4e3ef5cb0479a30f7b91446eca8377,,backend_candidate_not_final_identity; scores_not_cross_backend_probabilities
celltypepilot.backend-candidates.v1,3::4,celltypist,reference_linear,reference_linear,decision_candidate,club cell,Club cell,,CL:0000158,canonical_or_alias,True,0.03076923076923077,within_backend_cluster_top1_vote_fraction_not_probability,8,oof_predictions_sha256:faa38c9f6c381ebcabe5ddf5543095cd9d4e3ef5cb0479a30f7b91446eca8377,,backend_candidate_not_final_identity; scores_not_cross_backend_probabilities
celltypepilot.backend-candidates.v1,3::4,celltypist,reference_linear,reference_linear,decision_candidate,myeloid leukocyte,myeloid leukocyte,,,unresolved,False,0.023076923076923078,within_backend_cluster_top1_vote_fraction_not_probability,9,oof_predictions_sha256:faa38c9f6c381ebcabe5ddf5543095cd9d4e3ef5cb0479a30f7b91446eca8377,,backend_candidate_not_final_identity; scores_not_cross_backend_probabilities
celltypepilot.backend-candidates.v1,3::4,celltypist,reference_linear,reference_linear,decision_candidate,bronchial smooth muscle cell,Bronchial smooth muscle cell,,CL:0002598,canonical_or_alias,True,0.019230769230769232,within_backend_cluster_top1_vote_fraction_not_probability,10,oof_predictions_sha256:faa38c9f6c381ebcabe5ddf5543095cd9d4e3ef5cb0479a30f7b91446eca8377,,backend_candidate_not_final_identity; scores_not_cross_backend_probabilities
celltypepilot.backend-candidates.v1,3::4,celltypist,reference_linear,reference_linear,decision_candidate,natural killer cell,NK cell,,CL:0000623,canonical_or_alias,True,0.015384615384615385,within_backend_cluster_top1_vote_fraction_not_probability,11,oof_predictions_sha256:faa38c9f6c381ebcabe5ddf5543095cd9d4e3ef5cb0479a30f7b91446eca8377,,backend_candidate_not_final_identity; scores_not_cross_backend_probabilities
celltypepilot.backend-candidates.v1,3::4,celltypist,reference_linear,reference_linear,decision_candidate,alveolar macrophage,Alveolar macrophage,,CL:0000583,canonical_or_alias,True,0.011538461538461539,within_backend_cluster_top1_vote_fraction_not_probability,12,oof_predictions_sha256:faa38c9f6c381ebcabe5ddf5543095cd9d4e3ef5cb0479a30f7b91446eca8377,,backend_candidate_not_final_identity; scores_not_cross_backend_probabilities
celltypepilot.backend-candidates.v1,3::4,celltypist,reference_linear,reference_linear,decision_candidate,"dendritic cell, human",Dendritic cell,,CL:0000451,canonical_or_alias,True,0.011538461538461539,within_backend_cluster_top1_vote_fraction_not_probability,13,oof_predictions_sha256:faa38c9f6c381ebcabe5ddf5543095cd9d4e3ef5cb0479a30f7b91446eca8377,,backend_candidate_not_final_identity; scores_not_cross_backend_probabilities
celltypepilot.backend-candidates.v1,3::4,celltypist,reference_linear,reference_linear,decision_candidate,epithelial cell,Epithelial cell,,CL:0000066,canonical_or_alias,True,0.011538461538461539,within_backend_cluster_top1_vote_fraction_not_probability,14,oof_predictions_sha256:faa38c9f6c381ebcabe5ddf5543095cd9d4e3ef5cb0479a30f7b91446eca8377,,backend_candidate_not_final_identity; scores_not_cross_backend_probabilities
celltypepilot.backend-candidates.v1,3::4,celltypist,reference_linear,reference_linear,decision_candidate,respiratory basal cell,Basal cell,,CL:0002633,canonical_or_alias,True,0.011538461538461539,within_backend_cluster_top1_vote_fraction_not_probability,15,oof_predictions_sha256:faa38c9f6c381ebcabe5ddf5543095cd9d4e3ef5cb0479a30f7b91446eca8377,,backend_candidate_not_final_identity; scores_not_cross_backend_probabilities
celltypepilot.backend-candidates.v1,3::4,celltypist,reference_linear,reference_linear,decision_candidate,B cell,B cell,,CL:0000236,canonical_or_alias,True,0.007692307692307693,within_backend_cluster_top1_vote_fraction_not_probability,16,oof_predictions_sha256:faa38c9f6c381ebcabe5ddf5543095cd9d4e3ef5cb0479a30f7b91446eca8377,,backend_candidate_not_final_identity; scores_not_cross_backend_probabilities
celltypepilot.backend-candidates.v1,3::4,celltypist,reference_linear,reference_linear,decision_candidate,endothelial cell of lymphatic vessel,Endothelial cell,,CL:0000115,explicit_safe_parent_fallback,True,0.007692307692307693,within_backend_cluster_top1_vote_fraction_not_probability,17,oof_predictions_sha256:faa38c9f6c381ebcabe5ddf5543095cd9d4e3ef5cb0479a30f7b91446eca8377,,backend_candidate_not_final_identity; scores_not_cross_backend_probabilities
celltypepilot.backend-candidates.v1,3::4,celltypist,reference_linear,reference_linear,decision_candidate,endothelial cell of artery,Endothelial cell,,CL:0000115,explicit_safe_parent_fallback,True,0.0038461538461538464,within_backend_cluster_top1_vote_fraction_not_probability,18,oof_predictions_sha256:faa38c9f6c381ebcabe5ddf5543095cd9d4e3ef5cb0479a30f7b91446eca8377,,backend_candidate_not_final_identity; scores_not_cross_backend_probabilities
celltypepilot.backend-candidates.v1,3::4,popv,reference_ensemble,reference_ensemble,decision_candidate,capillary endothelial cell,Capillary endothelial cell,,CL:0002144,canonical_or_alias,True,0.2692307692307692,within_backend_cluster_top1_vote_fraction_not_probability,1,oof_predictions_sha256:faa38c9f6c381ebcabe5ddf5543095cd9d4e3ef5cb0479a30f7b91446eca8377,,backend_candidate_not_final_identity; scores_not_cross_backend_probabilities
celltypepilot.backend-candidates.v1,3::4,popv,reference_ensemble,reference_ensemble,decision_candidate,pulmonary alveolar type 2 cell,Alveolar type 2 cell,,CL:0002063,canonical_or_alias,True,0.21153846153846154,within_backend_cluster_top1_vote_fraction_not_probability,2,oof_predictions_sha256:faa38c9f6c381ebcabe5ddf5543095cd9d4e3ef5cb0479a30f7b91446eca8377,,backend_candidate_not_final_identity; scores_not_cross_backend_probabilities
celltypepilot.backend-candidates.v1,3::4,popv,reference_ensemble,reference_ensemble,decision_candidate,pulmonary alveolar type 1 cell,Alveolar type 1 cell,,CL:0002062,canonical_or_alias,True,0.13076923076923078,within_backend_cluster_top1_vote_fraction_not_probability,3,oof_predictions_sha256:faa38c9f6c381ebcabe5ddf5543095cd9d4e3ef5cb0479a30f7b91446eca8377,,backend_candidate_not_final_identity; scores_not_cross_backend_probabilities
celltypepilot.backend-candidates.v1,3::4,popv,reference_ensemble,reference_ensemble,decision_candidate,endothelial cell,Endothelial cell,,CL:0000115,canonical_or_alias,True,0.08461538461538462,within_backend_cluster_top1_vote_fraction_not_probability,4,oof_predictions_sha256:faa38c9f6c381ebcabe5ddf5543095cd9d4e3ef5cb0479a30f7b91446eca8377,,backend_candidate_not_final_identity; scores_not_cross_backend_probabilities
celltypepilot.backend-candidates.v1,3::4,popv,reference_ensemble,reference_ensemble,decision_candidate,fibroblast,Fibroblast,,CL:0000057,canonical_or_alias,True,0.06538461538461539,within_backend_cluster_top1_vote_fraction_not_probability,5,oof_predictions_sha256:faa38c9f6c381ebcabe5ddf5543095cd9d4e3ef5cb0479a30f7b91446eca8377,,backend_candidate_not_final_identity; scores_not_cross_backend_probabilities
celltypepilot.backend-candidates.v1,3::4,popv,reference_ensemble,reference_ensemble,decision_candidate,neutrophil,neutrophil,,,unresolved,False,0.046153846153846156,within_backend_cluster_top1_vote_fraction_not_probability,6,oof_predictions_sha256:faa38c9f6c381ebcabe5ddf5543095cd9d4e3ef5cb0479a30f7b91446eca8377,,backend_candidate_not_final_identity; scores_not_cross_backend_probabilities
celltypepilot.backend-candidates.v1,3::4,popv,reference_ensemble,reference_ensemble,decision_candidate,club cell,Club cell,,CL:0000158,canonical_or_alias,True,0.038461538461538464,within_backend_cluster_top1_vote_fraction_not_probability,7,oof_predictions_sha256:faa38c9f6c381ebcabe5ddf5543095cd9d4e3ef5cb0479a30f7b91446eca8377,,backend_candidate_not_final_identity; scores_not_cross_backend_probabilities
celltypepilot.backend-candidates.v1,3::4,popv,reference_ensemble,reference_ensemble,decision_candidate,pericyte,Pericyte,,CL:0000669,canonical_or_alias,True,0.038461538461538464,within_backend_cluster_top1_vote_fraction_not_probability,8,oof_predictions_sha256:faa38c9f6c381ebcabe5ddf5543095cd9d4e3ef5cb0479a30f7b91446eca8377,,backend_candidate_not_final_identity; scores_not_cross_backend_probabilities
celltypepilot.backend-candidates.v1,3::4,popv,reference_ensemble,reference_ensemble,decision_candidate,myeloid leukocyte,myeloid leukocyte,,,unresolved,False,0.023076923076923078,within_backend_cluster_top1_vote_fraction_not_probability,9,oof_predictions_sha256:faa38c9f6c381ebcabe5ddf5543095cd9d4e3ef5cb0479a30f7b91446eca8377,,backend_candidate_not_final_identity; scores_not_cross_backend_probabilities
celltypepilot.backend-candidates.v1,3::4,popv,reference_ensemble,reference_ensemble,decision_candidate,bronchial smooth muscle cell,Bronchial smooth muscle cell,,CL:0002598,canonical_or_alias,True,0.019230769230769232,within_backend_cluster_top1_vote_fraction_not_probability,10,oof_predictions_sha256:faa38c9f6c381ebcabe5ddf5543095cd9d4e3ef5cb0479a30f7b91446eca8377,,backend_candidate_not_final_identity; scores_not_cross_backend_probabilities
celltypepilot.backend-candidates.v1,3::4,popv,reference_ensemble,reference_ensemble,decision_candidate,alveolar macrophage,Alveolar macrophage,,CL:0000583,canonical_or_alias,True,0.011538461538461539,within_backend_cluster_top1_vote_fraction_not_probability,11,oof_predictions_sha256:faa38c9f6c381ebcabe5ddf5543095cd9d4e3ef5cb0479a30f7b91446eca8377,,backend_candidate_not_final_identity; scores_not_cross_backend_probabilities
celltypepilot.backend-candidates.v1,3::4,popv,reference_ensemble,reference_ensemble,decision_candidate,respiratory basal cell,Basal cell,,CL:0002633,canonical_or_alias,True,0.011538461538461539,within_backend_cluster_top1_vote_fraction_not_probability,12,oof_predictions_sha256:faa38c9f6c381ebcabe5ddf5543095cd9d4e3ef5cb0479a30f7b91446eca8377,,backend_candidate_not_final_identity; scores_not_cross_backend_probabilities
celltypepilot.backend-candidates.v1,3::4,popv,reference_ensemble,reference_ensemble,decision_candidate,B cell,B cell,,CL:0000236,canonical_or_alias,True,0.007692307692307693,within_backend_cluster_top1_vote_fraction_not_probability,13,oof_predictions_sha256:faa38c9f6c381ebcabe5ddf5543095cd9d4e3ef5cb0479a30f7b91446eca8377,,backend_candidate_not_final_identity; scores_not_cross_backend_probabilities
celltypepilot.backend-candidates.v1,3::4,popv,reference_ensemble,reference_ensemble,decision_candidate,classical monocyte,Classical monocyte,,CL:0000860,canonical_or_alias,True,0.007692307692307693,within_backend_cluster_top1_vote_fraction_not_probability,14,oof_predictions_sha256:faa38c9f6c381ebcabe5ddf5543095cd9d4e3ef5cb0479a30f7b91446eca8377,,backend_candidate_not_final_identity; scores_not_cross_backend_probabilities
celltypepilot.backend-candidates.v1,3::4,popv,reference_ensemble,reference_ensemble,decision_candidate,endothelial cell of artery,Endothelial cell,,CL:0000115,explicit_safe_parent_fallback,True,0.007692307692307693,within_backend_cluster_top1_vote_fraction_not_probability,15,oof_predictions_sha256:faa38c9f6c381ebcabe5ddf5543095cd9d4e3ef5cb0479a30f7b91446eca8377,,backend_candidate_not_final_identity; scores_not_cross_backend_probabilities
celltypepilot.backend-candidates.v1,3::4,popv,reference_ensemble,reference_ensemble,decision_candidate,endothelial cell of lymphatic vessel,Endothelial cell,,CL:0000115,explicit_safe_parent_fallback,True,0.007692307692307693,within_backend_cluster_top1_vote_fraction_not_probability,16,oof_predictions_sha256:faa38c9f6c381ebcabe5ddf5543095cd9d4e3ef5cb0479a30f7b91446eca8377,,backend_candidate_not_final_identity; scores_not_cross_backend_probabilities
celltypepilot.backend-candidates.v1,3::4,popv,reference_ensemble,reference_ensemble,decision_candidate,epithelial cell,Epithelial cell,,CL:0000066,canonical_or_alias,True,0.007692307692307693,within_backend_cluster_top1_vote_fraction_not_probability,17,oof_predictions_sha256:faa38c9f6c381ebcabe5ddf5543095cd9d4e3ef5cb0479a30f7b91446eca8377,,backend_candidate_not_final_identity; scores_not_cross_backend_probabilities
celltypepilot.backend-candidates.v1,3::4,popv,reference_ensemble,reference_ensemble,decision_candidate,natural killer cell,NK cell,,CL:0000623,canonical_or_alias,True,0.007692307692307693,within_backend_cluster_top1_vote_fraction_not_probability,18,oof_predictions_sha256:faa38c9f6c381ebcabe5ddf5543095cd9d4e3ef5cb0479a30f7b91446eca8377,,backend_candidate_not_final_identity; scores_not_cross_backend_probabilities
celltypepilot.backend-candidates.v1,3::4,popv,reference_ensemble,reference_ensemble,decision_candidate,"dendritic cell, human",Dendritic cell,,CL:0000451,canonical_or_alias,True,0.0038461538461538464,within_backend_cluster_top1_vote_fraction_not_probability,19,oof_predictions_sha256:faa38c9f6c381ebcabe5ddf5543095cd9d4e3ef5cb0479a30f7b91446eca8377,,backend_candidate_not_final_identity; scores_not_cross_backend_probabilities
celltypepilot.backend-candidates.v1,3::4,singler,reference_correlation,reference_correlation,decision_candidate,capillary endothelial cell,Capillary endothelial cell,,CL:0002144,canonical_or_alias,True,0.23076923076923078,within_backend_cluster_top1_vote_fraction_not_probability,1,oof_predictions_sha256:faa38c9f6c381ebcabe5ddf5543095cd9d4e3ef5cb0479a30f7b91446eca8377,,backend_candidate_not_final_identity; scores_not_cross_backend_probabilities
celltypepilot.backend-candidates.v1,3::4,singler,reference_correlation,reference_correlation,decision_candidate,Unknown,Unknown,,,unresolved,False,0.2153846153846154,within_backend_cluster_top1_vote_fraction_not_probability,2,oof_predictions_sha256:faa38c9f6c381ebcabe5ddf5543095cd9d4e3ef5cb0479a30f7b91446eca8377,,backend_candidate_not_final_identity; scores_not_cross_backend_probabilities
celltypepilot.backend-candidates.v1,3::4,singler,reference_correlation,reference_correlation,decision_candidate,pulmonary alveolar type 2 cell,Alveolar type 2 cell,,CL:0002063,canonical_or_alias,True,0.1346153846153846,within_backend_cluster_top1_vote_fraction_not_probability,3,oof_predictions_sha256:faa38c9f6c381ebcabe5ddf5543095cd9d4e3ef5cb0479a30f7b91446eca8377,,backend_candidate_not_final_identity; scores_not_cross_backend_probabilities
celltypepilot.backend-candidates.v1,3::4,singler,reference_correlation,reference_correlation,decision_candidate,endothelial cell,Endothelial cell,,CL:0000115,canonical_or_alias,True,0.07692307692307693,within_backend_cluster_top1_vote_fraction_not_probability,4,oof_predictions_sha256:faa38c9f6c381ebcabe5ddf5543095cd9d4e3ef5cb0479a30f7b91446eca8377,,backend_candidate_not_final_identity; scores_not_cross_backend_probabilities
celltypepilot.backend-candidates.v1,3::4,singler,reference_correlation,reference_correlation,decision_candidate,fibroblast,Fibroblast,,CL:0000057,canonical_or_alias,True,0.06153846153846154,within_backend_cluster_top1_vote_fraction_not_probability,5,oof_predictions_sha256:faa38c9f6c381ebcabe5ddf5543095cd9d4e3ef5cb0479a30f7b91446eca8377,,backend_candidate_not_final_identity; scores_not_cross_backend_probabilities
celltypepilot.backend-candidates.v1,3::4,singler,reference_correlation,reference_correlation,decision_candidate,epithelial cell,Epithelial cell,,CL:0000066,canonical_or_alias,True,0.04230769230769231,within_backend_cluster_top1_vote_fraction_not_probability,6,oof_predictions_sha256:faa38c9f6c381ebcabe5ddf5543095cd9d4e3ef5cb0479a30f7b91446eca8377,,backend_candidate_not_final_identity; scores_not_cross_backend_probabilities
celltypepilot.backend-candidates.v1,3::4,singler,reference_correlation,reference_correlation,decision_candidate,pericyte,Pericyte,,CL:0000669,canonical_or_alias,True,0.03461538461538462,within_backend_cluster_top1_vote_fraction_not_probability,7,oof_predictions_sha256:faa38c9f6c381ebcabe5ddf5543095cd9d4e3ef5cb0479a30f7b91446eca8377,,backend_candidate_not_final_identity; scores_not_cross_backend_probabilities
celltypepilot.backend-candidates.v1,3::4,singler,reference_correlation,reference_correlation,decision_candidate,endothelial cell of artery,Endothelial cell,,CL:0000115,explicit_safe_parent_fallback,True,0.03076923076923077,within_backend_cluster_top1_vote_fraction_not_probability,8,oof_predictions_sha256:faa38c9f6c381ebcabe5ddf5543095cd9d4e3ef5cb0479a30f7b91446eca8377,,backend_candidate_not_final_identity; scores_not_cross_backend_probabilities
celltypepilot.backend-candidates.v1,3::4,singler,reference_correlation,reference_correlation,decision_candidate,neutrophil,neutrophil,,,unresolved,False,0.026923076923076925,within_backend_cluster_top1_vote_fraction_not_probability,9,oof_predictions_sha256:faa38c9f6c381ebcabe5ddf5543095cd9d4e3ef5cb0479a30f7b91446eca8377,,backend_candidate_not_final_identity; scores_not_cross_backend_probabilities
celltypepilot.backend-candidates.v1,3::4,singler,reference_correlation,reference_correlation,decision_candidate,myeloid leukocyte,myeloid leukocyte,,,unresolved,False,0.023076923076923078,within_backend_cluster_top1_vote_fraction_not_probability,10,oof_predictions_sha256:faa38c9f6c381ebcabe5ddf5543095cd9d4e3ef5cb0479a30f7b91446eca8377,,backend_candidate_not_final_identity; scores_not_cross_backend_probabilities
celltypepilot.backend-candidates.v1,3::4,singler,reference_correlation,reference_correlation,decision_candidate,alveolar macrophage,Alveolar macrophage,,CL:0000583,canonical_or_alias,True,0.019230769230769232,within_backend_cluster_top1_vote_fraction_not_probability,11,oof_predictions_sha256:faa38c9f6c381ebcabe5ddf5543095cd9d4e3ef5cb0479a30f7b91446eca8377,,backend_candidate_not_final_identity; scores_not_cross_backend_probabilities
celltypepilot.backend-candidates.v1,3::4,singler,reference_correlation,reference_correlation,decision_candidate,bronchial smooth muscle cell,Bronchial smooth muscle cell,,CL:0002598,canonical_or_alias,True,0.019230769230769232,within_backend_cluster_top1_vote_fraction_not_probability,12,oof_predictions_sha256:faa38c9f6c381ebcabe5ddf5543095cd9d4e3ef5cb0479a30f7b91446eca8377,,backend_candidate_not_final_identity; scores_not_cross_backend_probabilities
celltypepilot.backend-candidates.v1,3::4,singler,reference_correlation,reference_correlation,decision_candidate,pulmonary alveolar type 1 cell,Alveolar type 1 cell,,CL:0002062,canonical_or_alias,True,0.015384615384615385,within_backend_cluster_top1_vote_fraction_not_probability,13,oof_predictions_sha256:faa38c9f6c381ebcabe5ddf5543095cd9d4e3ef5cb0479a30f7b91446eca8377,,backend_candidate_not_final_identity; scores_not_cross_backend_probabilities
celltypepilot.backend-candidates.v1,3::4,singler,reference_correlation,reference_correlation,decision_candidate,club cell,Club cell,,CL:0000158,canonical_or_alias,True,0.011538461538461539,within_backend_cluster_top1_vote_fraction_not_probability,14,oof_predictions_sha256:faa38c9f6c381ebcabe5ddf5543095cd9d4e3ef5cb0479a30f7b91446eca8377,,backend_candidate_not_final_identity; scores_not_cross_backend_probabilities
celltypepilot.backend-candidates.v1,3::4,singler,reference_correlation,reference_correlation,decision_candidate,"dendritic cell, human",Dendritic cell,,CL:0000451,canonical_or_alias,True,0.011538461538461539,within_backend_cluster_top1_vote_fraction_not_probability,15,oof_predictions_sha256:faa38c9f6c381ebcabe5ddf5543095cd9d4e3ef5cb0479a30f7b91446eca8377,,backend_candidate_not_final_identity; scores_not_cross_backend_probabilities
celltypepilot.backend-candidates.v1,3::4,singler,reference_correlation,reference_correlation,decision_candidate,B cell,B cell,,CL:0000236,canonical_or_alias,True,0.007692307692307693,within_backend_cluster_top1_vote_fraction_not_probability,16,oof_predictions_sha256:faa38c9f6c381ebcabe5ddf5543095cd9d4e3ef5cb0479a30f7b91446eca8377,,backend_candidate_not_final_identity; scores_not_cross_backend_probabilities
celltypepilot.backend-candidates.v1,3::4,singler,reference_correlation,reference_correlation,decision_candidate,endothelial cell of lymphatic vessel,Endothelial cell,,CL:0000115,explicit_safe_parent_fallback,True,0.007692307692307693,within_backend_cluster_top1_vote_fraction_not_probability,17,oof_predictions_sha256:faa38c9f6c381ebcabe5ddf5543095cd9d4e3ef5cb0479a30f7b91446eca8377,,backend_candidate_not_final_identity; scores_not_cross_backend_probabilities
celltypepilot.backend-candidates.v1,3::4,singler,reference_correlation,reference_correlation,decision_candidate,vein endothelial cell,Endothelial cell,,CL:0000115,explicit_safe_parent_fallback,True,0.007692307692307693,within_backend_cluster_top1_vote_fraction_not_probability,18,oof_predictions_sha256:faa38c9f6c381ebcabe5ddf5543095cd9d4e3ef5cb0479a30f7b91446eca8377,,backend_candidate_not_final_identity; scores_not_cross_backend_probabilities
celltypepilot.backend-candidates.v1,3::4,singler,reference_correlation,reference_correlation,decision_candidate,classical monocyte,Classical monocyte,,CL:0000860,canonical_or_alias,True,0.0038461538461538464,within_backend_cluster_top1_vote_fraction_not_probability,19,oof_predictions_sha256:faa38c9f6c381ebcabe5ddf5543095cd9d4e3ef5cb0479a30f7b91446eca8377,,backend_candidate_not_final_identity; scores_not_cross_backend_probabilities
celltypepilot.backend-candidates.v1,3::4,singler,reference_correlation,reference_correlation,decision_candidate,dendritic cell,Dendritic cell,,CL:0000451,canonical_or_alias,True,0.0038461538461538464,within_backend_cluster_top1_vote_fraction_not_probability,20,oof_predictions_sha256:faa38c9f6c381ebcabe5ddf5543095cd9d4e3ef5cb0479a30f7b91446eca8377,,backend_candidate_not_final_identity; scores_not_cross_backend_probabilities
celltypepilot.backend-candidates.v1,3::4,singler,reference_correlation,reference_correlation,decision_candidate,natural killer cell,NK cell,,CL:0000623,canonical_or_alias,True,0.0038461538461538464,within_backend_cluster_top1_vote_fraction_not_probability,21,oof_predictions_sha256:faa38c9f6c381ebcabe5ddf5543095cd9d4e3ef5cb0479a30f7b91446eca8377,,backend_candidate_not_final_identity; scores_not_cross_backend_probabilities
celltypepilot.backend-candidates.v1,3::4,singler,reference_correlation,reference_correlation,decision_candidate,non-classical monocyte,Non-classical monocyte,,CL:0000875,canonical_or_alias,True,0.0038461538461538464,within_backend_cluster_top1_vote_fraction_not_probability,22,oof_predictions_sha256:faa38c9f6c381ebcabe5ddf5543095cd9d4e3ef5cb0479a30f7b91446eca8377,,backend_candidate_not_final_identity; scores_not_cross_backend_probabilities
celltypepilot.backend-candidates.v1,3::4,singler,reference_correlation,reference_correlation,decision_candidate,pulmonary interstitial fibroblast,Pulmonary interstitial fibroblast,,CL:0002241,canonical_or_alias,True,0.0038461538461538464,within_backend_cluster_top1_vote_fraction_not_probability,23,oof_predictions_sha256:faa38c9f6c381ebcabe5ddf5543095cd9d4e3ef5cb0479a30f7b91446eca8377,,backend_candidate_not_final_identity; scores_not_cross_backend_probabilities
celltypepilot.backend-candidates.v1,3::4,singler,reference_correlation,reference_correlation,decision_candidate,respiratory basal cell,Basal cell,,CL:0002633,canonical_or_alias,True,0.0038461538461538464,within_backend_cluster_top1_vote_fraction_not_probability,24,oof_predictions_sha256:faa38c9f6c381ebcabe5ddf5543095cd9d4e3ef5cb0479a30f7b91446eca8377,,backend_candidate_not_final_identity; scores_not_cross_backend_probabilities
