cell_id,cluster,predicted_label,confidence,method
A1_B002014.gencode.vH29,2::0,Endothelial cell,1.0,celltypepilot
A1_B003138.gencode.vH29,2::0,Endothelial cell,1.0,celltypepilot
A1_B003140.gencode.vH29,2::0,Endothelial cell,1.0,celltypepilot
A10_B003138.gencode.vH29,2::0,Endothelial cell,1.0,celltypepilot
A12_B003141.gencode.vH29,2::0,Endothelial cell,1.0,celltypepilot
A13_B002383.gencode.vH29,2::0,Endothelial cell,1.0,celltypepilot
A14_B003137.gencode.vH29,2::0,Endothelial cell,1.0,celltypepilot
A17_B002014.gencode.vH29,2::0,Endothelial cell,1.0,celltypepilot
A17_B003138.gencode.vH29,2::0,Endothelial cell,1.0,celltypepilot
A18_B002383.gencode.vH29,2::0,Endothelial cell,1.0,celltypepilot
A2_B002383.gencode.vH29,2::0,Endothelial cell,1.0,celltypepilot
A5_B003136.gencode.vH29,2::0,Endothelial cell,1.0,celltypepilot
A6_B002383.gencode.vH29,2::0,Endothelial cell,1.0,celltypepilot
B12_B002014.gencode.vH29,2::0,Endothelial cell,1.0,celltypepilot
B13_B002383.gencode.vH29,2::0,Endothelial cell,1.0,celltypepilot
B16_B002014.gencode.vH29,2::2,Capillary endothelial cell,1.0,celltypepilot
B19_B002014.gencode.vH29,2::0,Endothelial cell,1.0,celltypepilot
B2_B002382.gencode.vH29,2::0,Endothelial cell,1.0,celltypepilot
B3_B002382.gencode.vH29,2::0,Endothelial cell,1.0,celltypepilot
B3_B002383.gencode.vH29,2::0,Endothelial cell,1.0,celltypepilot
B4_B003138.gencode.vH29,2::0,Endothelial cell,1.0,celltypepilot
B4_B003140.gencode.vH29,2::0,Endothelial cell,1.0,celltypepilot
B5_B003135.gencode.vH29,2::0,Endothelial cell,1.0,celltypepilot
B6_B003138.gencode.vH29,2::0,Endothelial cell,1.0,celltypepilot
B7_B003142.gencode.vH29,2::0,Endothelial cell,1.0,celltypepilot
B8_B002382.gencode.vH29,2::0,Endothelial cell,1.0,celltypepilot
B8_B003141.gencode.vH29,2::2,Capillary endothelial cell,1.0,celltypepilot
B9_B003140.gencode.vH29,2::0,Endothelial cell,1.0,celltypepilot
C1_B003141.gencode.vH29,2::0,Endothelial cell,1.0,celltypepilot
C13_B003136.gencode.vH29,2::0,Endothelial cell,1.0,celltypepilot
C14_B002014.gencode.vH29,2::0,Endothelial cell,1.0,celltypepilot
C17_B002014.gencode.vH29,2::0,Endothelial cell,1.0,celltypepilot
C18_B003139.gencode.vH29,2::0,Endothelial cell,1.0,celltypepilot
C8_B003140.gencode.vH29,2::0,Endothelial cell,1.0,celltypepilot
C9_B003141.gencode.vH29,2::0,Endothelial cell,1.0,celltypepilot
D1_B002382.gencode.vH29,2::0,Endothelial cell,1.0,celltypepilot
D1_B003137.gencode.vH29,2::0,Endothelial cell,1.0,celltypepilot
D1_B003141.gencode.vH29,2::0,Endothelial cell,1.0,celltypepilot
D10_B003136.gencode.vH29,2::0,Endothelial cell,1.0,celltypepilot
D10_B003139.gencode.vH29,2::0,Endothelial cell,1.0,celltypepilot
D12_B002014.gencode.vH29,2::0,Endothelial cell,1.0,celltypepilot
D12_B002383.gencode.vH29,2::0,Endothelial cell,1.0,celltypepilot
D13_B003139.gencode.vH29,2::0,Endothelial cell,1.0,celltypepilot
D14_B002014.gencode.vH29,2::0,Endothelial cell,1.0,celltypepilot
D17_B003137.gencode.vH29,2::0,Endothelial cell,1.0,celltypepilot
D20_B003140.gencode.vH29,2::0,Endothelial cell,1.0,celltypepilot
D3_B003139.gencode.vH29,2::0,Endothelial cell,1.0,celltypepilot
D4_B002014.gencode.vH29,2::0,Endothelial cell,1.0,celltypepilot
D4_B003138.gencode.vH29,2::0,Endothelial cell,1.0,celltypepilot
D6_B002014.gencode.vH29,2::0,Endothelial cell,1.0,celltypepilot
D6_B003141.gencode.vH29,2::0,Endothelial cell,1.0,celltypepilot
D8_B003139.gencode.vH29,2::0,Endothelial cell,1.0,celltypepilot
E1_B002383.gencode.vH29,2::0,Endothelial cell,1.0,celltypepilot
E1_B003138.gencode.vH29,2::0,Endothelial cell,1.0,celltypepilot
E11_B002014.gencode.vH29,2::0,Endothelial cell,1.0,celltypepilot
E12_B002382.gencode.vH29,2::0,Endothelial cell,1.0,celltypepilot
E12_B003138.gencode.vH29,2::0,Endothelial cell,1.0,celltypepilot
E13_B002014.gencode.vH29,2::0,Endothelial cell,1.0,celltypepilot
E14_B003139.gencode.vH29,2::0,Endothelial cell,1.0,celltypepilot
E17_B003139.gencode.vH29,2::0,Endothelial cell,1.0,celltypepilot
E18_B003138.gencode.vH29,2::0,Endothelial cell,1.0,celltypepilot
E19_B003139.gencode.vH29,2::0,Endothelial cell,1.0,celltypepilot
E20_B002383.gencode.vH29,2::2,Capillary endothelial cell,1.0,celltypepilot
E3_B002382.gencode.vH29,2::0,Endothelial cell,1.0,celltypepilot
E3_B002383.gencode.vH29,2::0,Endothelial cell,1.0,celltypepilot
E5_B003140.gencode.vH29,2::0,Endothelial cell,1.0,celltypepilot
E6_B002383.gencode.vH29,2::0,Endothelial cell,1.0,celltypepilot
E7_B002383.gencode.vH29,2::0,Endothelial cell,1.0,celltypepilot
E7_B002385.gencode.vH29,2::0,Endothelial cell,1.0,celltypepilot
E8_B003136.gencode.vH29,2::0,Endothelial cell,1.0,celltypepilot
F10_B003141.gencode.vH29,2::0,Endothelial cell,1.0,celltypepilot
F11_B002383.gencode.vH29,2::0,Endothelial cell,1.0,celltypepilot
F11_B003139.gencode.vH29,2::0,Endothelial cell,1.0,celltypepilot
F13_B003139.gencode.vH29,2::0,Endothelial cell,1.0,celltypepilot
F15_B002383.gencode.vH29,2::0,Endothelial cell,1.0,celltypepilot
F17_B003138.gencode.vH29,2::0,Endothelial cell,1.0,celltypepilot
F18_B003138.gencode.vH29,2::0,Endothelial cell,1.0,celltypepilot
F19_B002382.gencode.vH29,2::0,Endothelial cell,1.0,celltypepilot
F4_B002385.gencode.vH29,2::0,Endothelial cell,1.0,celltypepilot
F4_B003138.gencode.vH29,2::0,Endothelial cell,1.0,celltypepilot
F6_B003139.gencode.vH29,2::0,Endothelial cell,1.0,celltypepilot
F8_B002382.gencode.vH29,2::0,Endothelial cell,1.0,celltypepilot
F8_B002383.gencode.vH29,2::0,Endothelial cell,1.0,celltypepilot
F8_B002386.gencode.vH29,2::0,Endothelial cell,1.0,celltypepilot
F9_B003138.gencode.vH29,2::0,Endothelial cell,1.0,celltypepilot
G14_B002383.gencode.vH29,2::0,Endothelial cell,1.0,celltypepilot
G15_B002383.gencode.vH29,2::0,Endothelial cell,1.0,celltypepilot
G15_B003139.gencode.vH29,2::0,Endothelial cell,1.0,celltypepilot
G17_B003139.gencode.vH29,2::0,Endothelial cell,1.0,celltypepilot
G18_B003138.gencode.vH29,2::0,Endothelial cell,1.0,celltypepilot
G2_B003138.gencode.vH29,2::0,Endothelial cell,1.0,celltypepilot
G20_B003138.gencode.vH29,2::0,Endothelial cell,1.0,celltypepilot
G3_B002383.gencode.vH29,2::0,Endothelial cell,1.0,celltypepilot
G6_B002385.gencode.vH29,2::0,Endothelial cell,1.0,celltypepilot
G7_B002383.gencode.vH29,2::0,Endothelial cell,1.0,celltypepilot
G7_B003138.gencode.vH29,2::0,Endothelial cell,1.0,celltypepilot
G7_B003139.gencode.vH29,2::0,Endothelial cell,1.0,celltypepilot
G9_B003137.gencode.vH29,2::0,Endothelial cell,1.0,celltypepilot
H1_B003138.gencode.vH29,2::0,Endothelial cell,1.0,celltypepilot
H11_B003141.gencode.vH29,2::0,Endothelial cell,1.0,celltypepilot
H13_B002386.gencode.vH29,2::0,Endothelial cell,1.0,celltypepilot
H13_B003140.gencode.vH29,2::0,Endothelial cell,1.0,celltypepilot
H14_B003139.gencode.vH29,2::2,Capillary endothelial cell,1.0,celltypepilot
H16_B003138.gencode.vH29,2::0,Endothelial cell,1.0,celltypepilot
H17_B002383.gencode.vH29,2::0,Endothelial cell,1.0,celltypepilot
H18_B002383.gencode.vH29,2::0,Endothelial cell,1.0,celltypepilot
H19_B002014.gencode.vH29,2::0,Endothelial cell,1.0,celltypepilot
H2_B002382.gencode.vH29,2::0,Endothelial cell,1.0,celltypepilot
H20_B003140.gencode.vH29,2::0,Endothelial cell,1.0,celltypepilot
H4_B003139.gencode.vH29,2::0,Endothelial cell,1.0,celltypepilot
H5_B003136.gencode.vH29,2::0,Endothelial cell,1.0,celltypepilot
H6_B003136.gencode.vH29,2::0,Endothelial cell,1.0,celltypepilot
H6_B003138.gencode.vH29,2::0,Endothelial cell,1.0,celltypepilot
H6_B003142.gencode.vH29,2::0,Endothelial cell,1.0,celltypepilot
H9_B002383.gencode.vH29,2::0,Endothelial cell,1.0,celltypepilot
I10_B002385.gencode.vH29,2::0,Endothelial cell,1.0,celltypepilot
I11_B003139.gencode.vH29,2::0,Endothelial cell,1.0,celltypepilot
I11_B003142.gencode.vH29,2::0,Endothelial cell,1.0,celltypepilot
I14_B002014.gencode.vH29,2::0,Endothelial cell,1.0,celltypepilot
I14_B003139.gencode.vH29,2::0,Endothelial cell,1.0,celltypepilot
I15_B002383.gencode.vH29,2::0,Endothelial cell,1.0,celltypepilot
I16_B003139.gencode.vH29,2::0,Endothelial cell,1.0,celltypepilot
I19_B002014.gencode.vH29,2::0,Endothelial cell,1.0,celltypepilot
I19_B003139.gencode.vH29,2::0,Endothelial cell,1.0,celltypepilot
I2_B002385.gencode.vH29,2::0,Endothelial cell,1.0,celltypepilot
I20_B002383.gencode.vH29,2::0,Endothelial cell,1.0,celltypepilot
I20_B003138.gencode.vH29,2::0,Endothelial cell,1.0,celltypepilot
I4_B003135.gencode.vH29,2::0,Endothelial cell,1.0,celltypepilot
I4_B003140.gencode.vH29,2::0,Endothelial cell,1.0,celltypepilot
I8_B002385.gencode.vH29,2::0,Endothelial cell,1.0,celltypepilot
I9_B003136.gencode.vH29,2::0,Endothelial cell,1.0,celltypepilot
I9_B003138.gencode.vH29,2::0,Endothelial cell,1.0,celltypepilot
J10_B002383.gencode.vH29,2::0,Endothelial cell,1.0,celltypepilot
J11_B003142.gencode.vH29,2::0,Endothelial cell,1.0,celltypepilot
J13_B002385.gencode.vH29,2::0,Endothelial cell,1.0,celltypepilot
J13_B002386.gencode.vH29,2::0,Endothelial cell,1.0,celltypepilot
J14_B002383.gencode.vH29,2::0,Endothelial cell,1.0,celltypepilot
J14_B003138.gencode.vH29,2::0,Endothelial cell,1.0,celltypepilot
J17_B003138.gencode.vH29,2::0,Endothelial cell,1.0,celltypepilot
J17_B003139.gencode.vH29,2::0,Endothelial cell,1.0,celltypepilot
J18_B003138.gencode.vH29,2::0,Endothelial cell,1.0,celltypepilot
J2_B003139.gencode.vH29,2::0,Endothelial cell,1.0,celltypepilot
J20_B003139.gencode.vH29,2::2,Capillary endothelial cell,1.0,celltypepilot
J7_B003139.gencode.vH29,2::0,Endothelial cell,1.0,celltypepilot
J8_B003141.gencode.vH29,2::0,Endothelial cell,1.0,celltypepilot
J9_B002382.gencode.vH29,2::0,Endothelial cell,1.0,celltypepilot
J9_B003140.gencode.vH29,2::2,Capillary endothelial cell,1.0,celltypepilot
K10_B003137.gencode.vH29,2::0,Endothelial cell,1.0,celltypepilot
K11_B003139.gencode.vH29,2::0,Endothelial cell,1.0,celltypepilot
K11_B003140.gencode.vH29,2::0,Endothelial cell,1.0,celltypepilot
K14_B002383.gencode.vH29,2::0,Endothelial cell,1.0,celltypepilot
K15_B002383.gencode.vH29,2::0,Endothelial cell,1.0,celltypepilot
K16_B002014.gencode.vH29,2::0,Endothelial cell,1.0,celltypepilot
K17_B003139.gencode.vH29,2::0,Endothelial cell,1.0,celltypepilot
K18_B003138.gencode.vH29,2::0,Endothelial cell,1.0,celltypepilot
K19_B002383.gencode.vH29,2::0,Endothelial cell,1.0,celltypepilot
K19_B003139.gencode.vH29,2::0,Endothelial cell,1.0,celltypepilot
K2_B002383.gencode.vH29,2::0,Endothelial cell,1.0,celltypepilot
K2_B003136.gencode.vH29,2::0,Endothelial cell,1.0,celltypepilot
K20_B002383.gencode.vH29,2::0,Endothelial cell,1.0,celltypepilot
K20_B003139.gencode.vH29,2::0,Endothelial cell,1.0,celltypepilot
K3_B002014.gencode.vH29,2::0,Endothelial cell,1.0,celltypepilot
K5_B002382.gencode.vH29,2::0,Endothelial cell,1.0,celltypepilot
K5_B003137.gencode.vH29,2::0,Endothelial cell,1.0,celltypepilot
K5_B003141.gencode.vH29,2::0,Endothelial cell,1.0,celltypepilot
K6_B002383.gencode.vH29,2::0,Endothelial cell,1.0,celltypepilot
K6_B003141.gencode.vH29,2::0,Endothelial cell,1.0,celltypepilot
K8_B002383.gencode.vH29,2::0,Endothelial cell,1.0,celltypepilot
K9_B003136.gencode.vH29,2::0,Endothelial cell,1.0,celltypepilot
K9_B003142.gencode.vH29,2::0,Endothelial cell,1.0,celltypepilot
L1_B003139.gencode.vH29,2::0,Endothelial cell,1.0,celltypepilot
L10_B003139.gencode.vH29,2::0,Endothelial cell,1.0,celltypepilot
L12_B002383.gencode.vH29,2::0,Endothelial cell,1.0,celltypepilot
L12_B003141.gencode.vH29,2::0,Endothelial cell,1.0,celltypepilot
L13_B002014.gencode.vH29,2::0,Endothelial cell,1.0,celltypepilot
L14_B002382.gencode.vH29,2::0,Endothelial cell,1.0,celltypepilot
L17_B003138.gencode.vH29,2::0,Endothelial cell,1.0,celltypepilot
L17_B003140.gencode.vH29,2::0,Endothelial cell,1.0,celltypepilot
L18_B002383.gencode.vH29,2::0,Endothelial cell,1.0,celltypepilot
L18_B003139.gencode.vH29,2::0,Endothelial cell,1.0,celltypepilot
L20_B003139.gencode.vH29,2::0,Endothelial cell,1.0,celltypepilot
L20_B003141.gencode.vH29,2::0,Endothelial cell,1.0,celltypepilot
L4_B003137.gencode.vH29,2::0,Endothelial cell,1.0,celltypepilot
L5_B003139.gencode.vH29,2::0,Endothelial cell,1.0,celltypepilot
L6_B003136.gencode.vH29,2::0,Endothelial cell,1.0,celltypepilot
L6_B003142.gencode.vH29,2::0,Endothelial cell,1.0,celltypepilot
L7_B002382.gencode.vH29,2::0,Endothelial cell,1.0,celltypepilot
L7_B003135.gencode.vH29,2::0,Endothelial cell,1.0,celltypepilot
L8_B002383.gencode.vH29,2::0,Endothelial cell,1.0,celltypepilot
M10_B003138.gencode.vH29,2::0,Endothelial cell,1.0,celltypepilot
M11_B002383.gencode.vH29,2::0,Endothelial cell,1.0,celltypepilot
M12_B002385.gencode.vH29,2::0,Endothelial cell,1.0,celltypepilot
M13_B003139.gencode.vH29,2::0,Endothelial cell,1.0,celltypepilot
M15_B002014.gencode.vH29,2::0,Endothelial cell,1.0,celltypepilot
M15_B003136.gencode.vH29,2::0,Endothelial cell,1.0,celltypepilot
M16_B002014.gencode.vH29,2::0,Endothelial cell,1.0,celltypepilot
M16_B002383.gencode.vH29,2::0,Endothelial cell,1.0,celltypepilot
M16_B003136.gencode.vH29,2::0,Endothelial cell,1.0,celltypepilot
M16_B003138.gencode.vH29,2::0,Endothelial cell,1.0,celltypepilot
M18_B003140.gencode.vH29,2::0,Endothelial cell,1.0,celltypepilot
M20_B002383.gencode.vH29,2::0,Endothelial cell,1.0,celltypepilot
M3_B003139.gencode.vH29,2::0,Endothelial cell,1.0,celltypepilot
M6_B003136.gencode.vH29,2::0,Endothelial cell,1.0,celltypepilot
M6_B003137.gencode.vH29,2::0,Endothelial cell,1.0,celltypepilot
M8_B003142.gencode.vH29,2::0,Endothelial cell,1.0,celltypepilot
M9_B002383.gencode.vH29,2::0,Endothelial cell,1.0,celltypepilot
N10_B002014.gencode.vH29,2::0,Endothelial cell,1.0,celltypepilot
N10_B002383.gencode.vH29,2::0,Endothelial cell,1.0,celltypepilot
N11_B003140.gencode.vH29,2::2,Capillary endothelial cell,1.0,celltypepilot
N12_B002382.gencode.vH29,2::0,Endothelial cell,1.0,celltypepilot
N12_B003138.gencode.vH29,2::0,Endothelial cell,1.0,celltypepilot
N12_B003140.gencode.vH29,2::0,Endothelial cell,1.0,celltypepilot
N13_B003140.gencode.vH29,2::0,Endothelial cell,1.0,celltypepilot
N16_B003138.gencode.vH29,2::0,Endothelial cell,1.0,celltypepilot
N17_B002383.gencode.vH29,2::0,Endothelial cell,1.0,celltypepilot
N20_B002383.gencode.vH29,2::2,Capillary endothelial cell,1.0,celltypepilot
N4_B003138.gencode.vH29,2::0,Endothelial cell,1.0,celltypepilot
N4_B003142.gencode.vH29,2::0,Endothelial cell,1.0,celltypepilot
O1_B002383.gencode.vH29,2::0,Endothelial cell,1.0,celltypepilot
O10_B003137.gencode.vH29,2::0,Endothelial cell,1.0,celltypepilot
O10_B003141.gencode.vH29,2::0,Endothelial cell,1.0,celltypepilot
O14_B002014.gencode.vH29,2::0,Endothelial cell,1.0,celltypepilot
O16_B002383.gencode.vH29,2::0,Endothelial cell,1.0,celltypepilot
O18_B002014.gencode.vH29,2::0,Endothelial cell,1.0,celltypepilot
O4_B003138.gencode.vH29,2::0,Endothelial cell,1.0,celltypepilot
O6_B003138.gencode.vH29,2::0,Endothelial cell,1.0,celltypepilot
P10_B002014.gencode.vH29,2::0,Endothelial cell,1.0,celltypepilot
P10_B003142.gencode.vH29,2::0,Endothelial cell,1.0,celltypepilot
P12_B002383.gencode.vH29,2::0,Endothelial cell,1.0,celltypepilot
P15_B002383.gencode.vH29,2::2,Capillary endothelial cell,1.0,celltypepilot
P17_B002382.gencode.vH29,2::0,Endothelial cell,1.0,celltypepilot
P5_B003140.gencode.vH29,2::0,Endothelial cell,1.0,celltypepilot
P6_B002383.gencode.vH29,2::0,Endothelial cell,1.0,celltypepilot
P6_B003138.gencode.vH29,2::2,Capillary endothelial cell,1.0,celltypepilot
P8_B003140.gencode.vH29,2::0,Endothelial cell,1.0,celltypepilot
A1_B002382.gencode.vH29,2::1,Ciliated cell,1.0,celltypepilot
A10_B003135.gencode.vH29,2::1,Ciliated cell,1.0,celltypepilot
A10_B003136.gencode.vH29,2::1,Ciliated cell,1.0,celltypepilot
A10_B003137.gencode.vH29,2::1,Ciliated cell,1.0,celltypepilot
A10_B003140.gencode.vH29,2::1,Ciliated cell,1.0,celltypepilot
A11_B002014.gencode.vH29,2::1,Ciliated cell,1.0,celltypepilot
A11_B002386.gencode.vH29,2::1,Ciliated cell,1.0,celltypepilot
A12_B002382.gencode.vH29,2::1,Ciliated cell,1.0,celltypepilot
A12_B002386.gencode.vH29,2::1,Ciliated cell,1.0,celltypepilot
A13_B002386.gencode.vH29,2::1,Ciliated cell,1.0,celltypepilot
A13_B003135.gencode.vH29,2::1,Ciliated cell,1.0,celltypepilot
A13_B003137.gencode.vH29,2::5,Pericyte,1.0,celltypepilot
A13_B003141.gencode.vH29,2::1,Ciliated cell,1.0,celltypepilot
A3_B003137.gencode.vH29,2::1,Ciliated cell,1.0,celltypepilot
A7_B002383.gencode.vH29,2::1,Ciliated cell,1.0,celltypepilot
A8_B003136.gencode.vH29,2::1,Ciliated cell,1.0,celltypepilot
A9_B002386.gencode.vH29,2::1,Ciliated cell,1.0,celltypepilot
A9_B003135.gencode.vH29,2::1,Ciliated cell,1.0,celltypepilot
B1_B002382.gencode.vH29,2::5,Pericyte,1.0,celltypepilot
B1_B003135.gencode.vH29,2::1,Ciliated cell,1.0,celltypepilot
B1_B003142.gencode.vH29,2::4,Alveolar type 2 cell,1.0,celltypepilot
B10_B003136.gencode.vH29,2::1,Ciliated cell,1.0,celltypepilot
B11_B003136.gencode.vH29,2::1,Ciliated cell,1.0,celltypepilot
B12_B002382.gencode.vH29,2::1,Ciliated cell,1.0,celltypepilot
B12_B003142.gencode.vH29,2::5,Pericyte,1.0,celltypepilot
B2_B003141.gencode.vH29,2::1,Ciliated cell,1.0,celltypepilot
B3_B003138.gencode.vH29,2::1,Ciliated cell,1.0,celltypepilot
B4_B003141.gencode.vH29,2::5,Pericyte,1.0,celltypepilot
B5_B002385.gencode.vH29,2::1,Ciliated cell,1.0,celltypepilot
B5_B003138.gencode.vH29,2::1,Ciliated cell,1.0,celltypepilot
B5_B003142.gencode.vH29,2::1,Ciliated cell,1.0,celltypepilot
B6_B003135.gencode.vH29,2::5,Pericyte,1.0,celltypepilot
B7_B003138.gencode.vH29,2::1,Ciliated cell,1.0,celltypepilot
B8_B003138.gencode.vH29,2::1,Ciliated cell,1.0,celltypepilot
B9_B003135.gencode.vH29,2::1,Ciliated cell,1.0,celltypepilot
C1_B002386.gencode.vH29,2::1,Ciliated cell,1.0,celltypepilot
C2_B003142.gencode.vH29,2::1,Ciliated cell,1.0,celltypepilot
C3_B002383.gencode.vH29,2::1,Ciliated cell,1.0,celltypepilot
C3_B003141.gencode.vH29,2::1,Ciliated cell,1.0,celltypepilot
C4_B003140.gencode.vH29,2::1,Ciliated cell,1.0,celltypepilot
C5_B003136.gencode.vH29,2::1,Ciliated cell,1.0,celltypepilot
C6_B002383.gencode.vH29,2::2,Capillary endothelial cell,1.0,celltypepilot
C6_B003135.gencode.vH29,2::1,Ciliated cell,1.0,celltypepilot
C7_B002014.gencode.vH29,2::1,Ciliated cell,1.0,celltypepilot
C8_B003136.gencode.vH29,2::1,Ciliated cell,1.0,celltypepilot
D1_B002383.gencode.vH29,2::1,Ciliated cell,1.0,celltypepilot
D11_B002385.gencode.vH29,2::1,Ciliated cell,1.0,celltypepilot
D12_B003137.gencode.vH29,2::1,Ciliated cell,1.0,celltypepilot
D13_B003141.gencode.vH29,2::1,Ciliated cell,1.0,celltypepilot
D13_B003142.gencode.vH29,2::1,Ciliated cell,1.0,celltypepilot
D3_B002385.gencode.vH29,2::1,Ciliated cell,1.0,celltypepilot
D3_B003142.gencode.vH29,2::1,Ciliated cell,1.0,celltypepilot
D5_B003141.gencode.vH29,2::1,Ciliated cell,1.0,celltypepilot
D6_B002383.gencode.vH29,2::1,Ciliated cell,1.0,celltypepilot
D7_B002385.gencode.vH29,2::1,Ciliated cell,1.0,celltypepilot
D7_B002386.gencode.vH29,2::1,Ciliated cell,1.0,celltypepilot
D8_B003137.gencode.vH29,2::1,Ciliated cell,1.0,celltypepilot
D9_B002382.gencode.vH29,2::1,Ciliated cell,1.0,celltypepilot
D9_B003139.gencode.vH29,2::1,Ciliated cell,1.0,celltypepilot
D9_B003141.gencode.vH29,2::1,Ciliated cell,1.0,celltypepilot
E10_B002383.gencode.vH29,2::1,Ciliated cell,1.0,celltypepilot
E10_B003141.gencode.vH29,2::1,Ciliated cell,1.0,celltypepilot
E11_B003135.gencode.vH29,2::1,Ciliated cell,1.0,celltypepilot
E12_B002386.gencode.vH29,2::1,Ciliated cell,1.0,celltypepilot
E12_B003135.gencode.vH29,2::1,Ciliated cell,1.0,celltypepilot
E13_B002382.gencode.vH29,2::1,Ciliated cell,1.0,celltypepilot
E13_B003136.gencode.vH29,2::1,Ciliated cell,1.0,celltypepilot
E2_B002383.gencode.vH29,2::1,Ciliated cell,1.0,celltypepilot
E3_B002385.gencode.vH29,2::1,Ciliated cell,1.0,celltypepilot
E3_B003137.gencode.vH29,2::1,Ciliated cell,1.0,celltypepilot
E4_B002383.gencode.vH29,2::1,Ciliated cell,1.0,celltypepilot
E4_B002385.gencode.vH29,2::1,Ciliated cell,1.0,celltypepilot
E4_B002386.gencode.vH29,2::1,Ciliated cell,1.0,celltypepilot
E6_B003137.gencode.vH29,2::1,Ciliated cell,1.0,celltypepilot
E9_B002382.gencode.vH29,2::1,Ciliated cell,1.0,celltypepilot
E9_B003136.gencode.vH29,2::1,Ciliated cell,1.0,celltypepilot
F1_B003135.gencode.vH29,2::1,Ciliated cell,1.0,celltypepilot
F1_B003137.gencode.vH29,2::1,Ciliated cell,1.0,celltypepilot
F11_B003140.gencode.vH29,2::1,Ciliated cell,1.0,celltypepilot
F12_B002386.gencode.vH29,2::1,Ciliated cell,1.0,celltypepilot
F12_B003141.gencode.vH29,2::1,Ciliated cell,1.0,celltypepilot
F13_B003135.gencode.vH29,2::1,Ciliated cell,1.0,celltypepilot
F3_B002385.gencode.vH29,2::1,Ciliated cell,1.0,celltypepilot
F3_B003142.gencode.vH29,2::1,Ciliated cell,1.0,celltypepilot
F4_B002382.gencode.vH29,2::1,Ciliated cell,1.0,celltypepilot
F5_B003135.gencode.vH29,2::1,Ciliated cell,1.0,celltypepilot
F5_B003137.gencode.vH29,2::1,Ciliated cell,1.0,celltypepilot
F6_B003135.gencode.vH29,2::1,Ciliated cell,1.0,celltypepilot
F6_B003141.gencode.vH29,2::1,Ciliated cell,1.0,celltypepilot
F6_B003142.gencode.vH29,2::1,Ciliated cell,1.0,celltypepilot
F8_B003136.gencode.vH29,2::1,Ciliated cell,1.0,celltypepilot
G1_B002382.gencode.vH29,2::1,Ciliated cell,1.0,celltypepilot
G1_B003138.gencode.vH29,2::1,Ciliated cell,1.0,celltypepilot
G1_B003140.gencode.vH29,2::1,Ciliated cell,1.0,celltypepilot
G10_B003141.gencode.vH29,2::1,Ciliated cell,1.0,celltypepilot
G2_B003142.gencode.vH29,2::1,Ciliated cell,1.0,celltypepilot
G3_B002386.gencode.vH29,2::1,Ciliated cell,1.0,celltypepilot
G3_B003136.gencode.vH29,2::1,Ciliated cell,1.0,celltypepilot
G3_B003137.gencode.vH29,2::1,Ciliated cell,1.0,celltypepilot
G4_B002385.gencode.vH29,2::1,Ciliated cell,1.0,celltypepilot
G4_B003136.gencode.vH29,2::1,Ciliated cell,1.0,celltypepilot
G4_B003137.gencode.vH29,2::1,Ciliated cell,1.0,celltypepilot
G5_B002382.gencode.vH29,2::1,Ciliated cell,1.0,celltypepilot
G5_B003140.gencode.vH29,2::1,Ciliated cell,1.0,celltypepilot
G5_B003141.gencode.vH29,2::1,Ciliated cell,1.0,celltypepilot
G6_B003135.gencode.vH29,2::1,Ciliated cell,1.0,celltypepilot
G7_B002382.gencode.vH29,2::1,Ciliated cell,1.0,celltypepilot
G7_B002386.gencode.vH29,2::1,Ciliated cell,1.0,celltypepilot
G7_B003136.gencode.vH29,2::1,Ciliated cell,1.0,celltypepilot
G8_B002382.gencode.vH29,2::1,Ciliated cell,1.0,celltypepilot
G8_B002385.gencode.vH29,2::1,Ciliated cell,1.0,celltypepilot
G9_B003142.gencode.vH29,2::1,Ciliated cell,1.0,celltypepilot
H1_B003136.gencode.vH29,2::1,Ciliated cell,1.0,celltypepilot
H10_B002386.gencode.vH29,2::1,Ciliated cell,1.0,celltypepilot
H10_B003136.gencode.vH29,2::1,Ciliated cell,1.0,celltypepilot
H11_B002385.gencode.vH29,2::1,Ciliated cell,1.0,celltypepilot
H11_B002386.gencode.vH29,2::1,Ciliated cell,1.0,celltypepilot
H11_B003136.gencode.vH29,2::1,Ciliated cell,1.0,celltypepilot
H11_B003137.gencode.vH29,2::1,Ciliated cell,1.0,celltypepilot
H12_B003142.gencode.vH29,2::1,Ciliated cell,1.0,celltypepilot
H2_B003140.gencode.vH29,2::1,Ciliated cell,1.0,celltypepilot
H3_B003142.gencode.vH29,2::1,Ciliated cell,1.0,celltypepilot
H4_B002385.gencode.vH29,2::1,Ciliated cell,1.0,celltypepilot
H5_B003137.gencode.vH29,2::1,Ciliated cell,1.0,celltypepilot
H6_B002382.gencode.vH29,2::1,Ciliated cell,1.0,celltypepilot
H6_B002386.gencode.vH29,2::1,Ciliated cell,1.0,celltypepilot
H6_B003137.gencode.vH29,2::1,Ciliated cell,1.0,celltypepilot
H9_B003138.gencode.vH29,2::1,Ciliated cell,1.0,celltypepilot
H9_B003140.gencode.vH29,2::1,Ciliated cell,1.0,celltypepilot
H9_B003141.gencode.vH29,2::1,Ciliated cell,1.0,celltypepilot
H9_B003142.gencode.vH29,2::5,Pericyte,1.0,celltypepilot
I1_B003137.gencode.vH29,2::1,Ciliated cell,1.0,celltypepilot
I1_B003138.gencode.vH29,2::1,Ciliated cell,1.0,celltypepilot
I1_B003140.gencode.vH29,2::1,Ciliated cell,1.0,celltypepilot
I10_B003136.gencode.vH29,2::1,Ciliated cell,1.0,celltypepilot
I10_B003140.gencode.vH29,2::1,Ciliated cell,1.0,celltypepilot
I11_B003140.gencode.vH29,2::1,Ciliated cell,1.0,celltypepilot
I13_B003137.gencode.vH29,2::1,Ciliated cell,1.0,celltypepilot
I2_B003140.gencode.vH29,2::1,Ciliated cell,1.0,celltypepilot
I2_B003142.gencode.vH29,2::1,Ciliated cell,1.0,celltypepilot
I4_B003137.gencode.vH29,2::1,Ciliated cell,1.0,celltypepilot
I8_B003142.gencode.vH29,2::1,Ciliated cell,1.0,celltypepilot
I9_B002385.gencode.vH29,2::1,Ciliated cell,1.0,celltypepilot
J1_B002382.gencode.vH29,2::1,Ciliated cell,1.0,celltypepilot
J11_B003137.gencode.vH29,2::1,Ciliated cell,1.0,celltypepilot
J12_B003136.gencode.vH29,2::1,Ciliated cell,1.0,celltypepilot
J13_B003136.gencode.vH29,2::1,Ciliated cell,1.0,celltypepilot
J3_B002386.gencode.vH29,2::1,Ciliated cell,1.0,celltypepilot
J3_B003135.gencode.vH29,2::1,Ciliated cell,1.0,celltypepilot
J3_B003140.gencode.vH29,2::1,Ciliated cell,1.0,celltypepilot
J4_B003137.gencode.vH29,2::1,Ciliated cell,1.0,celltypepilot
J5_B003136.gencode.vH29,2::1,Ciliated cell,1.0,celltypepilot
J6_B002383.gencode.vH29,2::1,Ciliated cell,1.0,celltypepilot
J6_B003141.gencode.vH29,2::1,Ciliated cell,1.0,celltypepilot
J7_B003141.gencode.vH29,2::1,Ciliated cell,1.0,celltypepilot
J7_B003142.gencode.vH29,2::1,Ciliated cell,1.0,celltypepilot
J8_B003137.gencode.vH29,2::1,Ciliated cell,1.0,celltypepilot
K10_B002382.gencode.vH29,2::1,Ciliated cell,1.0,celltypepilot
K10_B003136.gencode.vH29,2::1,Ciliated cell,1.0,celltypepilot
K11_B003137.gencode.vH29,2::1,Ciliated cell,1.0,celltypepilot
K11_B003142.gencode.vH29,2::1,Ciliated cell,1.0,celltypepilot
K12_B003135.gencode.vH29,2::1,Ciliated cell,1.0,celltypepilot
K2_B002385.gencode.vH29,2::1,Ciliated cell,1.0,celltypepilot
K3_B002382.gencode.vH29,2::1,Ciliated cell,1.0,celltypepilot
K5_B003138.gencode.vH29,2::5,Pericyte,1.0,celltypepilot
K5_B003142.gencode.vH29,2::1,Ciliated cell,1.0,celltypepilot
K6_B002386.gencode.vH29,2::1,Ciliated cell,1.0,celltypepilot
K7_B003142.gencode.vH29,2::1,Ciliated cell,1.0,celltypepilot
K8_B003135.gencode.vH29,2::1,Ciliated cell,1.0,celltypepilot
K9_B002382.gencode.vH29,2::1,Ciliated cell,1.0,celltypepilot
L1_B002014.gencode.vH29,2::2,Capillary endothelial cell,1.0,celltypepilot
L1_B003141.gencode.vH29,2::1,Ciliated cell,1.0,celltypepilot
L10_B003135.gencode.vH29,2::1,Ciliated cell,1.0,celltypepilot
L10_B003140.gencode.vH29,2::1,Ciliated cell,1.0,celltypepilot
L10_B003142.gencode.vH29,2::1,Ciliated cell,1.0,celltypepilot
L2_B002382.gencode.vH29,2::1,Ciliated cell,1.0,celltypepilot
L2_B002385.gencode.vH29,2::5,Pericyte,1.0,celltypepilot
L2_B003136.gencode.vH29,2::1,Ciliated cell,1.0,celltypepilot
L3_B002385.gencode.vH29,2::1,Ciliated cell,1.0,celltypepilot
L4_B002382.gencode.vH29,2::1,Ciliated cell,1.0,celltypepilot
L5_B002382.gencode.vH29,2::1,Ciliated cell,1.0,celltypepilot
L5_B003135.gencode.vH29,2::1,Ciliated cell,1.0,celltypepilot
L6_B002014.gencode.vH29,2::5,Pericyte,1.0,celltypepilot
L6_B003140.gencode.vH29,2::1,Ciliated cell,1.0,celltypepilot
L7_B003137.gencode.vH29,2::1,Ciliated cell,1.0,celltypepilot
L8_B003141.gencode.vH29,2::1,Ciliated cell,1.0,celltypepilot
L9_B003137.gencode.vH29,2::1,Ciliated cell,1.0,celltypepilot
L9_B003142.gencode.vH29,2::1,Ciliated cell,1.0,celltypepilot
M1_B003137.gencode.vH29,2::1,Ciliated cell,1.0,celltypepilot
M11_B002382.gencode.vH29,2::1,Ciliated cell,1.0,celltypepilot
M13_B002382.gencode.vH29,2::1,Ciliated cell,1.0,celltypepilot
M13_B002385.gencode.vH29,2::1,Ciliated cell,1.0,celltypepilot
M2_B002382.gencode.vH29,2::1,Ciliated cell,1.0,celltypepilot
M4_B002382.gencode.vH29,2::1,Ciliated cell,1.0,celltypepilot
M4_B003135.gencode.vH29,2::1,Ciliated cell,1.0,celltypepilot
M4_B003137.gencode.vH29,2::1,Ciliated cell,1.0,celltypepilot
M4_B003140.gencode.vH29,2::1,Ciliated cell,1.0,celltypepilot
M5_B003136.gencode.vH29,2::1,Ciliated cell,1.0,celltypepilot
M5_B003137.gencode.vH29,2::1,Ciliated cell,1.0,celltypepilot
M6_B002382.gencode.vH29,2::1,Ciliated cell,1.0,celltypepilot
M6_B003142.gencode.vH29,2::1,Ciliated cell,1.0,celltypepilot
M7_B003136.gencode.vH29,2::1,Ciliated cell,1.0,celltypepilot
M9_B003135.gencode.vH29,2::4,Alveolar type 2 cell,1.0,celltypepilot
N1_B003141.gencode.vH29,2::1,Ciliated cell,1.0,celltypepilot
N10_B003136.gencode.vH29,2::1,Ciliated cell,1.0,celltypepilot
N10_B003137.gencode.vH29,2::1,Ciliated cell,1.0,celltypepilot
N10_B003141.gencode.vH29,2::1,Ciliated cell,1.0,celltypepilot
N13_B003135.gencode.vH29,2::1,Ciliated cell,1.0,celltypepilot
N14_B003140.gencode.vH29,2::1,Ciliated cell,1.0,celltypepilot
N2_B002385.gencode.vH29,2::1,Ciliated cell,1.0,celltypepilot
N3_B002014.gencode.vH29,2::1,Ciliated cell,1.0,celltypepilot
N3_B003140.gencode.vH29,2::1,Ciliated cell,1.0,celltypepilot
N5_B003135.gencode.vH29,2::1,Ciliated cell,1.0,celltypepilot
N7_B002386.gencode.vH29,2::1,Ciliated cell,1.0,celltypepilot
N7_B003137.gencode.vH29,2::5,Pericyte,1.0,celltypepilot
N7_B003141.gencode.vH29,2::1,Ciliated cell,1.0,celltypepilot
N8_B002386.gencode.vH29,2::1,Ciliated cell,1.0,celltypepilot
N9_B003137.gencode.vH29,2::1,Ciliated cell,1.0,celltypepilot
O1_B003137.gencode.vH29,2::1,Ciliated cell,1.0,celltypepilot
O11_B003137.gencode.vH29,2::1,Ciliated cell,1.0,celltypepilot
O11_B003142.gencode.vH29,2::1,Ciliated cell,1.0,celltypepilot
O2_B002386.gencode.vH29,2::1,Ciliated cell,1.0,celltypepilot
O2_B003137.gencode.vH29,2::1,Ciliated cell,1.0,celltypepilot
O2_B003141.gencode.vH29,2::1,Ciliated cell,1.0,celltypepilot
O3_B002382.gencode.vH29,2::1,Ciliated cell,1.0,celltypepilot
O3_B002385.gencode.vH29,2::1,Ciliated cell,1.0,celltypepilot
O5_B002382.gencode.vH29,2::1,Ciliated cell,1.0,celltypepilot
O6_B002385.gencode.vH29,2::1,Ciliated cell,1.0,celltypepilot
O8_B003136.gencode.vH29,2::1,Ciliated cell,1.0,celltypepilot
P1_B003140.gencode.vH29,2::1,Ciliated cell,1.0,celltypepilot
P10_B002385.gencode.vH29,2::1,Ciliated cell,1.0,celltypepilot
P10_B003137.gencode.vH29,2::1,Ciliated cell,1.0,celltypepilot
P10_B003141.gencode.vH29,2::1,Ciliated cell,1.0,celltypepilot
P12_B003136.gencode.vH29,2::1,Ciliated cell,1.0,celltypepilot
P12_B003140.gencode.vH29,2::1,Ciliated cell,1.0,celltypepilot
P13_B002014.gencode.vH29,2::1,Ciliated cell,1.0,celltypepilot
P13_B002382.gencode.vH29,2::5,Pericyte,1.0,celltypepilot
P3_B003137.gencode.vH29,2::1,Ciliated cell,1.0,celltypepilot
P3_B003140.gencode.vH29,2::1,Ciliated cell,1.0,celltypepilot
P3_B003141.gencode.vH29,2::1,Ciliated cell,1.0,celltypepilot
P4_B002386.gencode.vH29,2::1,Ciliated cell,1.0,celltypepilot
P5_B003137.gencode.vH29,2::1,Ciliated cell,1.0,celltypepilot
P6_B003140.gencode.vH29,2::1,Ciliated cell,1.0,celltypepilot
P7_B002385.gencode.vH29,2::1,Ciliated cell,1.0,celltypepilot
P7_B003141.gencode.vH29,2::1,Ciliated cell,1.0,celltypepilot
P8_B002385.gencode.vH29,2::1,Ciliated cell,1.0,celltypepilot
P8_B003138.gencode.vH29,2::1,Ciliated cell,1.0,celltypepilot
P9_B003136.gencode.vH29,2::1,Ciliated cell,1.0,celltypepilot
A1_B003141.gencode.vH29,2::0,Endothelial cell,1.0,celltypepilot
A15_B002383.gencode.vH29,2::0,Endothelial cell,1.0,celltypepilot
A16_B002382.gencode.vH29,2::2,Capillary endothelial cell,1.0,celltypepilot
A17_B003136.gencode.vH29,2::2,Capillary endothelial cell,1.0,celltypepilot
A19_B002014.gencode.vH29,2::0,Endothelial cell,1.0,celltypepilot
A20_B002383.gencode.vH29,2::2,Capillary endothelial cell,1.0,celltypepilot
A20_B003136.gencode.vH29,2::2,Capillary endothelial cell,1.0,celltypepilot
B10_B002382.gencode.vH29,2::2,Capillary endothelial cell,1.0,celltypepilot
B10_B003135.gencode.vH29,2::0,Endothelial cell,1.0,celltypepilot
B13_B003142.gencode.vH29,2::0,Endothelial cell,1.0,celltypepilot
B14_B002014.gencode.vH29,2::2,Capillary endothelial cell,1.0,celltypepilot
B14_B003135.gencode.vH29,2::0,Endothelial cell,1.0,celltypepilot
B14_B003138.gencode.vH29,2::0,Endothelial cell,1.0,celltypepilot
B14_B003141.gencode.vH29,2::2,Capillary endothelial cell,1.0,celltypepilot
B14_B003142.gencode.vH29,2::0,Endothelial cell,1.0,celltypepilot
B15_B003142.gencode.vH29,2::2,Capillary endothelial cell,1.0,celltypepilot
B16_B002382.gencode.vH29,2::2,Capillary endothelial cell,1.0,celltypepilot
B16_B003142.gencode.vH29,2::0,Endothelial cell,1.0,celltypepilot
B18_B002383.gencode.vH29,2::0,Endothelial cell,1.0,celltypepilot
B19_B002382.gencode.vH29,2::0,Endothelial cell,1.0,celltypepilot
B2_B003140.gencode.vH29,2::0,Endothelial cell,1.0,celltypepilot
B20_B002385.gencode.vH29,2::0,Endothelial cell,1.0,celltypepilot
B3_B003135.gencode.vH29,2::0,Endothelial cell,1.0,celltypepilot
B3_B003140.gencode.vH29,2::0,Endothelial cell,1.0,celltypepilot
B5_B003141.gencode.vH29,2::0,Endothelial cell,1.0,celltypepilot
B7_B002385.gencode.vH29,2::0,Endothelial cell,1.0,celltypepilot
C11_B002386.gencode.vH29,2::2,Capillary endothelial cell,1.0,celltypepilot
C13_B003141.gencode.vH29,2::0,Endothelial cell,1.0,celltypepilot
C14_B003139.gencode.vH29,2::2,Capillary endothelial cell,1.0,celltypepilot
C15_B003140.gencode.vH29,2::2,Capillary endothelial cell,1.0,celltypepilot
C16_B002383.gencode.vH29,2::2,Capillary endothelial cell,1.0,celltypepilot
C17_B003139.gencode.vH29,2::0,Endothelial cell,1.0,celltypepilot
C18_B002383.gencode.vH29,2::0,Endothelial cell,1.0,celltypepilot
C18_B003141.gencode.vH29,2::2,Capillary endothelial cell,1.0,celltypepilot
C19_B003139.gencode.vH29,2::2,Capillary endothelial cell,1.0,celltypepilot
C19_B003142.gencode.vH29,2::0,Endothelial cell,1.0,celltypepilot
C2_B003137.gencode.vH29,2::0,Endothelial cell,1.0,celltypepilot
C2_B003140.gencode.vH29,2::0,Endothelial cell,1.0,celltypepilot
C20_B002383.gencode.vH29,2::2,Capillary endothelial cell,1.0,celltypepilot
C4_B003136.gencode.vH29,2::0,Endothelial cell,1.0,celltypepilot
C5_B003139.gencode.vH29,2::0,Endothelial cell,1.0,celltypepilot
C9_B002386.gencode.vH29,2::0,Endothelial cell,1.0,celltypepilot
D12_B002386.gencode.vH29,2::2,Capillary endothelial cell,1.0,celltypepilot
D15_B002383.gencode.vH29,2::2,Capillary endothelial cell,1.0,celltypepilot
D16_B002383.gencode.vH29,2::0,Endothelial cell,1.0,celltypepilot
D16_B003139.gencode.vH29,2::2,Capillary endothelial cell,1.0,celltypepilot
D16_B003140.gencode.vH29,2::0,Endothelial cell,1.0,celltypepilot
D18_B003139.gencode.vH29,2::2,Capillary endothelial cell,1.0,celltypepilot
D18_B003141.gencode.vH29,2::2,Capillary endothelial cell,1.0,celltypepilot
D19_B002014.gencode.vH29,2::2,Capillary endothelial cell,1.0,celltypepilot
D19_B003139.gencode.vH29,2::2,Capillary endothelial cell,1.0,celltypepilot
D20_B003139.gencode.vH29,2::0,Endothelial cell,1.0,celltypepilot
D4_B003139.gencode.vH29,2::0,Endothelial cell,1.0,celltypepilot
D5_B002383.gencode.vH29,2::2,Capillary endothelial cell,1.0,celltypepilot
D5_B003139.gencode.vH29,2::0,Endothelial cell,1.0,celltypepilot
E11_B003136.gencode.vH29,2::0,Endothelial cell,1.0,celltypepilot
E14_B002382.gencode.vH29,2::0,Endothelial cell,1.0,celltypepilot
E14_B002383.gencode.vH29,2::0,Endothelial cell,1.0,celltypepilot
E14_B002385.gencode.vH29,2::0,Endothelial cell,1.0,celltypepilot
E16_B003139.gencode.vH29,2::2,Capillary endothelial cell,1.0,celltypepilot
E17_B003142.gencode.vH29,2::2,Capillary endothelial cell,1.0,celltypepilot
E18_B002383.gencode.vH29,2::2,Capillary endothelial cell,1.0,celltypepilot
E2_B003142.gencode.vH29,2::2,Capillary endothelial cell,1.0,celltypepilot
E20_B003139.gencode.vH29,2::2,Capillary endothelial cell,1.0,celltypepilot
E3_B003136.gencode.vH29,2::2,Capillary endothelial cell,1.0,celltypepilot
E4_B003141.gencode.vH29,2::0,Endothelial cell,1.0,celltypepilot
E6_B003142.gencode.vH29,2::0,Endothelial cell,1.0,celltypepilot
F11_B003142.gencode.vH29,2::2,Capillary endothelial cell,1.0,celltypepilot
F12_B003136.gencode.vH29,2::0,Endothelial cell,1.0,celltypepilot
F14_B003139.gencode.vH29,2::2,Capillary endothelial cell,1.0,celltypepilot
F16_B002383.gencode.vH29,2::2,Capillary endothelial cell,1.0,celltypepilot
F16_B003138.gencode.vH29,2::0,Endothelial cell,1.0,celltypepilot
F17_B002383.gencode.vH29,2::2,Capillary endothelial cell,1.0,celltypepilot
F18_B002383.gencode.vH29,2::0,Endothelial cell,1.0,celltypepilot
F18_B003139.gencode.vH29,2::2,Capillary endothelial cell,1.0,celltypepilot
F19_B003139.gencode.vH29,2::2,Capillary endothelial cell,1.0,celltypepilot
F19_B003140.gencode.vH29,2::2,Capillary endothelial cell,1.0,celltypepilot
F2_B002382.gencode.vH29,2::0,Endothelial cell,1.0,celltypepilot
F2_B003142.gencode.vH29,2::0,Endothelial cell,1.0,celltypepilot
F20_B002014.gencode.vH29,2::0,Endothelial cell,1.0,celltypepilot
F6_B002382.gencode.vH29,2::0,Endothelial cell,1.0,celltypepilot
F6_B002385.gencode.vH29,2::0,Endothelial cell,1.0,celltypepilot
F7_B002382.gencode.vH29,2::0,Endothelial cell,1.0,celltypepilot
F7_B002383.gencode.vH29,2::0,Endothelial cell,1.0,celltypepilot
G11_B002386.gencode.vH29,2::0,Endothelial cell,1.0,celltypepilot
G11_B003142.gencode.vH29,2::0,Endothelial cell,1.0,celltypepilot
G13_B003138.gencode.vH29,2::0,Endothelial cell,1.0,celltypepilot
G17_B003142.gencode.vH29,2::2,Capillary endothelial cell,1.0,celltypepilot
G18_B002383.gencode.vH29,2::0,Endothelial cell,1.0,celltypepilot
G19_B002382.gencode.vH29,2::0,Endothelial cell,1.0,celltypepilot
G19_B002383.gencode.vH29,2::2,Capillary endothelial cell,1.0,celltypepilot
G20_B002383.gencode.vH29,2::2,Capillary endothelial cell,1.0,celltypepilot
G20_B003140.gencode.vH29,2::2,Capillary endothelial cell,1.0,celltypepilot
G20_B003142.gencode.vH29,2::0,Endothelial cell,1.0,celltypepilot
G6_B002386.gencode.vH29,2::0,Endothelial cell,1.0,celltypepilot
G7_B003140.gencode.vH29,2::0,Endothelial cell,1.0,celltypepilot
G8_B002386.gencode.vH29,2::0,Endothelial cell,1.0,celltypepilot
H1_B003141.gencode.vH29,2::0,Endothelial cell,1.0,celltypepilot
H14_B003141.gencode.vH29,2::2,Capillary endothelial cell,1.0,celltypepilot
H15_B003140.gencode.vH29,2::0,Endothelial cell,1.0,celltypepilot
H16_B003139.gencode.vH29,2::2,Capillary endothelial cell,1.0,celltypepilot
H16_B003142.gencode.vH29,2::0,Endothelial cell,1.0,celltypepilot
H18_B003139.gencode.vH29,2::0,Endothelial cell,1.0,celltypepilot
H19_B003139.gencode.vH29,2::2,Capillary endothelial cell,1.0,celltypepilot
H20_B002383.gencode.vH29,2::2,Capillary endothelial cell,1.0,celltypepilot
H20_B003138.gencode.vH29,2::0,Endothelial cell,1.0,celltypepilot
H20_B003142.gencode.vH29,2::2,Capillary endothelial cell,1.0,celltypepilot
H7_B002014.gencode.vH29,2::2,Capillary endothelial cell,1.0,celltypepilot
H9_B002382.gencode.vH29,2::0,Endothelial cell,1.0,celltypepilot
H9_B002385.gencode.vH29,2::0,Endothelial cell,1.0,celltypepilot
I12_B003136.gencode.vH29,2::0,Endothelial cell,1.0,celltypepilot
I14_B002383.gencode.vH29,2::0,Endothelial cell,1.0,celltypepilot
I14_B003138.gencode.vH29,2::2,Capillary endothelial cell,1.0,celltypepilot
I14_B003140.gencode.vH29,2::2,Capillary endothelial cell,1.0,celltypepilot
I14_B003141.gencode.vH29,2::0,Endothelial cell,1.0,celltypepilot
I15_B003140.gencode.vH29,2::2,Capillary endothelial cell,1.0,celltypepilot
I15_B003141.gencode.vH29,2::0,Endothelial cell,1.0,celltypepilot
I16_B002014.gencode.vH29,2::2,Capillary endothelial cell,1.0,celltypepilot
I16_B003142.gencode.vH29,2::2,Capillary endothelial cell,1.0,celltypepilot
I17_B002383.gencode.vH29,2::0,Endothelial cell,1.0,celltypepilot
I18_B002383.gencode.vH29,2::2,Capillary endothelial cell,1.0,celltypepilot
I3_B002383.gencode.vH29,2::0,Endothelial cell,1.0,celltypepilot
I3_B002386.gencode.vH29,2::2,Capillary endothelial cell,1.0,celltypepilot
I5_B003135.gencode.vH29,2::0,Endothelial cell,1.0,celltypepilot
I8_B003138.gencode.vH29,2::0,Endothelial cell,1.0,celltypepilot
I8_B003139.gencode.vH29,2::0,Endothelial cell,1.0,celltypepilot
J1_B003138.gencode.vH29,2::0,Endothelial cell,1.0,celltypepilot
J14_B003140.gencode.vH29,2::2,Capillary endothelial cell,1.0,celltypepilot
J17_B002382.gencode.vH29,2::0,Endothelial cell,1.0,celltypepilot
J19_B002014.gencode.vH29,2::0,Endothelial cell,1.0,celltypepilot
J19_B002383.gencode.vH29,2::2,Capillary endothelial cell,1.0,celltypepilot
J19_B002385.gencode.vH29,2::0,Endothelial cell,1.0,celltypepilot
J19_B003136.gencode.vH29,2::2,Capillary endothelial cell,1.0,celltypepilot
J19_B003139.gencode.vH29,2::2,Capillary endothelial cell,1.0,celltypepilot
J2_B002382.gencode.vH29,2::0,Endothelial cell,1.0,celltypepilot
J20_B003142.gencode.vH29,2::2,Capillary endothelial cell,1.0,celltypepilot
J3_B002383.gencode.vH29,2::0,Endothelial cell,1.0,celltypepilot
J5_B002385.gencode.vH29,2::0,Endothelial cell,1.0,celltypepilot
J5_B003142.gencode.vH29,2::0,Endothelial cell,1.0,celltypepilot
J7_B002382.gencode.vH29,2::0,Endothelial cell,1.0,celltypepilot
J9_B003137.gencode.vH29,2::0,Endothelial cell,1.0,celltypepilot
K10_B002386.gencode.vH29,2::2,Capillary endothelial cell,1.0,celltypepilot
K11_B002383.gencode.vH29,2::0,Endothelial cell,1.0,celltypepilot
K12_B002382.gencode.vH29,2::0,Endothelial cell,1.0,celltypepilot
K15_B003136.gencode.vH29,2::0,Endothelial cell,1.0,celltypepilot
K16_B002385.gencode.vH29,2::0,Endothelial cell,1.0,celltypepilot
K16_B003139.gencode.vH29,2::0,Endothelial cell,1.0,celltypepilot
K18_B002382.gencode.vH29,2::0,Endothelial cell,1.0,celltypepilot
K18_B003142.gencode.vH29,2::2,Capillary endothelial cell,1.0,celltypepilot
K19_B003142.gencode.vH29,2::0,Endothelial cell,1.0,celltypepilot
K2_B003141.gencode.vH29,2::0,Endothelial cell,1.0,celltypepilot
K20_B002014.gencode.vH29,2::2,Capillary endothelial cell,1.0,celltypepilot
K4_B003136.gencode.vH29,2::0,Endothelial cell,1.0,celltypepilot
K5_B002383.gencode.vH29,2::0,Endothelial cell,1.0,celltypepilot
K7_B002386.gencode.vH29,2::2,Capillary endothelial cell,1.0,celltypepilot
K8_B003141.gencode.vH29,2::0,Endothelial cell,1.0,celltypepilot
L11_B002386.gencode.vH29,2::0,Endothelial cell,1.0,celltypepilot
L11_B003140.gencode.vH29,2::0,Endothelial cell,1.0,celltypepilot
L11_B003141.gencode.vH29,2::2,Capillary endothelial cell,1.0,celltypepilot
L13_B003138.gencode.vH29,2::0,Endothelial cell,1.0,celltypepilot
L14_B002386.gencode.vH29,2::2,Capillary endothelial cell,1.0,celltypepilot
L14_B003142.gencode.vH29,2::0,Endothelial cell,1.0,celltypepilot
L15_B003135.gencode.vH29,2::0,Endothelial cell,1.0,celltypepilot
L15_B003140.gencode.vH29,2::2,Capillary endothelial cell,1.0,celltypepilot
L15_B003142.gencode.vH29,2::2,Capillary endothelial cell,1.0,celltypepilot
L16_B003136.gencode.vH29,2::0,Endothelial cell,1.0,celltypepilot
L18_B002385.gencode.vH29,2::2,Capillary endothelial cell,1.0,celltypepilot
L18_B003141.gencode.vH29,2::0,Endothelial cell,1.0,celltypepilot
L18_B003142.gencode.vH29,2::2,Capillary endothelial cell,1.0,celltypepilot
L19_B002383.gencode.vH29,2::0,Endothelial cell,1.0,celltypepilot
L20_B002014.gencode.vH29,2::0,Endothelial cell,1.0,celltypepilot
L20_B002383.gencode.vH29,2::2,Capillary endothelial cell,1.0,celltypepilot
L3_B003138.gencode.vH29,2::0,Endothelial cell,1.0,celltypepilot
L5_B003141.gencode.vH29,2::2,Capillary endothelial cell,1.0,celltypepilot
L7_B002385.gencode.vH29,2::0,Endothelial cell,1.0,celltypepilot
L8_B002385.gencode.vH29,2::0,Endothelial cell,1.0,celltypepilot
L8_B003139.gencode.vH29,2::0,Endothelial cell,1.0,celltypepilot
M1_B002383.gencode.vH29,2::0,Endothelial cell,1.0,celltypepilot
M10_B003136.gencode.vH29,2::0,Endothelial cell,1.0,celltypepilot
M12_B002382.gencode.vH29,2::0,Endothelial cell,1.0,celltypepilot
M13_B002014.gencode.vH29,2::0,Endothelial cell,1.0,celltypepilot
M14_B003139.gencode.vH29,2::2,Capillary endothelial cell,1.0,celltypepilot
M16_B003139.gencode.vH29,2::2,Capillary endothelial cell,1.0,celltypepilot
M17_B003138.gencode.vH29,2::2,Capillary endothelial cell,1.0,celltypepilot
M17_B003142.gencode.vH29,2::2,Capillary endothelial cell,1.0,celltypepilot
M18_B003135.gencode.vH29,2::2,Capillary endothelial cell,1.0,celltypepilot
M18_B003139.gencode.vH29,2::2,Capillary endothelial cell,1.0,celltypepilot
M19_B002383.gencode.vH29,2::0,Endothelial cell,1.0,celltypepilot
M19_B003142.gencode.vH29,2::2,Capillary endothelial cell,1.0,celltypepilot
M20_B002382.gencode.vH29,2::2,Capillary endothelial cell,1.0,celltypepilot
M20_B003138.gencode.vH29,2::2,Capillary endothelial cell,1.0,celltypepilot
M6_B002385.gencode.vH29,2::0,Endothelial cell,1.0,celltypepilot
M9_B003139.gencode.vH29,2::0,Endothelial cell,1.0,celltypepilot
N10_B002382.gencode.vH29,2::0,Endothelial cell,1.0,celltypepilot
N11_B002386.gencode.vH29,2::0,Endothelial cell,1.0,celltypepilot
N12_B003135.gencode.vH29,2::0,Endothelial cell,1.0,celltypepilot
N14_B002386.gencode.vH29,2::2,Capillary endothelial cell,1.0,celltypepilot
N15_B002385.gencode.vH29,2::2,Capillary endothelial cell,1.0,celltypepilot
N15_B003141.gencode.vH29,2::2,Capillary endothelial cell,1.0,celltypepilot
N16_B002385.gencode.vH29,2::0,Endothelial cell,1.0,celltypepilot
N16_B003139.gencode.vH29,2::2,Capillary endothelial cell,1.0,celltypepilot
N19_B003135.gencode.vH29,2::0,Endothelial cell,1.0,celltypepilot
N2_B003142.gencode.vH29,2::2,Capillary endothelial cell,1.0,celltypepilot
N6_B002385.gencode.vH29,2::0,Endothelial cell,1.0,celltypepilot
N8_B002014.gencode.vH29,2::0,Endothelial cell,1.0,celltypepilot
N8_B003139.gencode.vH29,2::0,Endothelial cell,1.0,celltypepilot
N9_B002382.gencode.vH29,2::0,Endothelial cell,1.0,celltypepilot
N9_B003141.gencode.vH29,2::0,Endothelial cell,1.0,celltypepilot
O1_B003139.gencode.vH29,2::0,Endothelial cell,1.0,celltypepilot
O10_B003140.gencode.vH29,2::0,Endothelial cell,1.0,celltypepilot
O11_B003140.gencode.vH29,2::0,Endothelial cell,1.0,celltypepilot
O14_B002385.gencode.vH29,2::2,Capillary endothelial cell,1.0,celltypepilot
O18_B002383.gencode.vH29,2::2,Capillary endothelial cell,1.0,celltypepilot
O2_B003140.gencode.vH29,2::0,Endothelial cell,1.0,celltypepilot
O20_B003141.gencode.vH29,2::0,Endothelial cell,1.0,celltypepilot
O6_B002382.gencode.vH29,2::0,Endothelial cell,1.0,celltypepilot
O7_B003142.gencode.vH29,2::0,Endothelial cell,1.0,celltypepilot
O9_B002386.gencode.vH29,2::2,Capillary endothelial cell,1.0,celltypepilot
P14_B002014.gencode.vH29,2::2,Capillary endothelial cell,1.0,celltypepilot
P16_B002383.gencode.vH29,2::0,Endothelial cell,1.0,celltypepilot
P17_B003140.gencode.vH29,2::0,Endothelial cell,1.0,celltypepilot
P20_B003141.gencode.vH29,2::2,Capillary endothelial cell,1.0,celltypepilot
P3_B003142.gencode.vH29,2::0,Endothelial cell,1.0,celltypepilot
P7_B003137.gencode.vH29,2::2,Capillary endothelial cell,1.0,celltypepilot
P7_B003140.gencode.vH29,2::2,Capillary endothelial cell,1.0,celltypepilot
P9_B002383.gencode.vH29,2::0,Endothelial cell,1.0,celltypepilot
A10_B002014.gencode.vH29,2::5,Pericyte,1.0,celltypepilot
A15_B002014.gencode.vH29,2::5,Pericyte,1.0,celltypepilot
A16_B002383.gencode.vH29,2::5,Pericyte,1.0,celltypepilot
A20_B002014.gencode.vH29,2::5,Pericyte,1.0,celltypepilot
B15_B002014.gencode.vH29,2::5,Pericyte,1.0,celltypepilot
B15_B003139.gencode.vH29,2::5,Pericyte,1.0,celltypepilot
B18_B003138.gencode.vH29,2::5,Pericyte,1.0,celltypepilot
B19_B003138.gencode.vH29,2::5,Pericyte,1.0,celltypepilot
C14_B002383.gencode.vH29,2::5,Pericyte,1.0,celltypepilot
C15_B003138.gencode.vH29,2::5,Pericyte,1.0,celltypepilot
C16_B003139.gencode.vH29,2::5,Pericyte,1.0,celltypepilot
C16_B003140.gencode.vH29,2::5,Pericyte,1.0,celltypepilot
C18_B003138.gencode.vH29,2::5,Pericyte,1.0,celltypepilot
C19_B003138.gencode.vH29,2::5,Pericyte,1.0,celltypepilot
C20_B003138.gencode.vH29,2::5,Pericyte,1.0,celltypepilot
D17_B002014.gencode.vH29,2::5,Pericyte,1.0,celltypepilot
D17_B003139.gencode.vH29,2::5,Pericyte,1.0,celltypepilot
D18_B002014.gencode.vH29,2::5,Pericyte,1.0,celltypepilot
D18_B002383.gencode.vH29,2::5,Pericyte,1.0,celltypepilot
D19_B002383.gencode.vH29,2::5,Pericyte,1.0,celltypepilot
E15_B002014.gencode.vH29,2::5,Pericyte,1.0,celltypepilot
E16_B002383.gencode.vH29,2::5,Pericyte,1.0,celltypepilot
E16_B003138.gencode.vH29,2::5,Pericyte,1.0,celltypepilot
E17_B002014.gencode.vH29,2::5,Pericyte,1.0,celltypepilot
E18_B002014.gencode.vH29,2::5,Pericyte,1.0,celltypepilot
E18_B003139.gencode.vH29,2::5,Pericyte,1.0,celltypepilot
E19_B002014.gencode.vH29,2::5,Pericyte,1.0,celltypepilot
F16_B002014.gencode.vH29,2::5,Pericyte,1.0,celltypepilot
F17_B002014.gencode.vH29,2::5,Pericyte,1.0,celltypepilot
F18_B002014.gencode.vH29,2::5,Pericyte,1.0,celltypepilot
F19_B002014.gencode.vH29,2::5,Pericyte,1.0,celltypepilot
F20_B003138.gencode.vH29,2::5,Pericyte,1.0,celltypepilot
G14_B002014.gencode.vH29,2::5,Pericyte,1.0,celltypepilot
G14_B003138.gencode.vH29,2::5,Pericyte,1.0,celltypepilot
G15_B003138.gencode.vH29,2::5,Pericyte,1.0,celltypepilot
G16_B002383.gencode.vH29,2::5,Pericyte,1.0,celltypepilot
G18_B002014.gencode.vH29,2::5,Pericyte,1.0,celltypepilot
G18_B003139.gencode.vH29,2::5,Pericyte,1.0,celltypepilot
G19_B002014.gencode.vH29,2::5,Pericyte,1.0,celltypepilot
G19_B003141.gencode.vH29,2::5,Pericyte,1.0,celltypepilot
H14_B002014.gencode.vH29,2::5,Pericyte,1.0,celltypepilot
H14_B002383.gencode.vH29,2::5,Pericyte,1.0,celltypepilot
H14_B003138.gencode.vH29,2::5,Pericyte,1.0,celltypepilot
H16_B002014.gencode.vH29,2::5,Pericyte,1.0,celltypepilot
H17_B002014.gencode.vH29,2::5,Pericyte,1.0,celltypepilot
H17_B003138.gencode.vH29,2::5,Pericyte,1.0,celltypepilot
H18_B003138.gencode.vH29,2::5,Pericyte,1.0,celltypepilot
H19_B002383.gencode.vH29,2::5,Pericyte,1.0,celltypepilot
H20_B002014.gencode.vH29,2::5,Pericyte,1.0,celltypepilot
I15_B002014.gencode.vH29,2::5,Pericyte,1.0,celltypepilot
I15_B003138.gencode.vH29,2::5,Pericyte,1.0,celltypepilot
I15_B003139.gencode.vH29,2::5,Pericyte,1.0,celltypepilot
I18_B002014.gencode.vH29,2::5,Pericyte,1.0,celltypepilot
I18_B003138.gencode.vH29,2::5,Pericyte,1.0,celltypepilot
I20_B002014.gencode.vH29,2::5,Pericyte,1.0,celltypepilot
J15_B002383.gencode.vH29,2::5,Pericyte,1.0,celltypepilot
J15_B003138.gencode.vH29,2::5,Pericyte,1.0,celltypepilot
J15_B003139.gencode.vH29,2::5,Pericyte,1.0,celltypepilot
J16_B003138.gencode.vH29,2::5,Pericyte,1.0,celltypepilot
J16_B003139.gencode.vH29,2::5,Pericyte,1.0,celltypepilot
J20_B002014.gencode.vH29,2::5,Pericyte,1.0,celltypepilot
J7_B002014.gencode.vH29,2::5,Pericyte,1.0,celltypepilot
K14_B003138.gencode.vH29,2::5,Pericyte,1.0,celltypepilot
K15_B002014.gencode.vH29,2::5,Pericyte,1.0,celltypepilot
K15_B003139.gencode.vH29,2::5,Pericyte,1.0,celltypepilot
K16_B002383.gencode.vH29,2::5,Pericyte,1.0,celltypepilot
K16_B003138.gencode.vH29,2::5,Pericyte,1.0,celltypepilot
K17_B003140.gencode.vH29,2::5,Pericyte,1.0,celltypepilot
K18_B002383.gencode.vH29,2::5,Pericyte,1.0,celltypepilot
L14_B002014.gencode.vH29,2::5,Pericyte,1.0,celltypepilot
L14_B003139.gencode.vH29,2::5,Pericyte,1.0,celltypepilot
L16_B002014.gencode.vH29,2::5,Pericyte,1.0,celltypepilot
L16_B003139.gencode.vH29,2::5,Pericyte,1.0,celltypepilot
L19_B003139.gencode.vH29,2::5,Pericyte,1.0,celltypepilot
L20_B003138.gencode.vH29,2::5,Pericyte,1.0,celltypepilot
M14_B002014.gencode.vH29,2::5,Pericyte,1.0,celltypepilot
M14_B002383.gencode.vH29,2::5,Pericyte,1.0,celltypepilot
M15_B002383.gencode.vH29,2::5,Pericyte,1.0,celltypepilot
M15_B003138.gencode.vH29,2::5,Pericyte,1.0,celltypepilot
M17_B002383.gencode.vH29,2::5,Pericyte,1.0,celltypepilot
M18_B002014.gencode.vH29,2::5,Pericyte,1.0,celltypepilot
M18_B003138.gencode.vH29,2::5,Pericyte,1.0,celltypepilot
M19_B002014.gencode.vH29,2::5,Pericyte,1.0,celltypepilot
M19_B003138.gencode.vH29,2::5,Pericyte,1.0,celltypepilot
M19_B003139.gencode.vH29,2::5,Pericyte,1.0,celltypepilot
M20_B002014.gencode.vH29,2::5,Pericyte,1.0,celltypepilot
M20_B003139.gencode.vH29,2::5,Pericyte,1.0,celltypepilot
N14_B003138.gencode.vH29,2::5,Pericyte,1.0,celltypepilot
N15_B002383.gencode.vH29,2::5,Pericyte,1.0,celltypepilot
N16_B002383.gencode.vH29,2::5,Pericyte,1.0,celltypepilot
N17_B003138.gencode.vH29,2::5,Pericyte,1.0,celltypepilot
N18_B002383.gencode.vH29,2::5,Pericyte,1.0,celltypepilot
N18_B003138.gencode.vH29,2::5,Pericyte,1.0,celltypepilot
N19_B002014.gencode.vH29,2::5,Pericyte,1.0,celltypepilot
N19_B003138.gencode.vH29,2::5,Pericyte,1.0,celltypepilot
N19_B003139.gencode.vH29,2::5,Pericyte,1.0,celltypepilot
N20_B002014.gencode.vH29,2::5,Pericyte,1.0,celltypepilot
N20_B003138.gencode.vH29,2::5,Pericyte,1.0,celltypepilot
O15_B002014.gencode.vH29,2::5,Pericyte,1.0,celltypepilot
O17_B002014.gencode.vH29,2::5,Pericyte,1.0,celltypepilot
O19_B002014.gencode.vH29,2::5,Pericyte,1.0,celltypepilot
O20_B002383.gencode.vH29,2::5,Pericyte,1.0,celltypepilot
P16_B002014.gencode.vH29,2::5,Pericyte,1.0,celltypepilot
P19_B002014.gencode.vH29,2::5,Pericyte,1.0,celltypepilot
A10_B002382.gencode.vH29,2::1,Ciliated cell,1.0,celltypepilot
A10_B002383.gencode.vH29,2::1,Ciliated cell,1.0,celltypepilot
A11_B002382.gencode.vH29,2::1,Ciliated cell,1.0,celltypepilot
A12_B002383.gencode.vH29,2::1,Ciliated cell,1.0,celltypepilot
A3_B003136.gencode.vH29,2::1,Ciliated cell,1.0,celltypepilot
A3_B003140.gencode.vH29,2::1,Ciliated cell,1.0,celltypepilot
A5_B002382.gencode.vH29,2::1,Ciliated cell,1.0,celltypepilot
A6_B003136.gencode.vH29,2::1,Ciliated cell,1.0,celltypepilot
A8_B002014.gencode.vH29,2::4,Alveolar type 2 cell,1.0,celltypepilot
A8_B002386.gencode.vH29,2::1,Ciliated cell,1.0,celltypepilot
A8_B003138.gencode.vH29,2::1,Ciliated cell,1.0,celltypepilot
A8_B003141.gencode.vH29,2::1,Ciliated cell,1.0,celltypepilot
A9_B003136.gencode.vH29,2::1,Ciliated cell,1.0,celltypepilot
A9_B003140.gencode.vH29,2::1,Ciliated cell,1.0,celltypepilot
B10_B003137.gencode.vH29,2::1,Ciliated cell,1.0,celltypepilot
B10_B003138.gencode.vH29,2::1,Ciliated cell,1.0,celltypepilot
B11_B002385.gencode.vH29,2::1,Ciliated cell,1.0,celltypepilot
B11_B003137.gencode.vH29,2::1,Ciliated cell,1.0,celltypepilot
B12_B003141.gencode.vH29,2::1,Ciliated cell,1.0,celltypepilot
B13_B002385.gencode.vH29,2::4,Alveolar type 2 cell,1.0,celltypepilot
B2_B003137.gencode.vH29,2::1,Ciliated cell,1.0,celltypepilot
B2_B003138.gencode.vH29,2::1,Ciliated cell,1.0,celltypepilot
B3_B002385.gencode.vH29,2::1,Ciliated cell,1.0,celltypepilot
B3_B002386.gencode.vH29,2::1,Ciliated cell,1.0,celltypepilot
B5_B002383.gencode.vH29,2::1,Ciliated cell,1.0,celltypepilot
B5_B003137.gencode.vH29,2::1,Ciliated cell,1.0,celltypepilot
B6_B002383.gencode.vH29,2::1,Ciliated cell,1.0,celltypepilot
B6_B003137.gencode.vH29,2::1,Ciliated cell,1.0,celltypepilot
B7_B003135.gencode.vH29,2::4,Alveolar type 2 cell,1.0,celltypepilot
B7_B003137.gencode.vH29,2::1,Ciliated cell,1.0,celltypepilot
B7_B003141.gencode.vH29,2::1,Ciliated cell,1.0,celltypepilot
B8_B003140.gencode.vH29,2::1,Ciliated cell,1.0,celltypepilot
B9_B002383.gencode.vH29,2::1,Ciliated cell,1.0,celltypepilot
B9_B002385.gencode.vH29,2::1,Ciliated cell,1.0,celltypepilot
B9_B003138.gencode.vH29,2::1,Ciliated cell,1.0,celltypepilot
C1_B003135.gencode.vH29,2::1,Ciliated cell,1.0,celltypepilot
C1_B003138.gencode.vH29,2::1,Ciliated cell,1.0,celltypepilot
C10_B002014.gencode.vH29,2::1,Ciliated cell,1.0,celltypepilot
C10_B002385.gencode.vH29,2::1,Ciliated cell,1.0,celltypepilot
C10_B003136.gencode.vH29,2::1,Ciliated cell,1.0,celltypepilot
C10_B003137.gencode.vH29,2::1,Ciliated cell,1.0,celltypepilot
C10_B003140.gencode.vH29,2::1,Ciliated cell,1.0,celltypepilot
C11_B003136.gencode.vH29,2::1,Ciliated cell,1.0,celltypepilot
C11_B003141.gencode.vH29,2::1,Ciliated cell,1.0,celltypepilot
C12_B002014.gencode.vH29,2::1,Ciliated cell,1.0,celltypepilot
C12_B002382.gencode.vH29,2::2,Capillary endothelial cell,1.0,celltypepilot
C12_B003137.gencode.vH29,2::1,Ciliated cell,1.0,celltypepilot
C12_B003141.gencode.vH29,2::1,Ciliated cell,1.0,celltypepilot
C2_B002386.gencode.vH29,2::1,Ciliated cell,1.0,celltypepilot
C3_B003135.gencode.vH29,2::4,Alveolar type 2 cell,1.0,celltypepilot
C3_B003140.gencode.vH29,2::1,Ciliated cell,1.0,celltypepilot
C4_B002382.gencode.vH29,2::1,Ciliated cell,1.0,celltypepilot
C4_B002386.gencode.vH29,2::1,Ciliated cell,1.0,celltypepilot
C4_B003138.gencode.vH29,2::1,Ciliated cell,1.0,celltypepilot
C4_B003139.gencode.vH29,2::1,Ciliated cell,1.0,celltypepilot
C5_B003135.gencode.vH29,2::1,Ciliated cell,1.0,celltypepilot
C7_B003140.gencode.vH29,2::4,Alveolar type 2 cell,1.0,celltypepilot
C7_B003142.gencode.vH29,2::4,Alveolar type 2 cell,1.0,celltypepilot
C9_B002382.gencode.vH29,2::1,Ciliated cell,1.0,celltypepilot
D1_B002014.gencode.vH29,2::1,Ciliated cell,1.0,celltypepilot
D1_B003138.gencode.vH29,2::4,Alveolar type 2 cell,1.0,celltypepilot
D10_B002014.gencode.vH29,2::1,Ciliated cell,1.0,celltypepilot
D11_B002383.gencode.vH29,2::1,Ciliated cell,1.0,celltypepilot
D11_B003136.gencode.vH29,2::1,Ciliated cell,1.0,celltypepilot
D12_B002382.gencode.vH29,2::1,Ciliated cell,1.0,celltypepilot
D12_B003136.gencode.vH29,2::1,Ciliated cell,1.0,celltypepilot
D13_B002014.gencode.vH29,2::1,Ciliated cell,1.0,celltypepilot
D13_B002386.gencode.vH29,2::4,Alveolar type 2 cell,1.0,celltypepilot
D3_B002382.gencode.vH29,2::1,Ciliated cell,1.0,celltypepilot
D4_B003136.gencode.vH29,2::1,Ciliated cell,1.0,celltypepilot
D5_B003138.gencode.vH29,2::1,Ciliated cell,1.0,celltypepilot
D5_B003140.gencode.vH29,2::4,Alveolar type 2 cell,1.0,celltypepilot
D5_B003142.gencode.vH29,2::1,Ciliated cell,1.0,celltypepilot
D6_B002386.gencode.vH29,2::1,Ciliated cell,1.0,celltypepilot
D7_B002014.gencode.vH29,2::1,Ciliated cell,1.0,celltypepilot
D7_B003136.gencode.vH29,2::1,Ciliated cell,1.0,celltypepilot
D7_B003138.gencode.vH29,2::1,Ciliated cell,1.0,celltypepilot
D8_B002382.gencode.vH29,2::1,Ciliated cell,1.0,celltypepilot
D8_B002383.gencode.vH29,2::1,Ciliated cell,1.0,celltypepilot
D8_B003138.gencode.vH29,2::1,Ciliated cell,1.0,celltypepilot
D8_B003142.gencode.vH29,2::1,Ciliated cell,1.0,celltypepilot
D9_B003136.gencode.vH29,2::5,Pericyte,1.0,celltypepilot
E1_B002014.gencode.vH29,2::1,Ciliated cell,1.0,celltypepilot
E1_B003140.gencode.vH29,2::1,Ciliated cell,1.0,celltypepilot
E10_B002385.gencode.vH29,2::1,Ciliated cell,1.0,celltypepilot
E10_B003140.gencode.vH29,2::1,Ciliated cell,1.0,celltypepilot
E11_B002382.gencode.vH29,2::1,Ciliated cell,1.0,celltypepilot
E11_B002383.gencode.vH29,2::1,Ciliated cell,1.0,celltypepilot
E11_B003142.gencode.vH29,2::1,Ciliated cell,1.0,celltypepilot
E12_B003137.gencode.vH29,2::1,Ciliated cell,1.0,celltypepilot
E13_B003135.gencode.vH29,2::1,Ciliated cell,1.0,celltypepilot
E2_B003137.gencode.vH29,2::5,Pericyte,1.0,celltypepilot
E2_B003138.gencode.vH29,2::1,Ciliated cell,1.0,celltypepilot
E4_B003137.gencode.vH29,2::1,Ciliated cell,1.0,celltypepilot
E5_B003136.gencode.vH29,2::1,Ciliated cell,1.0,celltypepilot
E5_B003141.gencode.vH29,2::1,Ciliated cell,1.0,celltypepilot
E6_B003138.gencode.vH29,2::1,Ciliated cell,1.0,celltypepilot
E7_B003135.gencode.vH29,2::1,Ciliated cell,1.0,celltypepilot
E7_B003141.gencode.vH29,2::1,Ciliated cell,1.0,celltypepilot
E8_B003137.gencode.vH29,2::1,Ciliated cell,1.0,celltypepilot
E9_B003135.gencode.vH29,2::1,Ciliated cell,1.0,celltypepilot
F10_B002382.gencode.vH29,2::1,Ciliated cell,1.0,celltypepilot
F10_B002385.gencode.vH29,2::1,Ciliated cell,1.0,celltypepilot
F10_B002386.gencode.vH29,2::1,Ciliated cell,1.0,celltypepilot
F11_B002385.gencode.vH29,2::1,Ciliated cell,1.0,celltypepilot
F11_B003137.gencode.vH29,2::1,Ciliated cell,1.0,celltypepilot
F11_B003138.gencode.vH29,2::1,Ciliated cell,1.0,celltypepilot
F12_B002382.gencode.vH29,2::4,Alveolar type 2 cell,1.0,celltypepilot
F13_B003140.gencode.vH29,2::1,Ciliated cell,1.0,celltypepilot
F2_B003135.gencode.vH29,2::1,Ciliated cell,1.0,celltypepilot
F2_B003136.gencode.vH29,2::1,Ciliated cell,1.0,celltypepilot
F2_B003141.gencode.vH29,2::1,Ciliated cell,1.0,celltypepilot
F3_B002386.gencode.vH29,2::1,Ciliated cell,1.0,celltypepilot
F3_B003138.gencode.vH29,2::4,Alveolar type 2 cell,1.0,celltypepilot
F4_B002383.gencode.vH29,2::1,Ciliated cell,1.0,celltypepilot
F6_B003140.gencode.vH29,2::1,Ciliated cell,1.0,celltypepilot
F7_B002385.gencode.vH29,2::1,Ciliated cell,1.0,celltypepilot
F7_B003142.gencode.vH29,2::1,Ciliated cell,1.0,celltypepilot
F8_B002014.gencode.vH29,2::1,Ciliated cell,1.0,celltypepilot
F8_B002385.gencode.vH29,2::1,Ciliated cell,1.0,celltypepilot
F8_B003137.gencode.vH29,2::1,Ciliated cell,1.0,celltypepilot
F9_B002014.gencode.vH29,2::1,Ciliated cell,1.0,celltypepilot
F9_B002383.gencode.vH29,2::1,Ciliated cell,1.0,celltypepilot
F9_B003137.gencode.vH29,2::1,Ciliated cell,1.0,celltypepilot
G1_B002383.gencode.vH29,2::1,Ciliated cell,1.0,celltypepilot
G1_B002386.gencode.vH29,2::1,Ciliated cell,1.0,celltypepilot
G1_B003135.gencode.vH29,2::1,Ciliated cell,1.0,celltypepilot
G10_B002014.gencode.vH29,2::1,Ciliated cell,1.0,celltypepilot
G10_B003135.gencode.vH29,2::1,Ciliated cell,1.0,celltypepilot
G10_B003137.gencode.vH29,2::1,Ciliated cell,1.0,celltypepilot
G11_B003137.gencode.vH29,2::1,Ciliated cell,1.0,celltypepilot
G12_B002014.gencode.vH29,2::1,Ciliated cell,1.0,celltypepilot
G12_B003139.gencode.vH29,2::1,Ciliated cell,1.0,celltypepilot
G13_B002383.gencode.vH29,2::4,Alveolar type 2 cell,1.0,celltypepilot
G13_B003142.gencode.vH29,2::1,Ciliated cell,1.0,celltypepilot
G2_B003140.gencode.vH29,2::1,Ciliated cell,1.0,celltypepilot
G3_B002382.gencode.vH29,2::1,Ciliated cell,1.0,celltypepilot
G3_B003141.gencode.vH29,2::1,Ciliated cell,1.0,celltypepilot
G5_B003137.gencode.vH29,2::1,Ciliated cell,1.0,celltypepilot
G6_B003136.gencode.vH29,2::1,Ciliated cell,1.0,celltypepilot
G8_B002383.gencode.vH29,2::1,Ciliated cell,1.0,celltypepilot
G8_B003139.gencode.vH29,2::1,Ciliated cell,1.0,celltypepilot
G8_B003142.gencode.vH29,2::1,Ciliated cell,1.0,celltypepilot
G9_B002385.gencode.vH29,2::1,Ciliated cell,1.0,celltypepilot
G9_B003138.gencode.vH29,2::1,Ciliated cell,1.0,celltypepilot
H1_B002014.gencode.vH29,2::1,Ciliated cell,1.0,celltypepilot
H1_B002385.gencode.vH29,2::4,Alveolar type 2 cell,1.0,celltypepilot
H11_B002382.gencode.vH29,2::1,Ciliated cell,1.0,celltypepilot
H11_B003138.gencode.vH29,2::1,Ciliated cell,1.0,celltypepilot
H12_B002014.gencode.vH29,2::1,Ciliated cell,1.0,celltypepilot
H12_B002382.gencode.vH29,2::4,Alveolar type 2 cell,1.0,celltypepilot
H12_B002383.gencode.vH29,2::1,Ciliated cell,1.0,celltypepilot
H12_B003139.gencode.vH29,2::1,Ciliated cell,1.0,celltypepilot
H2_B002385.gencode.vH29,2::1,Ciliated cell,1.0,celltypepilot
H2_B002386.gencode.vH29,2::1,Ciliated cell,1.0,celltypepilot
H2_B003138.gencode.vH29,2::1,Ciliated cell,1.0,celltypepilot
H2_B003141.gencode.vH29,2::1,Ciliated cell,1.0,celltypepilot
H3_B003141.gencode.vH29,2::4,Alveolar type 2 cell,1.0,celltypepilot
H4_B003142.gencode.vH29,2::1,Ciliated cell,1.0,celltypepilot
H5_B002383.gencode.vH29,2::1,Ciliated cell,1.0,celltypepilot
H7_B002385.gencode.vH29,2::1,Ciliated cell,1.0,celltypepilot
H7_B003139.gencode.vH29,2::1,Ciliated cell,1.0,celltypepilot
H8_B002382.gencode.vH29,2::1,Ciliated cell,1.0,celltypepilot
H8_B003136.gencode.vH29,2::1,Ciliated cell,1.0,celltypepilot
H9_B002014.gencode.vH29,2::1,Ciliated cell,1.0,celltypepilot
I1_B002383.gencode.vH29,2::1,Ciliated cell,1.0,celltypepilot
I10_B002014.gencode.vH29,2::1,Ciliated cell,1.0,celltypepilot
I10_B003137.gencode.vH29,2::1,Ciliated cell,1.0,celltypepilot
I12_B003138.gencode.vH29,2::1,Ciliated cell,1.0,celltypepilot
I13_B003138.gencode.vH29,2::4,Alveolar type 2 cell,1.0,celltypepilot
I2_B003139.gencode.vH29,2::1,Ciliated cell,1.0,celltypepilot
I5_B003136.gencode.vH29,2::1,Ciliated cell,1.0,celltypepilot
I6_B002386.gencode.vH29,2::1,Ciliated cell,1.0,celltypepilot
J1_B002386.gencode.vH29,2::1,Ciliated cell,1.0,celltypepilot
J1_B003139.gencode.vH29,2::1,Ciliated cell,1.0,celltypepilot
J10_B002385.gencode.vH29,2::1,Ciliated cell,1.0,celltypepilot
J10_B002386.gencode.vH29,2::1,Ciliated cell,1.0,celltypepilot
J10_B003139.gencode.vH29,2::1,Ciliated cell,1.0,celltypepilot
J10_B003140.gencode.vH29,2::4,Alveolar type 2 cell,1.0,celltypepilot
J12_B002385.gencode.vH29,2::4,Alveolar type 2 cell,1.0,celltypepilot
J12_B003138.gencode.vH29,2::4,Alveolar type 2 cell,1.0,celltypepilot
J13_B003137.gencode.vH29,2::4,Alveolar type 2 cell,1.0,celltypepilot
J13_B003141.gencode.vH29,2::1,Ciliated cell,1.0,celltypepilot
J2_B002385.gencode.vH29,2::1,Ciliated cell,1.0,celltypepilot
J4_B002385.gencode.vH29,2::1,Ciliated cell,1.0,celltypepilot
J4_B003136.gencode.vH29,2::1,Ciliated cell,1.0,celltypepilot
J4_B003139.gencode.vH29,2::4,Alveolar type 2 cell,1.0,celltypepilot
J7_B003135.gencode.vH29,2::2,Capillary endothelial cell,1.0,celltypepilot
J8_B002383.gencode.vH29,2::1,Ciliated cell,1.0,celltypepilot
J8_B003138.gencode.vH29,2::1,Ciliated cell,1.0,celltypepilot
J9_B002383.gencode.vH29,2::4,Alveolar type 2 cell,1.0,celltypepilot
J9_B002386.gencode.vH29,2::1,Ciliated cell,1.0,celltypepilot
K1_B002383.gencode.vH29,2::1,Ciliated cell,1.0,celltypepilot
K11_B003138.gencode.vH29,2::1,Ciliated cell,1.0,celltypepilot
K12_B003136.gencode.vH29,2::4,Alveolar type 2 cell,1.0,celltypepilot
K12_B003137.gencode.vH29,2::1,Ciliated cell,1.0,celltypepilot
K12_B003138.gencode.vH29,2::1,Ciliated cell,1.0,celltypepilot
K12_B003142.gencode.vH29,2::1,Ciliated cell,1.0,celltypepilot
K2_B002014.gencode.vH29,2::1,Ciliated cell,1.0,celltypepilot
K2_B003137.gencode.vH29,2::1,Ciliated cell,1.0,celltypepilot
K3_B002383.gencode.vH29,2::1,Ciliated cell,1.0,celltypepilot
K3_B003140.gencode.vH29,2::1,Ciliated cell,1.0,celltypepilot
K4_B002382.gencode.vH29,2::1,Ciliated cell,1.0,celltypepilot
K6_B003137.gencode.vH29,2::1,Ciliated cell,1.0,celltypepilot
K8_B002382.gencode.vH29,2::1,Ciliated cell,1.0,celltypepilot
K8_B002386.gencode.vH29,2::1,Ciliated cell,1.0,celltypepilot
K8_B003140.gencode.vH29,2::1,Ciliated cell,1.0,celltypepilot
K9_B002385.gencode.vH29,2::4,Alveolar type 2 cell,1.0,celltypepilot
K9_B003137.gencode.vH29,2::1,Ciliated cell,1.0,celltypepilot
L10_B003137.gencode.vH29,2::1,Ciliated cell,1.0,celltypepilot
L12_B003137.gencode.vH29,2::1,Ciliated cell,1.0,celltypepilot
L12_B003140.gencode.vH29,2::4,Alveolar type 2 cell,1.0,celltypepilot
L12_B003142.gencode.vH29,2::1,Ciliated cell,1.0,celltypepilot
L13_B002382.gencode.vH29,2::1,Ciliated cell,1.0,celltypepilot
L13_B002383.gencode.vH29,2::1,Ciliated cell,1.0,celltypepilot
L13_B002385.gencode.vH29,2::1,Ciliated cell,1.0,celltypepilot
L13_B003139.gencode.vH29,2::1,Ciliated cell,1.0,celltypepilot
L2_B002386.gencode.vH29,2::1,Ciliated cell,1.0,celltypepilot
L2_B003135.gencode.vH29,2::4,Alveolar type 2 cell,1.0,celltypepilot
L3_B003135.gencode.vH29,2::1,Ciliated cell,1.0,celltypepilot
L4_B002386.gencode.vH29,2::1,Ciliated cell,1.0,celltypepilot
L4_B003136.gencode.vH29,2::1,Ciliated cell,1.0,celltypepilot
L4_B003139.gencode.vH29,2::1,Ciliated cell,1.0,celltypepilot
L5_B002014.gencode.vH29,2::4,Alveolar type 2 cell,1.0,celltypepilot
L5_B003137.gencode.vH29,2::1,Ciliated cell,1.0,celltypepilot
L6_B002383.gencode.vH29,2::1,Ciliated cell,1.0,celltypepilot
L7_B002014.gencode.vH29,2::1,Ciliated cell,1.0,celltypepilot
L7_B003142.gencode.vH29,2::1,Ciliated cell,1.0,celltypepilot
L8_B002386.gencode.vH29,2::1,Ciliated cell,1.0,celltypepilot
L8_B003138.gencode.vH29,2::1,Ciliated cell,1.0,celltypepilot
L9_B002383.gencode.vH29,2::1,Ciliated cell,1.0,celltypepilot
L9_B003135.gencode.vH29,2::1,Ciliated cell,1.0,celltypepilot
L9_B003138.gencode.vH29,2::1,Ciliated cell,1.0,celltypepilot
M1_B002386.gencode.vH29,2::4,Alveolar type 2 cell,1.0,celltypepilot
M11_B002014.gencode.vH29,2::1,Ciliated cell,1.0,celltypepilot
M11_B003141.gencode.vH29,2::4,Alveolar type 2 cell,1.0,celltypepilot
M13_B002383.gencode.vH29,2::1,Ciliated cell,1.0,celltypepilot
M13_B002386.gencode.vH29,2::4,Alveolar type 2 cell,1.0,celltypepilot
M13_B003135.gencode.vH29,2::1,Ciliated cell,1.0,celltypepilot
M3_B002386.gencode.vH29,2::1,Ciliated cell,1.0,celltypepilot
M3_B003135.gencode.vH29,2::1,Ciliated cell,1.0,celltypepilot
M4_B002014.gencode.vH29,2::1,Ciliated cell,1.0,celltypepilot
M4_B002386.gencode.vH29,2::4,Alveolar type 2 cell,1.0,celltypepilot
M5_B002382.gencode.vH29,2::1,Ciliated cell,1.0,celltypepilot
M5_B002383.gencode.vH29,2::1,Ciliated cell,1.0,celltypepilot
M6_B002386.gencode.vH29,2::1,Ciliated cell,1.0,celltypepilot
M6_B003139.gencode.vH29,2::1,Ciliated cell,1.0,celltypepilot
M7_B002386.gencode.vH29,2::1,Ciliated cell,1.0,celltypepilot
M7_B003139.gencode.vH29,2::1,Ciliated cell,1.0,celltypepilot
M8_B003137.gencode.vH29,2::4,Alveolar type 2 cell,1.0,celltypepilot
M8_B003141.gencode.vH29,2::1,Ciliated cell,1.0,celltypepilot
M9_B002382.gencode.vH29,2::1,Ciliated cell,1.0,celltypepilot
M9_B002386.gencode.vH29,2::1,Ciliated cell,1.0,celltypepilot
N1_B002014.gencode.vH29,2::1,Ciliated cell,1.0,celltypepilot
N1_B002386.gencode.vH29,2::1,Ciliated cell,1.0,celltypepilot
N1_B003137.gencode.vH29,2::1,Ciliated cell,1.0,celltypepilot
N11_B002383.gencode.vH29,2::1,Ciliated cell,1.0,celltypepilot
N11_B003137.gencode.vH29,2::1,Ciliated cell,1.0,celltypepilot
N11_B003139.gencode.vH29,2::1,Ciliated cell,1.0,celltypepilot
N12_B003136.gencode.vH29,2::1,Ciliated cell,1.0,celltypepilot
N13_B002383.gencode.vH29,2::1,Ciliated cell,1.0,celltypepilot
N13_B003137.gencode.vH29,2::1,Ciliated cell,1.0,celltypepilot
N2_B003140.gencode.vH29,2::1,Ciliated cell,1.0,celltypepilot
N3_B002383.gencode.vH29,2::1,Ciliated cell,1.0,celltypepilot
N3_B003138.gencode.vH29,2::1,Ciliated cell,1.0,celltypepilot
N4_B002383.gencode.vH29,2::1,Ciliated cell,1.0,celltypepilot
N4_B002385.gencode.vH29,2::1,Ciliated cell,1.0,celltypepilot
N5_B002014.gencode.vH29,2::1,Ciliated cell,1.0,celltypepilot
N5_B002383.gencode.vH29,2::4,Alveolar type 2 cell,1.0,celltypepilot
N5_B002385.gencode.vH29,2::4,Alveolar type 2 cell,1.0,celltypepilot
N6_B002382.gencode.vH29,2::1,Ciliated cell,1.0,celltypepilot
N6_B002383.gencode.vH29,2::1,Ciliated cell,1.0,celltypepilot
N6_B003140.gencode.vH29,2::1,Ciliated cell,1.0,celltypepilot
N7_B003135.gencode.vH29,2::1,Ciliated cell,1.0,celltypepilot
N8_B002382.gencode.vH29,2::4,Alveolar type 2 cell,1.0,celltypepilot
N8_B003141.gencode.vH29,2::4,Alveolar type 2 cell,1.0,celltypepilot
N9_B002383.gencode.vH29,2::1,Ciliated cell,1.0,celltypepilot
N9_B003136.gencode.vH29,2::1,Ciliated cell,1.0,celltypepilot
N9_B003139.gencode.vH29,2::1,Ciliated cell,1.0,celltypepilot
O10_B002383.gencode.vH29,2::1,Ciliated cell,1.0,celltypepilot
O10_B002385.gencode.vH29,2::1,Ciliated cell,1.0,celltypepilot
O12_B002386.gencode.vH29,2::1,Ciliated cell,1.0,celltypepilot
O12_B003136.gencode.vH29,2::1,Ciliated cell,1.0,celltypepilot
O12_B003138.gencode.vH29,2::1,Ciliated cell,1.0,celltypepilot
O12_B003140.gencode.vH29,2::1,Ciliated cell,1.0,celltypepilot
O2_B002385.gencode.vH29,2::1,Ciliated cell,1.0,celltypepilot
O5_B002383.gencode.vH29,2::1,Ciliated cell,1.0,celltypepilot
O5_B003137.gencode.vH29,2::1,Ciliated cell,1.0,celltypepilot
O7_B002385.gencode.vH29,2::1,Ciliated cell,1.0,celltypepilot
O7_B003136.gencode.vH29,2::1,Ciliated cell,1.0,celltypepilot
O8_B002014.gencode.vH29,2::1,Ciliated cell,1.0,celltypepilot
O8_B003142.gencode.vH29,2::1,Ciliated cell,1.0,celltypepilot
O9_B003140.gencode.vH29,2::1,Ciliated cell,1.0,celltypepilot
P1_B003137.gencode.vH29,2::1,Ciliated cell,1.0,celltypepilot
P11_B003140.gencode.vH29,2::1,Ciliated cell,1.0,celltypepilot
P13_B002383.gencode.vH29,2::1,Ciliated cell,1.0,celltypepilot
P13_B003135.gencode.vH29,2::4,Alveolar type 2 cell,1.0,celltypepilot
P13_B003140.gencode.vH29,2::1,Ciliated cell,1.0,celltypepilot
P13_B003141.gencode.vH29,2::1,Ciliated cell,1.0,celltypepilot
P3_B002014.gencode.vH29,2::1,Ciliated cell,1.0,celltypepilot
P4_B002014.gencode.vH29,2::1,Ciliated cell,1.0,celltypepilot
P5_B002385.gencode.vH29,2::1,Ciliated cell,1.0,celltypepilot
P8_B002386.gencode.vH29,2::1,Ciliated cell,1.0,celltypepilot
A11_B002383.gencode.vH29,2::2,Capillary endothelial cell,1.0,celltypepilot
A11_B003137.gencode.vH29,2::4,Alveolar type 2 cell,1.0,celltypepilot
A13_B002382.gencode.vH29,2::4,Alveolar type 2 cell,1.0,celltypepilot
A2_B003138.gencode.vH29,2::4,Alveolar type 2 cell,1.0,celltypepilot
A3_B003138.gencode.vH29,2::2,Capillary endothelial cell,1.0,celltypepilot
A3_B003139.gencode.vH29,2::4,Alveolar type 2 cell,1.0,celltypepilot
A9_B002014.gencode.vH29,2::4,Alveolar type 2 cell,1.0,celltypepilot
B11_B003138.gencode.vH29,2::4,Alveolar type 2 cell,1.0,celltypepilot
B12_B003137.gencode.vH29,2::2,Capillary endothelial cell,1.0,celltypepilot
B6_B002014.gencode.vH29,2::4,Alveolar type 2 cell,1.0,celltypepilot
B7_B002382.gencode.vH29,2::2,Capillary endothelial cell,1.0,celltypepilot
B8_B003135.gencode.vH29,2::2,Capillary endothelial cell,1.0,celltypepilot
C10_B003142.gencode.vH29,2::4,Alveolar type 2 cell,1.0,celltypepilot
C11_B003135.gencode.vH29,2::4,Alveolar type 2 cell,1.0,celltypepilot
C12_B003135.gencode.vH29,2::4,Alveolar type 2 cell,1.0,celltypepilot
C13_B003135.gencode.vH29,2::2,Capillary endothelial cell,1.0,celltypepilot
C6_B003139.gencode.vH29,2::4,Alveolar type 2 cell,1.0,celltypepilot
C8_B003135.gencode.vH29,2::2,Capillary endothelial cell,1.0,celltypepilot
C8_B003137.gencode.vH29,2::4,Alveolar type 2 cell,1.0,celltypepilot
D11_B003135.gencode.vH29,2::4,Alveolar type 2 cell,1.0,celltypepilot
D11_B003137.gencode.vH29,2::2,Capillary endothelial cell,1.0,celltypepilot
D2_B002014.gencode.vH29,2::4,Alveolar type 2 cell,1.0,celltypepilot
D2_B003137.gencode.vH29,2::4,Alveolar type 2 cell,1.0,celltypepilot
D4_B002385.gencode.vH29,2::2,Capillary endothelial cell,1.0,celltypepilot
D5_B002385.gencode.vH29,2::1,Ciliated cell,1.0,celltypepilot
D5_B003135.gencode.vH29,2::2,Capillary endothelial cell,1.0,celltypepilot
D6_B003135.gencode.vH29,2::4,Alveolar type 2 cell,1.0,celltypepilot
D6_B003139.gencode.vH29,2::4,Alveolar type 2 cell,1.0,celltypepilot
D8_B003135.gencode.vH29,2::4,Alveolar type 2 cell,1.0,celltypepilot
E10_B003139.gencode.vH29,2::4,Alveolar type 2 cell,1.0,celltypepilot
E12_B003141.gencode.vH29,2::4,Alveolar type 2 cell,1.0,celltypepilot
E13_B003137.gencode.vH29,2::4,Alveolar type 2 cell,1.0,celltypepilot
E2_B003139.gencode.vH29,2::2,Capillary endothelial cell,1.0,celltypepilot
F1_B003138.gencode.vH29,2::4,Alveolar type 2 cell,1.0,celltypepilot
F3_B003137.gencode.vH29,2::2,Capillary endothelial cell,1.0,celltypepilot
G11_B003138.gencode.vH29,2::4,Alveolar type 2 cell,1.0,celltypepilot
G12_B002382.gencode.vH29,2::4,Alveolar type 2 cell,1.0,celltypepilot
G12_B002385.gencode.vH29,2::4,Alveolar type 2 cell,1.0,celltypepilot
G5_B003135.gencode.vH29,2::4,Alveolar type 2 cell,1.0,celltypepilot
G6_B003137.gencode.vH29,2::4,Alveolar type 2 cell,1.0,celltypepilot
H10_B002385.gencode.vH29,2::4,Alveolar type 2 cell,1.0,celltypepilot
H12_B003141.gencode.vH29,2::4,Alveolar type 2 cell,1.0,celltypepilot
H6_B003135.gencode.vH29,2::4,Alveolar type 2 cell,1.0,celltypepilot
I11_B003138.gencode.vH29,2::2,Capillary endothelial cell,1.0,celltypepilot
I2_B002014.gencode.vH29,2::4,Alveolar type 2 cell,1.0,celltypepilot
I4_B002385.gencode.vH29,2::4,Alveolar type 2 cell,1.0,celltypepilot
I4_B002386.gencode.vH29,2::4,Alveolar type 2 cell,1.0,celltypepilot
I4_B003136.gencode.vH29,2::5,Pericyte,1.0,celltypepilot
I5_B003137.gencode.vH29,2::2,Capillary endothelial cell,1.0,celltypepilot
I6_B002014.gencode.vH29,2::2,Capillary endothelial cell,1.0,celltypepilot
I6_B003136.gencode.vH29,2::4,Alveolar type 2 cell,1.0,celltypepilot
I7_B003135.gencode.vH29,2::4,Alveolar type 2 cell,1.0,celltypepilot
J1_B003141.gencode.vH29,2::4,Alveolar type 2 cell,1.0,celltypepilot
J10_B003136.gencode.vH29,2::4,Alveolar type 2 cell,1.0,celltypepilot
J12_B003135.gencode.vH29,2::4,Alveolar type 2 cell,1.0,celltypepilot
J12_B003137.gencode.vH29,2::2,Capillary endothelial cell,1.0,celltypepilot
J2_B003138.gencode.vH29,2::4,Alveolar type 2 cell,1.0,celltypepilot
J5_B002014.gencode.vH29,2::4,Alveolar type 2 cell,1.0,celltypepilot
J7_B003140.gencode.vH29,2::4,Alveolar type 2 cell,1.0,celltypepilot
J9_B003139.gencode.vH29,2::4,Alveolar type 2 cell,1.0,celltypepilot
K10_B002014.gencode.vH29,2::4,Alveolar type 2 cell,1.0,celltypepilot
K12_B003140.gencode.vH29,2::4,Alveolar type 2 cell,1.0,celltypepilot
K13_B002014.gencode.vH29,2::4,Alveolar type 2 cell,1.0,celltypepilot
K2_B002386.gencode.vH29,2::4,Alveolar type 2 cell,1.0,celltypepilot
K2_B003138.gencode.vH29,2::4,Alveolar type 2 cell,1.0,celltypepilot
K3_B003135.gencode.vH29,2::2,Capillary endothelial cell,1.0,celltypepilot
K4_B003141.gencode.vH29,2::4,Alveolar type 2 cell,1.0,celltypepilot
K6_B003136.gencode.vH29,2::4,Alveolar type 2 cell,1.0,celltypepilot
K9_B003135.gencode.vH29,2::4,Alveolar type 2 cell,1.0,celltypepilot
L13_B003141.gencode.vH29,2::4,Alveolar type 2 cell,1.0,celltypepilot
L6_B003138.gencode.vH29,2::4,Alveolar type 2 cell,1.0,celltypepilot
L8_B003137.gencode.vH29,2::4,Alveolar type 2 cell,1.0,celltypepilot
L9_B002386.gencode.vH29,2::2,Capillary endothelial cell,1.0,celltypepilot
M1_B002014.gencode.vH29,2::4,Alveolar type 2 cell,1.0,celltypepilot
M10_B002383.gencode.vH29,2::4,Alveolar type 2 cell,1.0,celltypepilot
M10_B003137.gencode.vH29,2::4,Alveolar type 2 cell,1.0,celltypepilot
M12_B003135.gencode.vH29,2::5,Pericyte,1.0,celltypepilot
M12_B003141.gencode.vH29,2::4,Alveolar type 2 cell,1.0,celltypepilot
M14_B002386.gencode.vH29,2::5,Pericyte,1.0,celltypepilot
M14_B003135.gencode.vH29,2::4,Alveolar type 2 cell,1.0,celltypepilot
M2_B003138.gencode.vH29,2::4,Alveolar type 2 cell,1.0,celltypepilot
N10_B003135.gencode.vH29,2::4,Alveolar type 2 cell,1.0,celltypepilot
N10_B003142.gencode.vH29,2::4,Alveolar type 2 cell,1.0,celltypepilot
N11_B002382.gencode.vH29,2::4,Alveolar type 2 cell,1.0,celltypepilot
N11_B003135.gencode.vH29,2::4,Alveolar type 2 cell,1.0,celltypepilot
N2_B002383.gencode.vH29,2::4,Alveolar type 2 cell,1.0,celltypepilot
N2_B003136.gencode.vH29,2::4,Alveolar type 2 cell,1.0,celltypepilot
N6_B003135.gencode.vH29,2::4,Alveolar type 2 cell,1.0,celltypepilot
N7_B002385.gencode.vH29,2::4,Alveolar type 2 cell,1.0,celltypepilot
O5_B003140.gencode.vH29,2::4,Alveolar type 2 cell,1.0,celltypepilot
O6_B003137.gencode.vH29,2::4,Alveolar type 2 cell,1.0,celltypepilot
O7_B002014.gencode.vH29,2::4,Alveolar type 2 cell,1.0,celltypepilot
O8_B002386.gencode.vH29,2::4,Alveolar type 2 cell,1.0,celltypepilot
O8_B003135.gencode.vH29,2::4,Alveolar type 2 cell,1.0,celltypepilot
O9_B003136.gencode.vH29,2::5,Pericyte,1.0,celltypepilot
O9_B003142.gencode.vH29,2::2,Capillary endothelial cell,1.0,celltypepilot
P11_B002385.gencode.vH29,2::4,Alveolar type 2 cell,1.0,celltypepilot
P11_B003137.gencode.vH29,2::4,Alveolar type 2 cell,1.0,celltypepilot
P2_B002014.gencode.vH29,2::4,Alveolar type 2 cell,1.0,celltypepilot
P3_B002383.gencode.vH29,2::2,Capillary endothelial cell,1.0,celltypepilot
P4_B003138.gencode.vH29,2::2,Capillary endothelial cell,1.0,celltypepilot
A11_B003136.gencode.vH29,2::4,Alveolar type 2 cell,1.0,celltypepilot
A11_B003140.gencode.vH29,2::4,Alveolar type 2 cell,1.0,celltypepilot
A11_B003141.gencode.vH29,2::4,Alveolar type 2 cell,1.0,celltypepilot
A12_B003135.gencode.vH29,2::4,Alveolar type 2 cell,1.0,celltypepilot
A12_B003138.gencode.vH29,2::4,Alveolar type 2 cell,1.0,celltypepilot
A13_B003138.gencode.vH29,2::4,Alveolar type 2 cell,1.0,celltypepilot
A2_B002386.gencode.vH29,2::4,Alveolar type 2 cell,1.0,celltypepilot
A2_B003136.gencode.vH29,2::4,Alveolar type 2 cell,1.0,celltypepilot
A2_B003140.gencode.vH29,2::4,Alveolar type 2 cell,1.0,celltypepilot
A6_B003138.gencode.vH29,2::4,Alveolar type 2 cell,1.0,celltypepilot
A7_B002014.gencode.vH29,2::4,Alveolar type 2 cell,1.0,celltypepilot
A7_B002382.gencode.vH29,2::4,Alveolar type 2 cell,1.0,celltypepilot
A7_B003136.gencode.vH29,2::4,Alveolar type 2 cell,1.0,celltypepilot
A7_B003137.gencode.vH29,2::4,Alveolar type 2 cell,1.0,celltypepilot
A8_B002382.gencode.vH29,2::4,Alveolar type 2 cell,1.0,celltypepilot
A8_B002383.gencode.vH29,2::4,Alveolar type 2 cell,1.0,celltypepilot
A8_B003135.gencode.vH29,2::4,Alveolar type 2 cell,1.0,celltypepilot
A9_B002382.gencode.vH29,2::4,Alveolar type 2 cell,1.0,celltypepilot
B1_B002014.gencode.vH29,2::4,Alveolar type 2 cell,1.0,celltypepilot
B1_B002383.gencode.vH29,2::4,Alveolar type 2 cell,1.0,celltypepilot
B1_B002386.gencode.vH29,2::4,Alveolar type 2 cell,1.0,celltypepilot
B1_B003137.gencode.vH29,2::4,Alveolar type 2 cell,1.0,celltypepilot
B12_B002385.gencode.vH29,2::4,Alveolar type 2 cell,1.0,celltypepilot
B12_B002386.gencode.vH29,2::4,Alveolar type 2 cell,1.0,celltypepilot
B12_B003135.gencode.vH29,2::4,Alveolar type 2 cell,1.0,celltypepilot
B2_B002385.gencode.vH29,2::4,Alveolar type 2 cell,1.0,celltypepilot
B2_B003135.gencode.vH29,2::4,Alveolar type 2 cell,1.0,celltypepilot
B3_B003136.gencode.vH29,2::4,Alveolar type 2 cell,1.0,celltypepilot
B4_B002386.gencode.vH29,2::4,Alveolar type 2 cell,1.0,celltypepilot
B5_B002382.gencode.vH29,2::4,Alveolar type 2 cell,1.0,celltypepilot
B5_B003140.gencode.vH29,2::4,Alveolar type 2 cell,1.0,celltypepilot
B7_B002386.gencode.vH29,2::4,Alveolar type 2 cell,1.0,celltypepilot
B8_B002386.gencode.vH29,2::4,Alveolar type 2 cell,1.0,celltypepilot
B9_B003137.gencode.vH29,2::4,Alveolar type 2 cell,1.0,celltypepilot
B9_B003142.gencode.vH29,2::4,Alveolar type 2 cell,1.0,celltypepilot
C10_B002382.gencode.vH29,2::4,Alveolar type 2 cell,1.0,celltypepilot
C12_B003138.gencode.vH29,2::4,Alveolar type 2 cell,1.0,celltypepilot
C12_B003142.gencode.vH29,2::4,Alveolar type 2 cell,1.0,celltypepilot
C3_B003138.gencode.vH29,2::4,Alveolar type 2 cell,1.0,celltypepilot
C3_B003142.gencode.vH29,2::4,Alveolar type 2 cell,1.0,celltypepilot
C4_B003137.gencode.vH29,2::4,Alveolar type 2 cell,1.0,celltypepilot
C5_B003137.gencode.vH29,2::4,Alveolar type 2 cell,1.0,celltypepilot
C6_B003136.gencode.vH29,2::4,Alveolar type 2 cell,1.0,celltypepilot
C6_B003142.gencode.vH29,2::4,Alveolar type 2 cell,1.0,celltypepilot
C8_B002382.gencode.vH29,2::4,Alveolar type 2 cell,1.0,celltypepilot
C8_B002386.gencode.vH29,2::4,Alveolar type 2 cell,1.0,celltypepilot
C9_B003135.gencode.vH29,2::4,Alveolar type 2 cell,1.0,celltypepilot
C9_B003137.gencode.vH29,2::4,Alveolar type 2 cell,1.0,celltypepilot
D1_B003140.gencode.vH29,2::4,Alveolar type 2 cell,1.0,celltypepilot
D10_B002386.gencode.vH29,2::4,Alveolar type 2 cell,1.0,celltypepilot
D11_B002382.gencode.vH29,2::4,Alveolar type 2 cell,1.0,celltypepilot
D12_B002385.gencode.vH29,2::4,Alveolar type 2 cell,1.0,celltypepilot
D13_B002383.gencode.vH29,2::4,Alveolar type 2 cell,1.0,celltypepilot
D13_B003135.gencode.vH29,2::4,Alveolar type 2 cell,1.0,celltypepilot
D13_B003138.gencode.vH29,2::4,Alveolar type 2 cell,1.0,celltypepilot
D2_B003142.gencode.vH29,2::4,Alveolar type 2 cell,1.0,celltypepilot
D4_B002382.gencode.vH29,2::4,Alveolar type 2 cell,1.0,celltypepilot
D4_B003140.gencode.vH29,2::4,Alveolar type 2 cell,1.0,celltypepilot
D4_B003142.gencode.vH29,2::4,Alveolar type 2 cell,1.0,celltypepilot
D5_B002382.gencode.vH29,2::4,Alveolar type 2 cell,1.0,celltypepilot
D5_B003136.gencode.vH29,2::4,Alveolar type 2 cell,1.0,celltypepilot
D6_B002382.gencode.vH29,2::4,Alveolar type 2 cell,1.0,celltypepilot
D6_B003140.gencode.vH29,2::4,Alveolar type 2 cell,1.0,celltypepilot
D6_B003142.gencode.vH29,2::4,Alveolar type 2 cell,1.0,celltypepilot
D7_B003135.gencode.vH29,2::4,Alveolar type 2 cell,1.0,celltypepilot
D7_B003137.gencode.vH29,2::4,Alveolar type 2 cell,1.0,celltypepilot
D8_B002385.gencode.vH29,2::4,Alveolar type 2 cell,1.0,celltypepilot
D8_B003136.gencode.vH29,2::4,Alveolar type 2 cell,1.0,celltypepilot
D9_B003135.gencode.vH29,2::4,Alveolar type 2 cell,1.0,celltypepilot
E1_B003136.gencode.vH29,2::4,Alveolar type 2 cell,1.0,celltypepilot
E1_B003137.gencode.vH29,2::4,Alveolar type 2 cell,1.0,celltypepilot
E10_B002386.gencode.vH29,2::4,Alveolar type 2 cell,1.0,celltypepilot
E10_B003135.gencode.vH29,2::4,Alveolar type 2 cell,1.0,celltypepilot
E10_B003137.gencode.vH29,2::4,Alveolar type 2 cell,1.0,celltypepilot
E10_B003142.gencode.vH29,2::4,Alveolar type 2 cell,1.0,celltypepilot
E12_B003142.gencode.vH29,2::4,Alveolar type 2 cell,1.0,celltypepilot
E13_B003140.gencode.vH29,2::4,Alveolar type 2 cell,1.0,celltypepilot
E2_B003136.gencode.vH29,2::4,Alveolar type 2 cell,1.0,celltypepilot
E2_B003141.gencode.vH29,2::4,Alveolar type 2 cell,1.0,celltypepilot
E3_B003138.gencode.vH29,2::4,Alveolar type 2 cell,1.0,celltypepilot
E4_B003135.gencode.vH29,2::4,Alveolar type 2 cell,1.0,celltypepilot
E4_B003136.gencode.vH29,2::4,Alveolar type 2 cell,1.0,celltypepilot
E4_B003138.gencode.vH29,2::4,Alveolar type 2 cell,1.0,celltypepilot
E5_B003137.gencode.vH29,2::4,Alveolar type 2 cell,1.0,celltypepilot
E6_B003139.gencode.vH29,2::4,Alveolar type 2 cell,1.0,celltypepilot
E7_B002382.gencode.vH29,2::4,Alveolar type 2 cell,1.0,celltypepilot
E7_B003137.gencode.vH29,2::4,Alveolar type 2 cell,1.0,celltypepilot
E7_B003140.gencode.vH29,2::4,Alveolar type 2 cell,1.0,celltypepilot
E8_B002382.gencode.vH29,2::4,Alveolar type 2 cell,1.0,celltypepilot
E8_B003141.gencode.vH29,2::4,Alveolar type 2 cell,1.0,celltypepilot
F1_B003141.gencode.vH29,2::4,Alveolar type 2 cell,1.0,celltypepilot
F10_B003135.gencode.vH29,2::4,Alveolar type 2 cell,1.0,celltypepilot
F10_B003137.gencode.vH29,2::4,Alveolar type 2 cell,1.0,celltypepilot
F12_B003137.gencode.vH29,2::4,Alveolar type 2 cell,1.0,celltypepilot
F12_B003140.gencode.vH29,2::4,Alveolar type 2 cell,1.0,celltypepilot
F13_B003141.gencode.vH29,2::4,Alveolar type 2 cell,1.0,celltypepilot
F2_B003137.gencode.vH29,2::4,Alveolar type 2 cell,1.0,celltypepilot
F3_B002382.gencode.vH29,2::4,Alveolar type 2 cell,1.0,celltypepilot
F3_B002383.gencode.vH29,2::4,Alveolar type 2 cell,1.0,celltypepilot
F3_B003135.gencode.vH29,2::4,Alveolar type 2 cell,1.0,celltypepilot
F3_B003139.gencode.vH29,2::4,Alveolar type 2 cell,1.0,celltypepilot
F4_B003135.gencode.vH29,2::4,Alveolar type 2 cell,1.0,celltypepilot
F4_B003136.gencode.vH29,2::4,Alveolar type 2 cell,1.0,celltypepilot
F4_B003140.gencode.vH29,2::4,Alveolar type 2 cell,1.0,celltypepilot
F4_B003141.gencode.vH29,2::4,Alveolar type 2 cell,1.0,celltypepilot
F5_B003142.gencode.vH29,2::4,Alveolar type 2 cell,1.0,celltypepilot
F8_B003139.gencode.vH29,2::4,Alveolar type 2 cell,1.0,celltypepilot
F9_B003135.gencode.vH29,2::4,Alveolar type 2 cell,1.0,celltypepilot
G10_B002385.gencode.vH29,2::4,Alveolar type 2 cell,1.0,celltypepilot
G12_B002386.gencode.vH29,2::4,Alveolar type 2 cell,1.0,celltypepilot
G13_B002385.gencode.vH29,2::4,Alveolar type 2 cell,1.0,celltypepilot
G13_B003137.gencode.vH29,2::4,Alveolar type 2 cell,1.0,celltypepilot
G2_B002386.gencode.vH29,2::4,Alveolar type 2 cell,1.0,celltypepilot
G2_B003135.gencode.vH29,2::4,Alveolar type 2 cell,1.0,celltypepilot
G2_B003137.gencode.vH29,2::4,Alveolar type 2 cell,1.0,celltypepilot
G3_B003142.gencode.vH29,2::4,Alveolar type 2 cell,1.0,celltypepilot
G4_B002382.gencode.vH29,2::4,Alveolar type 2 cell,1.0,celltypepilot
G4_B002386.gencode.vH29,2::4,Alveolar type 2 cell,1.0,celltypepilot
G4_B003140.gencode.vH29,2::4,Alveolar type 2 cell,1.0,celltypepilot
G7_B002385.gencode.vH29,2::4,Alveolar type 2 cell,1.0,celltypepilot
G8_B002014.gencode.vH29,2::4,Alveolar type 2 cell,1.0,celltypepilot
G8_B003137.gencode.vH29,2::4,Alveolar type 2 cell,1.0,celltypepilot
G9_B002014.gencode.vH29,2::4,Alveolar type 2 cell,1.0,celltypepilot
G9_B002386.gencode.vH29,2::4,Alveolar type 2 cell,1.0,celltypepilot
G9_B003136.gencode.vH29,2::4,Alveolar type 2 cell,1.0,celltypepilot
H1_B003140.gencode.vH29,2::4,Alveolar type 2 cell,1.0,celltypepilot
H10_B003137.gencode.vH29,2::4,Alveolar type 2 cell,1.0,celltypepilot
H11_B003135.gencode.vH29,2::4,Alveolar type 2 cell,1.0,celltypepilot
H12_B002386.gencode.vH29,2::4,Alveolar type 2 cell,1.0,celltypepilot
H12_B003136.gencode.vH29,2::4,Alveolar type 2 cell,1.0,celltypepilot
H13_B002382.gencode.vH29,2::4,Alveolar type 2 cell,1.0,celltypepilot
H13_B003137.gencode.vH29,2::4,Alveolar type 2 cell,1.0,celltypepilot
H2_B003135.gencode.vH29,2::4,Alveolar type 2 cell,1.0,celltypepilot
H2_B003136.gencode.vH29,2::4,Alveolar type 2 cell,1.0,celltypepilot
H3_B003140.gencode.vH29,2::4,Alveolar type 2 cell,1.0,celltypepilot
H4_B003136.gencode.vH29,2::4,Alveolar type 2 cell,1.0,celltypepilot
H5_B002382.gencode.vH29,2::4,Alveolar type 2 cell,1.0,celltypepilot
H5_B002386.gencode.vH29,2::4,Alveolar type 2 cell,1.0,celltypepilot
H6_B003140.gencode.vH29,2::4,Alveolar type 2 cell,1.0,celltypepilot
H7_B003137.gencode.vH29,2::4,Alveolar type 2 cell,1.0,celltypepilot
H7_B003141.gencode.vH29,2::4,Alveolar type 2 cell,1.0,celltypepilot
H8_B003141.gencode.vH29,2::4,Alveolar type 2 cell,1.0,celltypepilot
I11_B002382.gencode.vH29,2::4,Alveolar type 2 cell,1.0,celltypepilot
I11_B003135.gencode.vH29,2::4,Alveolar type 2 cell,1.0,celltypepilot
I11_B003136.gencode.vH29,2::4,Alveolar type 2 cell,1.0,celltypepilot
I12_B002382.gencode.vH29,2::4,Alveolar type 2 cell,1.0,celltypepilot
I12_B002385.gencode.vH29,2::4,Alveolar type 2 cell,1.0,celltypepilot
I12_B003135.gencode.vH29,2::4,Alveolar type 2 cell,1.0,celltypepilot
I12_B003140.gencode.vH29,2::4,Alveolar type 2 cell,1.0,celltypepilot
I13_B003135.gencode.vH29,2::4,Alveolar type 2 cell,1.0,celltypepilot
I13_B003136.gencode.vH29,2::4,Alveolar type 2 cell,1.0,celltypepilot
I2_B003141.gencode.vH29,2::4,Alveolar type 2 cell,1.0,celltypepilot
I3_B003136.gencode.vH29,2::4,Alveolar type 2 cell,1.0,celltypepilot
I4_B002014.gencode.vH29,2::4,Alveolar type 2 cell,1.0,celltypepilot
I4_B003141.gencode.vH29,2::4,Alveolar type 2 cell,1.0,celltypepilot
I5_B002382.gencode.vH29,2::4,Alveolar type 2 cell,1.0,celltypepilot
I5_B002386.gencode.vH29,2::4,Alveolar type 2 cell,1.0,celltypepilot
I5_B003142.gencode.vH29,2::4,Alveolar type 2 cell,1.0,celltypepilot
I6_B003135.gencode.vH29,2::4,Alveolar type 2 cell,1.0,celltypepilot
I7_B003142.gencode.vH29,2::4,Alveolar type 2 cell,1.0,celltypepilot
I8_B002386.gencode.vH29,2::4,Alveolar type 2 cell,1.0,celltypepilot
I8_B003135.gencode.vH29,2::4,Alveolar type 2 cell,1.0,celltypepilot
I9_B003135.gencode.vH29,2::4,Alveolar type 2 cell,1.0,celltypepilot
I9_B003137.gencode.vH29,2::4,Alveolar type 2 cell,1.0,celltypepilot
I9_B003142.gencode.vH29,2::4,Alveolar type 2 cell,1.0,celltypepilot
J10_B003142.gencode.vH29,2::4,Alveolar type 2 cell,1.0,celltypepilot
J11_B002385.gencode.vH29,2::4,Alveolar type 2 cell,1.0,celltypepilot
J11_B003135.gencode.vH29,2::4,Alveolar type 2 cell,1.0,celltypepilot
J11_B003141.gencode.vH29,2::4,Alveolar type 2 cell,1.0,celltypepilot
J12_B002382.gencode.vH29,2::4,Alveolar type 2 cell,1.0,celltypepilot
J2_B003135.gencode.vH29,2::4,Alveolar type 2 cell,1.0,celltypepilot
J2_B003141.gencode.vH29,2::4,Alveolar type 2 cell,1.0,celltypepilot
J3_B003142.gencode.vH29,2::4,Alveolar type 2 cell,1.0,celltypepilot
J4_B002383.gencode.vH29,2::4,Alveolar type 2 cell,1.0,celltypepilot
J4_B003135.gencode.vH29,2::4,Alveolar type 2 cell,1.0,celltypepilot
J4_B003141.gencode.vH29,2::4,Alveolar type 2 cell,1.0,celltypepilot
J5_B003135.gencode.vH29,2::4,Alveolar type 2 cell,1.0,celltypepilot
J6_B002386.gencode.vH29,2::4,Alveolar type 2 cell,1.0,celltypepilot
J6_B003135.gencode.vH29,2::4,Alveolar type 2 cell,1.0,celltypepilot
J6_B003142.gencode.vH29,2::4,Alveolar type 2 cell,1.0,celltypepilot
J7_B002385.gencode.vH29,2::4,Alveolar type 2 cell,1.0,celltypepilot
J8_B003136.gencode.vH29,2::4,Alveolar type 2 cell,1.0,celltypepilot
J8_B003140.gencode.vH29,2::4,Alveolar type 2 cell,1.0,celltypepilot
J8_B003142.gencode.vH29,2::4,Alveolar type 2 cell,1.0,celltypepilot
K13_B002386.gencode.vH29,2::4,Alveolar type 2 cell,1.0,celltypepilot
K2_B003135.gencode.vH29,2::4,Alveolar type 2 cell,1.0,celltypepilot
K3_B002385.gencode.vH29,2::4,Alveolar type 2 cell,1.0,celltypepilot
K4_B003142.gencode.vH29,2::4,Alveolar type 2 cell,1.0,celltypepilot
K5_B003136.gencode.vH29,2::4,Alveolar type 2 cell,1.0,celltypepilot
K6_B003135.gencode.vH29,2::4,Alveolar type 2 cell,1.0,celltypepilot
K7_B002385.gencode.vH29,2::4,Alveolar type 2 cell,1.0,celltypepilot
K8_B003137.gencode.vH29,2::4,Alveolar type 2 cell,1.0,celltypepilot
L1_B003137.gencode.vH29,2::4,Alveolar type 2 cell,1.0,celltypepilot
L10_B003141.gencode.vH29,2::4,Alveolar type 2 cell,1.0,celltypepilot
L11_B003136.gencode.vH29,2::4,Alveolar type 2 cell,1.0,celltypepilot
L12_B002385.gencode.vH29,2::4,Alveolar type 2 cell,1.0,celltypepilot
L13_B003136.gencode.vH29,2::4,Alveolar type 2 cell,1.0,celltypepilot
L2_B002383.gencode.vH29,2::4,Alveolar type 2 cell,1.0,celltypepilot
L2_B003140.gencode.vH29,2::4,Alveolar type 2 cell,1.0,celltypepilot
L2_B003141.gencode.vH29,2::4,Alveolar type 2 cell,1.0,celltypepilot
L3_B003136.gencode.vH29,2::4,Alveolar type 2 cell,1.0,celltypepilot
L4_B003135.gencode.vH29,2::4,Alveolar type 2 cell,1.0,celltypepilot
L5_B003136.gencode.vH29,2::4,Alveolar type 2 cell,1.0,celltypepilot
L9_B003140.gencode.vH29,2::4,Alveolar type 2 cell,1.0,celltypepilot
M1_B003138.gencode.vH29,2::4,Alveolar type 2 cell,1.0,celltypepilot
M1_B003139.gencode.vH29,2::4,Alveolar type 2 cell,1.0,celltypepilot
M10_B003141.gencode.vH29,2::4,Alveolar type 2 cell,1.0,celltypepilot
M11_B002385.gencode.vH29,2::4,Alveolar type 2 cell,1.0,celltypepilot
M11_B003135.gencode.vH29,2::4,Alveolar type 2 cell,1.0,celltypepilot
M13_B003137.gencode.vH29,2::4,Alveolar type 2 cell,1.0,celltypepilot
M2_B002385.gencode.vH29,2::4,Alveolar type 2 cell,1.0,celltypepilot
M2_B003135.gencode.vH29,2::4,Alveolar type 2 cell,1.0,celltypepilot
M2_B003136.gencode.vH29,2::4,Alveolar type 2 cell,1.0,celltypepilot
M2_B003137.gencode.vH29,2::4,Alveolar type 2 cell,1.0,celltypepilot
M2_B003142.gencode.vH29,2::4,Alveolar type 2 cell,1.0,celltypepilot
M3_B003136.gencode.vH29,2::4,Alveolar type 2 cell,1.0,celltypepilot
M4_B003141.gencode.vH29,2::4,Alveolar type 2 cell,1.0,celltypepilot
M5_B002385.gencode.vH29,2::4,Alveolar type 2 cell,1.0,celltypepilot
M6_B003141.gencode.vH29,2::4,Alveolar type 2 cell,1.0,celltypepilot
M7_B002385.gencode.vH29,2::4,Alveolar type 2 cell,1.0,celltypepilot
M8_B002386.gencode.vH29,2::4,Alveolar type 2 cell,1.0,celltypepilot
M8_B003135.gencode.vH29,2::4,Alveolar type 2 cell,1.0,celltypepilot
N10_B002385.gencode.vH29,2::4,Alveolar type 2 cell,1.0,celltypepilot
N11_B002385.gencode.vH29,2::4,Alveolar type 2 cell,1.0,celltypepilot
N11_B003141.gencode.vH29,2::4,Alveolar type 2 cell,1.0,celltypepilot
N12_B003141.gencode.vH29,2::4,Alveolar type 2 cell,1.0,celltypepilot
N2_B002382.gencode.vH29,2::4,Alveolar type 2 cell,1.0,celltypepilot
N2_B003135.gencode.vH29,2::4,Alveolar type 2 cell,1.0,celltypepilot
N2_B003138.gencode.vH29,2::4,Alveolar type 2 cell,1.0,celltypepilot
N2_B003139.gencode.vH29,2::4,Alveolar type 2 cell,1.0,celltypepilot
N3_B002385.gencode.vH29,2::4,Alveolar type 2 cell,1.0,celltypepilot
N3_B003137.gencode.vH29,2::4,Alveolar type 2 cell,1.0,celltypepilot
N4_B003135.gencode.vH29,2::4,Alveolar type 2 cell,1.0,celltypepilot
N6_B003137.gencode.vH29,2::4,Alveolar type 2 cell,1.0,celltypepilot
N7_B002014.gencode.vH29,2::4,Alveolar type 2 cell,1.0,celltypepilot
N7_B002382.gencode.vH29,2::4,Alveolar type 2 cell,1.0,celltypepilot
N8_B002385.gencode.vH29,2::4,Alveolar type 2 cell,1.0,celltypepilot
N9_B002386.gencode.vH29,2::4,Alveolar type 2 cell,1.0,celltypepilot
N9_B003140.gencode.vH29,2::4,Alveolar type 2 cell,1.0,celltypepilot
O1_B003141.gencode.vH29,2::4,Alveolar type 2 cell,1.0,celltypepilot
O10_B002014.gencode.vH29,2::4,Alveolar type 2 cell,1.0,celltypepilot
O10_B002382.gencode.vH29,2::4,Alveolar type 2 cell,1.0,celltypepilot
O10_B002386.gencode.vH29,2::4,Alveolar type 2 cell,1.0,celltypepilot
O10_B003135.gencode.vH29,2::4,Alveolar type 2 cell,1.0,celltypepilot
O10_B003138.gencode.vH29,2::4,Alveolar type 2 cell,1.0,celltypepilot
O11_B002386.gencode.vH29,2::4,Alveolar type 2 cell,1.0,celltypepilot
O11_B003135.gencode.vH29,2::4,Alveolar type 2 cell,1.0,celltypepilot
O11_B003138.gencode.vH29,2::4,Alveolar type 2 cell,1.0,celltypepilot
O11_B003141.gencode.vH29,2::4,Alveolar type 2 cell,1.0,celltypepilot
O13_B003141.gencode.vH29,2::4,Alveolar type 2 cell,1.0,celltypepilot
O2_B003135.gencode.vH29,2::4,Alveolar type 2 cell,1.0,celltypepilot
O2_B003139.gencode.vH29,2::4,Alveolar type 2 cell,1.0,celltypepilot
O3_B002386.gencode.vH29,2::4,Alveolar type 2 cell,1.0,celltypepilot
O3_B003137.gencode.vH29,2::4,Alveolar type 2 cell,1.0,celltypepilot
O4_B003136.gencode.vH29,2::4,Alveolar type 2 cell,1.0,celltypepilot
O4_B003137.gencode.vH29,2::4,Alveolar type 2 cell,1.0,celltypepilot
O6_B003136.gencode.vH29,2::4,Alveolar type 2 cell,1.0,celltypepilot
O7_B003135.gencode.vH29,2::4,Alveolar type 2 cell,1.0,celltypepilot
O8_B002382.gencode.vH29,2::4,Alveolar type 2 cell,1.0,celltypepilot
O8_B003137.gencode.vH29,2::4,Alveolar type 2 cell,1.0,celltypepilot
P1_B003139.gencode.vH29,2::4,Alveolar type 2 cell,1.0,celltypepilot
P10_B002386.gencode.vH29,2::4,Alveolar type 2 cell,1.0,celltypepilot
P10_B003135.gencode.vH29,2::4,Alveolar type 2 cell,1.0,celltypepilot
P10_B003136.gencode.vH29,2::4,Alveolar type 2 cell,1.0,celltypepilot
P10_B003138.gencode.vH29,2::4,Alveolar type 2 cell,1.0,celltypepilot
P10_B003140.gencode.vH29,2::4,Alveolar type 2 cell,1.0,celltypepilot
P11_B003136.gencode.vH29,2::4,Alveolar type 2 cell,1.0,celltypepilot
P11_B003138.gencode.vH29,2::4,Alveolar type 2 cell,1.0,celltypepilot
P12_B002014.gencode.vH29,2::4,Alveolar type 2 cell,1.0,celltypepilot
P12_B002385.gencode.vH29,2::4,Alveolar type 2 cell,1.0,celltypepilot
P12_B003137.gencode.vH29,2::4,Alveolar type 2 cell,1.0,celltypepilot
P13_B002385.gencode.vH29,2::4,Alveolar type 2 cell,1.0,celltypepilot
P8_B003135.gencode.vH29,2::4,Alveolar type 2 cell,1.0,celltypepilot
P8_B003142.gencode.vH29,2::4,Alveolar type 2 cell,1.0,celltypepilot
P9_B002014.gencode.vH29,2::4,Alveolar type 2 cell,1.0,celltypepilot
P9_B003137.gencode.vH29,2::4,Alveolar type 2 cell,1.0,celltypepilot
A12_B002014.gencode.vH29,2::0,Endothelial cell,1.0,celltypepilot
A15_B002382.gencode.vH29,2::2,Capillary endothelial cell,1.0,celltypepilot
A16_B003136.gencode.vH29,2::2,Capillary endothelial cell,1.0,celltypepilot
A16_B003137.gencode.vH29,2::0,Endothelial cell,1.0,celltypepilot
A18_B002382.gencode.vH29,2::2,Capillary endothelial cell,1.0,celltypepilot
A20_B003141.gencode.vH29,2::2,Capillary endothelial cell,1.0,celltypepilot
A4_B002382.gencode.vH29,2::2,Capillary endothelial cell,1.0,celltypepilot
A4_B002383.gencode.vH29,2::2,Capillary endothelial cell,1.0,celltypepilot
A4_B002386.gencode.vH29,2::2,Capillary endothelial cell,1.0,celltypepilot
A5_B002386.gencode.vH29,2::2,Capillary endothelial cell,1.0,celltypepilot
A5_B003138.gencode.vH29,2::2,Capillary endothelial cell,1.0,celltypepilot
A7_B002386.gencode.vH29,2::0,Endothelial cell,1.0,celltypepilot
A7_B003141.gencode.vH29,2::0,Endothelial cell,1.0,celltypepilot
B1_B003140.gencode.vH29,2::0,Endothelial cell,1.0,celltypepilot
B10_B003141.gencode.vH29,2::0,Endothelial cell,1.0,celltypepilot
B11_B003135.gencode.vH29,2::0,Endothelial cell,1.0,celltypepilot
B14_B003140.gencode.vH29,2::0,Endothelial cell,1.0,celltypepilot
B15_B002382.gencode.vH29,2::2,Capillary endothelial cell,1.0,celltypepilot
B15_B002386.gencode.vH29,2::0,Endothelial cell,1.0,celltypepilot
B16_B003137.gencode.vH29,2::0,Endothelial cell,1.0,celltypepilot
B16_B003138.gencode.vH29,2::0,Endothelial cell,1.0,celltypepilot
B17_B002385.gencode.vH29,2::2,Capillary endothelial cell,1.0,celltypepilot
B17_B003137.gencode.vH29,2::2,Capillary endothelial cell,1.0,celltypepilot
B17_B003142.gencode.vH29,2::2,Capillary endothelial cell,1.0,celltypepilot
B18_B003136.gencode.vH29,2::0,Endothelial cell,1.0,celltypepilot
B2_B003136.gencode.vH29,2::0,Endothelial cell,1.0,celltypepilot
B20_B002386.gencode.vH29,2::2,Capillary endothelial cell,1.0,celltypepilot
B20_B003141.gencode.vH29,2::0,Endothelial cell,1.0,celltypepilot
B4_B003135.gencode.vH29,2::2,Capillary endothelial cell,1.0,celltypepilot
B6_B003140.gencode.vH29,2::0,Endothelial cell,1.0,celltypepilot
B8_B002383.gencode.vH29,2::2,Capillary endothelial cell,1.0,celltypepilot
B8_B003137.gencode.vH29,2::2,Capillary endothelial cell,1.0,celltypepilot
C12_B002386.gencode.vH29,2::0,Endothelial cell,1.0,celltypepilot
C13_B002386.gencode.vH29,2::2,Capillary endothelial cell,1.0,celltypepilot
C16_B003141.gencode.vH29,2::2,Capillary endothelial cell,1.0,celltypepilot
C17_B002385.gencode.vH29,2::2,Capillary endothelial cell,1.0,celltypepilot
C17_B002386.gencode.vH29,2::2,Capillary endothelial cell,1.0,celltypepilot
C18_B002385.gencode.vH29,2::0,Endothelial cell,1.0,celltypepilot
C19_B002014.gencode.vH29,2::2,Capillary endothelial cell,1.0,celltypepilot
C19_B002382.gencode.vH29,2::2,Capillary endothelial cell,1.0,celltypepilot
C19_B002385.gencode.vH29,2::0,Endothelial cell,1.0,celltypepilot
C19_B003136.gencode.vH29,2::0,Endothelial cell,1.0,celltypepilot
C2_B002382.gencode.vH29,2::0,Endothelial cell,1.0,celltypepilot
C2_B002385.gencode.vH29,2::2,Capillary endothelial cell,1.0,celltypepilot
C20_B003135.gencode.vH29,2::2,Capillary endothelial cell,1.0,celltypepilot
C7_B003137.gencode.vH29,2::2,Capillary endothelial cell,1.0,celltypepilot
D10_B003141.gencode.vH29,2::0,Endothelial cell,1.0,celltypepilot
D11_B003142.gencode.vH29,2::2,Capillary endothelial cell,1.0,celltypepilot
D12_B003135.gencode.vH29,2::0,Endothelial cell,1.0,celltypepilot
D13_B003136.gencode.vH29,2::0,Endothelial cell,1.0,celltypepilot
D14_B002385.gencode.vH29,2::2,Capillary endothelial cell,1.0,celltypepilot
D15_B002382.gencode.vH29,2::2,Capillary endothelial cell,1.0,celltypepilot
D15_B003142.gencode.vH29,2::2,Capillary endothelial cell,1.0,celltypepilot
D16_B002385.gencode.vH29,2::0,Endothelial cell,1.0,celltypepilot
D17_B002386.gencode.vH29,2::2,Capillary endothelial cell,1.0,celltypepilot
D18_B002385.gencode.vH29,2::0,Endothelial cell,1.0,celltypepilot
D18_B003135.gencode.vH29,2::0,Endothelial cell,1.0,celltypepilot
D19_B003138.gencode.vH29,2::0,Endothelial cell,1.0,celltypepilot
D19_B003141.gencode.vH29,2::0,Endothelial cell,1.0,celltypepilot
D20_B002382.gencode.vH29,2::2,Capillary endothelial cell,1.0,celltypepilot
D20_B002386.gencode.vH29,2::2,Capillary endothelial cell,1.0,celltypepilot
D20_B003137.gencode.vH29,2::2,Capillary endothelial cell,1.0,celltypepilot
D20_B003142.gencode.vH29,2::2,Capillary endothelial cell,1.0,celltypepilot
D3_B003135.gencode.vH29,2::0,Endothelial cell,1.0,celltypepilot
D4_B003135.gencode.vH29,2::2,Capillary endothelial cell,1.0,celltypepilot
D5_B002386.gencode.vH29,2::2,Capillary endothelial cell,1.0,celltypepilot
D8_B003141.gencode.vH29,2::0,Endothelial cell,1.0,celltypepilot
D9_B003137.gencode.vH29,2::0,Endothelial cell,1.0,celltypepilot
E1_B002386.gencode.vH29,2::0,Endothelial cell,1.0,celltypepilot
E14_B002014.gencode.vH29,2::2,Capillary endothelial cell,1.0,celltypepilot
E14_B003136.gencode.vH29,2::2,Capillary endothelial cell,1.0,celltypepilot
E15_B003140.gencode.vH29,2::2,Capillary endothelial cell,1.0,celltypepilot
E15_B003141.gencode.vH29,2::2,Capillary endothelial cell,1.0,celltypepilot
E16_B003140.gencode.vH29,2::0,Endothelial cell,1.0,celltypepilot
E17_B002383.gencode.vH29,2::0,Endothelial cell,1.0,celltypepilot
E17_B003136.gencode.vH29,2::2,Capillary endothelial cell,1.0,celltypepilot
E19_B002386.gencode.vH29,2::2,Capillary endothelial cell,1.0,celltypepilot
E19_B003137.gencode.vH29,2::0,Endothelial cell,1.0,celltypepilot
E20_B003142.gencode.vH29,2::0,Endothelial cell,1.0,celltypepilot
E5_B003142.gencode.vH29,2::0,Endothelial cell,1.0,celltypepilot
E7_B003136.gencode.vH29,2::0,Endothelial cell,1.0,celltypepilot
E8_B002386.gencode.vH29,2::0,Endothelial cell,1.0,celltypepilot
E8_B003142.gencode.vH29,2::0,Endothelial cell,1.0,celltypepilot
F1_B002386.gencode.vH29,2::2,Capillary endothelial cell,1.0,celltypepilot
F14_B002382.gencode.vH29,2::2,Capillary endothelial cell,1.0,celltypepilot
F14_B003137.gencode.vH29,2::2,Capillary endothelial cell,1.0,celltypepilot
F14_B003141.gencode.vH29,2::0,Endothelial cell,1.0,celltypepilot
F15_B003136.gencode.vH29,2::2,Capillary endothelial cell,1.0,celltypepilot
F16_B002386.gencode.vH29,2::2,Capillary endothelial cell,1.0,celltypepilot
F16_B003141.gencode.vH29,2::2,Capillary endothelial cell,1.0,celltypepilot
F16_B003142.gencode.vH29,2::2,Capillary endothelial cell,1.0,celltypepilot
F17_B003142.gencode.vH29,2::2,Capillary endothelial cell,1.0,celltypepilot
F20_B002382.gencode.vH29,2::0,Endothelial cell,1.0,celltypepilot
F20_B003140.gencode.vH29,2::0,Endothelial cell,1.0,celltypepilot
F9_B003136.gencode.vH29,2::2,Capillary endothelial cell,1.0,celltypepilot
F9_B003142.gencode.vH29,2::0,Endothelial cell,1.0,celltypepilot
G11_B003136.gencode.vH29,2::0,Endothelial cell,1.0,celltypepilot
G12_B003136.gencode.vH29,2::0,Endothelial cell,1.0,celltypepilot
G14_B003137.gencode.vH29,2::0,Endothelial cell,1.0,celltypepilot
G14_B003140.gencode.vH29,2::2,Capillary endothelial cell,1.0,celltypepilot
G15_B002386.gencode.vH29,2::2,Capillary endothelial cell,1.0,celltypepilot
G15_B003142.gencode.vH29,2::2,Capillary endothelial cell,1.0,celltypepilot
G17_B002386.gencode.vH29,2::2,Capillary endothelial cell,1.0,celltypepilot
G18_B003136.gencode.vH29,2::0,Endothelial cell,1.0,celltypepilot
G19_B002386.gencode.vH29,2::2,Capillary endothelial cell,1.0,celltypepilot
G5_B002386.gencode.vH29,2::0,Endothelial cell,1.0,celltypepilot
G5_B003136.gencode.vH29,2::2,Capillary endothelial cell,1.0,celltypepilot
G6_B003142.gencode.vH29,2::2,Capillary endothelial cell,1.0,celltypepilot
G8_B003136.gencode.vH29,2::0,Endothelial cell,1.0,celltypepilot
G9_B003135.gencode.vH29,2::2,Capillary endothelial cell,1.0,celltypepilot
G9_B003141.gencode.vH29,2::0,Endothelial cell,1.0,celltypepilot
H10_B003140.gencode.vH29,2::0,Endothelial cell,1.0,celltypepilot
H13_B003135.gencode.vH29,2::0,Endothelial cell,1.0,celltypepilot
H13_B003142.gencode.vH29,2::0,Endothelial cell,1.0,celltypepilot
H15_B002014.gencode.vH29,2::2,Capillary endothelial cell,1.0,celltypepilot
H16_B002382.gencode.vH29,2::2,Capillary endothelial cell,1.0,celltypepilot
H16_B003140.gencode.vH29,2::2,Capillary endothelial cell,1.0,celltypepilot
H17_B002385.gencode.vH29,2::2,Capillary endothelial cell,1.0,celltypepilot
H17_B002386.gencode.vH29,2::2,Capillary endothelial cell,1.0,celltypepilot
H17_B003137.gencode.vH29,2::2,Capillary endothelial cell,1.0,celltypepilot
H18_B002382.gencode.vH29,2::0,Endothelial cell,1.0,celltypepilot
H18_B002385.gencode.vH29,2::0,Endothelial cell,1.0,celltypepilot
H18_B003135.gencode.vH29,2::0,Endothelial cell,1.0,celltypepilot
H19_B002382.gencode.vH29,2::2,Capillary endothelial cell,1.0,celltypepilot
H20_B002385.gencode.vH29,2::2,Capillary endothelial cell,1.0,celltypepilot
H20_B003136.gencode.vH29,2::2,Capillary endothelial cell,1.0,celltypepilot
H7_B003135.gencode.vH29,2::2,Capillary endothelial cell,1.0,celltypepilot
H7_B003142.gencode.vH29,2::0,Endothelial cell,1.0,celltypepilot
H9_B002386.gencode.vH29,2::2,Capillary endothelial cell,1.0,celltypepilot
I10_B002386.gencode.vH29,2::2,Capillary endothelial cell,1.0,celltypepilot
I14_B003142.gencode.vH29,2::0,Endothelial cell,1.0,celltypepilot
I15_B003136.gencode.vH29,2::2,Capillary endothelial cell,1.0,celltypepilot
I19_B003142.gencode.vH29,2::0,Endothelial cell,1.0,celltypepilot
I2_B002386.gencode.vH29,2::0,Endothelial cell,1.0,celltypepilot
I20_B003135.gencode.vH29,2::2,Capillary endothelial cell,1.0,celltypepilot
I20_B003136.gencode.vH29,2::2,Capillary endothelial cell,1.0,celltypepilot
I20_B003141.gencode.vH29,2::0,Endothelial cell,1.0,celltypepilot
I20_B003142.gencode.vH29,2::2,Capillary endothelial cell,1.0,celltypepilot
I3_B003139.gencode.vH29,2::2,Capillary endothelial cell,1.0,celltypepilot
I3_B003142.gencode.vH29,2::2,Capillary endothelial cell,1.0,celltypepilot
I6_B003141.gencode.vH29,2::0,Endothelial cell,1.0,celltypepilot
I7_B002385.gencode.vH29,2::0,Endothelial cell,1.0,celltypepilot
I7_B003141.gencode.vH29,2::2,Capillary endothelial cell,1.0,celltypepilot
I8_B003136.gencode.vH29,2::2,Capillary endothelial cell,1.0,celltypepilot
I9_B003139.gencode.vH29,2::0,Endothelial cell,1.0,celltypepilot
J1_B003140.gencode.vH29,2::2,Capillary endothelial cell,1.0,celltypepilot
J11_B002382.gencode.vH29,2::0,Endothelial cell,1.0,celltypepilot
J13_B002382.gencode.vH29,2::2,Capillary endothelial cell,1.0,celltypepilot
J14_B002382.gencode.vH29,2::0,Endothelial cell,1.0,celltypepilot
J14_B003136.gencode.vH29,2::0,Endothelial cell,1.0,celltypepilot
J14_B003142.gencode.vH29,2::2,Capillary endothelial cell,1.0,celltypepilot
J15_B002382.gencode.vH29,2::2,Capillary endothelial cell,1.0,celltypepilot
J15_B002385.gencode.vH29,2::2,Capillary endothelial cell,1.0,celltypepilot
J15_B002386.gencode.vH29,2::0,Endothelial cell,1.0,celltypepilot
J15_B003135.gencode.vH29,2::2,Capillary endothelial cell,1.0,celltypepilot
J15_B003142.gencode.vH29,2::2,Capillary endothelial cell,1.0,celltypepilot
J16_B002382.gencode.vH29,2::0,Endothelial cell,1.0,celltypepilot
J18_B003136.gencode.vH29,2::0,Endothelial cell,1.0,celltypepilot
J19_B002382.gencode.vH29,2::2,Capillary endothelial cell,1.0,celltypepilot
J19_B002386.gencode.vH29,2::2,Capillary endothelial cell,1.0,celltypepilot
J20_B003137.gencode.vH29,2::2,Capillary endothelial cell,1.0,celltypepilot
J20_B003141.gencode.vH29,2::0,Endothelial cell,1.0,celltypepilot
J3_B002382.gencode.vH29,2::0,Endothelial cell,1.0,celltypepilot
J7_B002386.gencode.vH29,2::0,Endothelial cell,1.0,celltypepilot
K10_B002385.gencode.vH29,2::2,Capillary endothelial cell,1.0,celltypepilot
K10_B003141.gencode.vH29,2::0,Endothelial cell,1.0,celltypepilot
K11_B003135.gencode.vH29,2::0,Endothelial cell,1.0,celltypepilot
K13_B002382.gencode.vH29,2::0,Endothelial cell,1.0,celltypepilot
K14_B003137.gencode.vH29,2::0,Endothelial cell,1.0,celltypepilot
K15_B003137.gencode.vH29,2::0,Endothelial cell,1.0,celltypepilot
K15_B003141.gencode.vH29,2::2,Capillary endothelial cell,1.0,celltypepilot
K16_B003135.gencode.vH29,2::2,Capillary endothelial cell,1.0,celltypepilot
K16_B003136.gencode.vH29,2::0,Endothelial cell,1.0,celltypepilot
K18_B003140.gencode.vH29,2::0,Endothelial cell,1.0,celltypepilot
K2_B002382.gencode.vH29,2::0,Endothelial cell,1.0,celltypepilot
K20_B003141.gencode.vH29,2::0,Endothelial cell,1.0,celltypepilot
K3_B003142.gencode.vH29,2::0,Endothelial cell,1.0,celltypepilot
K4_B002386.gencode.vH29,2::0,Endothelial cell,1.0,celltypepilot
K4_B003137.gencode.vH29,2::0,Endothelial cell,1.0,celltypepilot
K6_B003140.gencode.vH29,2::0,Endothelial cell,1.0,celltypepilot
K8_B003138.gencode.vH29,2::2,Capillary endothelial cell,1.0,celltypepilot
L12_B003135.gencode.vH29,2::0,Endothelial cell,1.0,celltypepilot
L13_B002386.gencode.vH29,2::0,Endothelial cell,1.0,celltypepilot
L13_B003137.gencode.vH29,2::0,Endothelial cell,1.0,celltypepilot
L14_B003137.gencode.vH29,2::2,Capillary endothelial cell,1.0,celltypepilot
L16_B002385.gencode.vH29,2::2,Capillary endothelial cell,1.0,celltypepilot
L16_B003135.gencode.vH29,2::2,Capillary endothelial cell,1.0,celltypepilot
L16_B003138.gencode.vH29,2::2,Capillary endothelial cell,1.0,celltypepilot
L16_B003140.gencode.vH29,2::0,Endothelial cell,1.0,celltypepilot
L17_B002386.gencode.vH29,2::0,Endothelial cell,1.0,celltypepilot
L17_B003137.gencode.vH29,2::0,Endothelial cell,1.0,celltypepilot
L18_B003135.gencode.vH29,2::0,Endothelial cell,1.0,celltypepilot
L19_B002382.gencode.vH29,2::0,Endothelial cell,1.0,celltypepilot
L19_B003140.gencode.vH29,2::0,Endothelial cell,1.0,celltypepilot
L3_B003137.gencode.vH29,2::0,Endothelial cell,1.0,celltypepilot
L8_B003136.gencode.vH29,2::0,Endothelial cell,1.0,celltypepilot
L9_B002385.gencode.vH29,2::0,Endothelial cell,1.0,celltypepilot
M1_B003140.gencode.vH29,2::0,Endothelial cell,1.0,celltypepilot
M12_B003137.gencode.vH29,2::0,Endothelial cell,1.0,celltypepilot
M13_B003140.gencode.vH29,2::0,Endothelial cell,1.0,celltypepilot
M13_B003142.gencode.vH29,2::0,Endothelial cell,1.0,celltypepilot
M14_B003136.gencode.vH29,2::0,Endothelial cell,1.0,celltypepilot
M15_B002382.gencode.vH29,2::2,Capillary endothelial cell,1.0,celltypepilot
M15_B003137.gencode.vH29,2::2,Capillary endothelial cell,1.0,celltypepilot
M16_B002382.gencode.vH29,2::2,Capillary endothelial cell,1.0,celltypepilot
M17_B003135.gencode.vH29,2::2,Capillary endothelial cell,1.0,celltypepilot
M17_B003141.gencode.vH29,2::2,Capillary endothelial cell,1.0,celltypepilot
M18_B003142.gencode.vH29,2::0,Endothelial cell,1.0,celltypepilot
M19_B002385.gencode.vH29,2::2,Capillary endothelial cell,1.0,celltypepilot
M20_B002385.gencode.vH29,2::2,Capillary endothelial cell,1.0,celltypepilot
M20_B002386.gencode.vH29,2::2,Capillary endothelial cell,1.0,celltypepilot
M20_B003136.gencode.vH29,2::0,Endothelial cell,1.0,celltypepilot
M3_B003140.gencode.vH29,2::2,Capillary endothelial cell,1.0,celltypepilot
M5_B003135.gencode.vH29,2::2,Capillary endothelial cell,1.0,celltypepilot
M6_B003135.gencode.vH29,2::2,Capillary endothelial cell,1.0,celltypepilot
M7_B003142.gencode.vH29,2::0,Endothelial cell,1.0,celltypepilot
M9_B003136.gencode.vH29,2::0,Endothelial cell,1.0,celltypepilot
M9_B003142.gencode.vH29,2::0,Endothelial cell,1.0,celltypepilot
N1_B003140.gencode.vH29,2::0,Endothelial cell,1.0,celltypepilot
N14_B003136.gencode.vH29,2::2,Capillary endothelial cell,1.0,celltypepilot
N14_B003141.gencode.vH29,2::2,Capillary endothelial cell,1.0,celltypepilot
N14_B003142.gencode.vH29,2::2,Capillary endothelial cell,1.0,celltypepilot
N15_B003136.gencode.vH29,2::2,Capillary endothelial cell,1.0,celltypepilot
N16_B003141.gencode.vH29,2::0,Endothelial cell,1.0,celltypepilot
N17_B002385.gencode.vH29,2::2,Capillary endothelial cell,1.0,celltypepilot
N17_B003142.gencode.vH29,2::2,Capillary endothelial cell,1.0,celltypepilot
N18_B002385.gencode.vH29,2::2,Capillary endothelial cell,1.0,celltypepilot
N18_B002386.gencode.vH29,2::2,Capillary endothelial cell,1.0,celltypepilot
N18_B003140.gencode.vH29,2::0,Endothelial cell,1.0,celltypepilot
N19_B002382.gencode.vH29,2::2,Capillary endothelial cell,1.0,celltypepilot
N19_B002386.gencode.vH29,2::2,Capillary endothelial cell,1.0,celltypepilot
N20_B002382.gencode.vH29,2::2,Capillary endothelial cell,1.0,celltypepilot
N20_B002386.gencode.vH29,2::0,Endothelial cell,1.0,celltypepilot
N20_B003140.gencode.vH29,2::0,Endothelial cell,1.0,celltypepilot
N20_B003142.gencode.vH29,2::0,Endothelial cell,1.0,celltypepilot
N7_B003142.gencode.vH29,2::0,Endothelial cell,1.0,celltypepilot
O1_B003136.gencode.vH29,2::2,Capillary endothelial cell,1.0,celltypepilot
O12_B002382.gencode.vH29,2::2,Capillary endothelial cell,1.0,celltypepilot
O12_B002385.gencode.vH29,2::2,Capillary endothelial cell,1.0,celltypepilot
O14_B002386.gencode.vH29,2::2,Capillary endothelial cell,1.0,celltypepilot
O14_B003138.gencode.vH29,2::0,Endothelial cell,1.0,celltypepilot
O15_B003140.gencode.vH29,2::2,Capillary endothelial cell,1.0,celltypepilot
O15_B003142.gencode.vH29,2::0,Endothelial cell,1.0,celltypepilot
O16_B003136.gencode.vH29,2::0,Endothelial cell,1.0,celltypepilot
O16_B003138.gencode.vH29,2::0,Endothelial cell,1.0,celltypepilot
O16_B003140.gencode.vH29,2::2,Capillary endothelial cell,1.0,celltypepilot
O17_B002382.gencode.vH29,2::2,Capillary endothelial cell,1.0,celltypepilot
O17_B003136.gencode.vH29,2::2,Capillary endothelial cell,1.0,celltypepilot
O17_B003140.gencode.vH29,2::0,Endothelial cell,1.0,celltypepilot
O18_B003136.gencode.vH29,2::2,Capillary endothelial cell,1.0,celltypepilot
O19_B002382.gencode.vH29,2::0,Endothelial cell,1.0,celltypepilot
O19_B003142.gencode.vH29,2::2,Capillary endothelial cell,1.0,celltypepilot
O2_B003136.gencode.vH29,2::0,Endothelial cell,1.0,celltypepilot
O2_B003142.gencode.vH29,2::2,Capillary endothelial cell,1.0,celltypepilot
O20_B003136.gencode.vH29,2::2,Capillary endothelial cell,1.0,celltypepilot
O20_B003142.gencode.vH29,2::2,Capillary endothelial cell,1.0,celltypepilot
O3_B003138.gencode.vH29,2::2,Capillary endothelial cell,1.0,celltypepilot
O4_B002385.gencode.vH29,2::0,Endothelial cell,1.0,celltypepilot
O4_B003140.gencode.vH29,2::0,Endothelial cell,1.0,celltypepilot
O5_B003136.gencode.vH29,2::2,Capillary endothelial cell,1.0,celltypepilot
O6_B003142.gencode.vH29,2::0,Endothelial cell,1.0,celltypepilot
O7_B002382.gencode.vH29,2::0,Endothelial cell,1.0,celltypepilot
O8_B002385.gencode.vH29,2::0,Endothelial cell,1.0,celltypepilot
O8_B003140.gencode.vH29,2::0,Endothelial cell,1.0,celltypepilot
P1_B002386.gencode.vH29,2::2,Capillary endothelial cell,1.0,celltypepilot
P13_B003136.gencode.vH29,2::2,Capillary endothelial cell,1.0,celltypepilot
P13_B003138.gencode.vH29,2::2,Capillary endothelial cell,1.0,celltypepilot
P14_B002382.gencode.vH29,2::2,Capillary endothelial cell,1.0,celltypepilot
P15_B003136.gencode.vH29,2::2,Capillary endothelial cell,1.0,celltypepilot
P16_B002385.gencode.vH29,2::0,Endothelial cell,1.0,celltypepilot
P16_B003141.gencode.vH29,2::2,Capillary endothelial cell,1.0,celltypepilot
P19_B003140.gencode.vH29,2::2,Capillary endothelial cell,1.0,celltypepilot
P2_B003140.gencode.vH29,2::2,Capillary endothelial cell,1.0,celltypepilot
P20_B002382.gencode.vH29,2::2,Capillary endothelial cell,1.0,celltypepilot
P20_B002386.gencode.vH29,2::2,Capillary endothelial cell,1.0,celltypepilot
P20_B003142.gencode.vH29,2::2,Capillary endothelial cell,1.0,celltypepilot
P4_B003137.gencode.vH29,2::2,Capillary endothelial cell,1.0,celltypepilot
P4_B003140.gencode.vH29,2::2,Capillary endothelial cell,1.0,celltypepilot
P7_B003142.gencode.vH29,2::2,Capillary endothelial cell,1.0,celltypepilot
P8_B003137.gencode.vH29,2::0,Endothelial cell,1.0,celltypepilot
A13_B002014.gencode.vH29,2::1,Ciliated cell,1.0,celltypepilot
A4_B002014.gencode.vH29,2::1,Ciliated cell,1.0,celltypepilot
A7_B003138.gencode.vH29,2::4,Alveolar type 2 cell,1.0,celltypepilot
A9_B002383.gencode.vH29,2::4,Alveolar type 2 cell,1.0,celltypepilot
A9_B003141.gencode.vH29,2::4,Alveolar type 2 cell,1.0,celltypepilot
B10_B002385.gencode.vH29,2::1,Ciliated cell,1.0,celltypepilot
B11_B003141.gencode.vH29,2::1,Ciliated cell,1.0,celltypepilot
B12_B003136.gencode.vH29,2::1,Ciliated cell,1.0,celltypepilot
B13_B002386.gencode.vH29,2::4,Alveolar type 2 cell,1.0,celltypepilot
B4_B002382.gencode.vH29,2::1,Ciliated cell,1.0,celltypepilot
B9_B003136.gencode.vH29,2::1,Ciliated cell,1.0,celltypepilot
C10_B002383.gencode.vH29,2::1,Ciliated cell,1.0,celltypepilot
C13_B002385.gencode.vH29,2::1,Ciliated cell,1.0,celltypepilot
C13_B003140.gencode.vH29,2::1,Ciliated cell,1.0,celltypepilot
C3_B003137.gencode.vH29,2::1,Ciliated cell,1.0,celltypepilot
C7_B003136.gencode.vH29,2::1,Ciliated cell,1.0,celltypepilot
C9_B003138.gencode.vH29,2::1,Ciliated cell,1.0,celltypepilot
D10_B002383.gencode.vH29,2::4,Alveolar type 2 cell,1.0,celltypepilot
D10_B003137.gencode.vH29,2::1,Ciliated cell,1.0,celltypepilot
D2_B002382.gencode.vH29,2::1,Ciliated cell,1.0,celltypepilot
D2_B003135.gencode.vH29,2::1,Ciliated cell,1.0,celltypepilot
D4_B003141.gencode.vH29,2::1,Ciliated cell,1.0,celltypepilot
D9_B002386.gencode.vH29,2::4,Alveolar type 2 cell,1.0,celltypepilot
E1_B002382.gencode.vH29,2::1,Ciliated cell,1.0,celltypepilot
E11_B002386.gencode.vH29,2::4,Alveolar type 2 cell,1.0,celltypepilot
E2_B003140.gencode.vH29,2::1,Ciliated cell,1.0,celltypepilot
E5_B003135.gencode.vH29,2::1,Ciliated cell,1.0,celltypepilot
E7_B002014.gencode.vH29,2::4,Alveolar type 2 cell,1.0,celltypepilot
F3_B003141.gencode.vH29,2::1,Ciliated cell,1.0,celltypepilot
F4_B003142.gencode.vH29,2::1,Ciliated cell,1.0,celltypepilot
F5_B003136.gencode.vH29,2::1,Ciliated cell,1.0,celltypepilot
F7_B003135.gencode.vH29,2::1,Ciliated cell,1.0,celltypepilot
G1_B003139.gencode.vH29,2::1,Ciliated cell,1.0,celltypepilot
G10_B003139.gencode.vH29,2::4,Alveolar type 2 cell,1.0,celltypepilot
G11_B002385.gencode.vH29,2::1,Ciliated cell,1.0,celltypepilot
G2_B003141.gencode.vH29,2::1,Ciliated cell,1.0,celltypepilot
G4_B003139.gencode.vH29,2::1,Ciliated cell,1.0,celltypepilot
G6_B003141.gencode.vH29,2::1,Ciliated cell,1.0,celltypepilot
H10_B003139.gencode.vH29,2::1,Ciliated cell,1.0,celltypepilot
H12_B003140.gencode.vH29,2::1,Ciliated cell,1.0,celltypepilot
H2_B002383.gencode.vH29,2::1,Ciliated cell,1.0,celltypepilot
H2_B003142.gencode.vH29,2::4,Alveolar type 2 cell,1.0,celltypepilot
I12_B002386.gencode.vH29,2::1,Ciliated cell,1.0,celltypepilot
I13_B003141.gencode.vH29,2::1,Ciliated cell,1.0,celltypepilot
I2_B002383.gencode.vH29,2::4,Alveolar type 2 cell,1.0,celltypepilot
I8_B002014.gencode.vH29,2::1,Ciliated cell,1.0,celltypepilot
J1_B002383.gencode.vH29,2::1,Ciliated cell,1.0,celltypepilot
J10_B003135.gencode.vH29,2::4,Alveolar type 2 cell,1.0,celltypepilot
J10_B003141.gencode.vH29,2::4,Alveolar type 2 cell,1.0,celltypepilot
J11_B002386.gencode.vH29,2::1,Ciliated cell,1.0,celltypepilot
J2_B003137.gencode.vH29,2::4,Alveolar type 2 cell,1.0,celltypepilot
J3_B003138.gencode.vH29,2::1,Ciliated cell,1.0,celltypepilot
J3_B003139.gencode.vH29,2::4,Alveolar type 2 cell,1.0,celltypepilot
J6_B002385.gencode.vH29,2::4,Alveolar type 2 cell,1.0,celltypepilot
J6_B003136.gencode.vH29,2::1,Ciliated cell,1.0,celltypepilot
J9_B003141.gencode.vH29,2::1,Ciliated cell,1.0,celltypepilot
K1_B002014.gencode.vH29,2::4,Alveolar type 2 cell,1.0,celltypepilot
K12_B003141.gencode.vH29,2::1,Ciliated cell,1.0,celltypepilot
K3_B003136.gencode.vH29,2::1,Ciliated cell,1.0,celltypepilot
K4_B002385.gencode.vH29,2::1,Ciliated cell,1.0,celltypepilot
L5_B002385.gencode.vH29,2::1,Ciliated cell,1.0,celltypepilot
L6_B003137.gencode.vH29,2::1,Ciliated cell,1.0,celltypepilot
L7_B003141.gencode.vH29,2::1,Ciliated cell,1.0,celltypepilot
L9_B003141.gencode.vH29,2::4,Alveolar type 2 cell,1.0,celltypepilot
M2_B002383.gencode.vH29,2::1,Ciliated cell,1.0,celltypepilot
M8_B002385.gencode.vH29,2::1,Ciliated cell,1.0,celltypepilot
M8_B003136.gencode.vH29,2::1,Ciliated cell,1.0,celltypepilot
M8_B003139.gencode.vH29,2::1,Ciliated cell,1.0,celltypepilot
M8_B003140.gencode.vH29,2::4,Alveolar type 2 cell,1.0,celltypepilot
N1_B003139.gencode.vH29,2::4,Alveolar type 2 cell,1.0,celltypepilot
N2_B003141.gencode.vH29,2::1,Ciliated cell,1.0,celltypepilot
N3_B002382.gencode.vH29,2::1,Ciliated cell,1.0,celltypepilot
N3_B003142.gencode.vH29,2::1,Ciliated cell,1.0,celltypepilot
N5_B003140.gencode.vH29,2::1,Ciliated cell,1.0,celltypepilot
N8_B003136.gencode.vH29,2::4,Alveolar type 2 cell,1.0,celltypepilot
N9_B003142.gencode.vH29,2::1,Ciliated cell,1.0,celltypepilot
O11_B002382.gencode.vH29,2::1,Ciliated cell,1.0,celltypepilot
O11_B002385.gencode.vH29,2::1,Ciliated cell,1.0,celltypepilot
O2_B002383.gencode.vH29,2::1,Ciliated cell,1.0,celltypepilot
O3_B003140.gencode.vH29,2::1,Ciliated cell,1.0,celltypepilot
O9_B003135.gencode.vH29,2::1,Ciliated cell,1.0,celltypepilot
P11_B003141.gencode.vH29,2::1,Ciliated cell,1.0,celltypepilot
P12_B003142.gencode.vH29,2::1,Ciliated cell,1.0,celltypepilot
P3_B002385.gencode.vH29,2::1,Ciliated cell,1.0,celltypepilot
P8_B002014.gencode.vH29,2::4,Alveolar type 2 cell,1.0,celltypepilot
A14_B002014.gencode.vH29,2::5,Pericyte,1.0,celltypepilot
A14_B002382.gencode.vH29,2::5,Pericyte,1.0,celltypepilot
A14_B003138.gencode.vH29,2::5,Pericyte,1.0,celltypepilot
A16_B002014.gencode.vH29,2::5,Pericyte,1.0,celltypepilot
A17_B003135.gencode.vH29,2::5,Pericyte,1.0,celltypepilot
A18_B002014.gencode.vH29,2::5,Pericyte,1.0,celltypepilot
B14_B002386.gencode.vH29,2::5,Pericyte,1.0,celltypepilot
B16_B002385.gencode.vH29,2::5,Pericyte,1.0,celltypepilot
B16_B003141.gencode.vH29,2::5,Pericyte,1.0,celltypepilot
B17_B002382.gencode.vH29,2::5,Pericyte,1.0,celltypepilot
B18_B002386.gencode.vH29,2::5,Pericyte,1.0,celltypepilot
B18_B003137.gencode.vH29,2::5,Pericyte,1.0,celltypepilot
B20_B003135.gencode.vH29,2::5,Pericyte,1.0,celltypepilot
B3_B003137.gencode.vH29,2::5,Pericyte,1.0,celltypepilot
C14_B003138.gencode.vH29,2::5,Pericyte,1.0,celltypepilot
C15_B003139.gencode.vH29,2::5,Pericyte,1.0,celltypepilot
C15_B003141.gencode.vH29,2::5,Pericyte,1.0,celltypepilot
C16_B002014.gencode.vH29,2::5,Pericyte,1.0,celltypepilot
C17_B003138.gencode.vH29,2::5,Pericyte,1.0,celltypepilot
D16_B002382.gencode.vH29,2::5,Pericyte,1.0,celltypepilot
D17_B003135.gencode.vH29,2::5,Pericyte,1.0,celltypepilot
D18_B003138.gencode.vH29,2::5,Pericyte,1.0,celltypepilot
D19_B003137.gencode.vH29,2::5,Pericyte,1.0,celltypepilot
D20_B002014.gencode.vH29,2::5,Pericyte,1.0,celltypepilot
D3_B002014.gencode.vH29,2::5,Pericyte,1.0,celltypepilot
D3_B003137.gencode.vH29,2::5,Pericyte,1.0,celltypepilot
D3_B003138.gencode.vH29,2::5,Pericyte,1.0,celltypepilot
E14_B003138.gencode.vH29,2::5,Pericyte,1.0,celltypepilot
E15_B002383.gencode.vH29,2::5,Pericyte,1.0,celltypepilot
E16_B003136.gencode.vH29,2::5,Pericyte,1.0,celltypepilot
E16_B003137.gencode.vH29,2::5,Pericyte,1.0,celltypepilot
E18_B003136.gencode.vH29,2::5,Pericyte,1.0,celltypepilot
E18_B003137.gencode.vH29,2::5,Pericyte,1.0,celltypepilot
E19_B002382.gencode.vH29,2::5,Pericyte,1.0,celltypepilot
E19_B003136.gencode.vH29,2::5,Pericyte,1.0,celltypepilot
E20_B002385.gencode.vH29,2::5,Pericyte,1.0,celltypepilot
E20_B003135.gencode.vH29,2::5,Pericyte,1.0,celltypepilot
F13_B003138.gencode.vH29,2::5,Pericyte,1.0,celltypepilot
F14_B002386.gencode.vH29,2::5,Pericyte,1.0,celltypepilot
F14_B003138.gencode.vH29,2::5,Pericyte,1.0,celltypepilot
F15_B002014.gencode.vH29,2::5,Pericyte,1.0,celltypepilot
F16_B003137.gencode.vH29,2::5,Pericyte,1.0,celltypepilot
F17_B003137.gencode.vH29,2::5,Pericyte,1.0,celltypepilot
F18_B002382.gencode.vH29,2::5,Pericyte,1.0,celltypepilot
F19_B003138.gencode.vH29,2::5,Pericyte,1.0,celltypepilot
F20_B003135.gencode.vH29,2::5,Pericyte,1.0,celltypepilot
G12_B003137.gencode.vH29,2::5,Pericyte,1.0,celltypepilot
G17_B003136.gencode.vH29,2::5,Pericyte,1.0,celltypepilot
G17_B003138.gencode.vH29,2::5,Pericyte,1.0,celltypepilot
G8_B003135.gencode.vH29,2::5,Pericyte,1.0,celltypepilot
H15_B002382.gencode.vH29,2::5,Pericyte,1.0,celltypepilot
H15_B003138.gencode.vH29,2::5,Pericyte,1.0,celltypepilot
H17_B003139.gencode.vH29,2::5,Pericyte,1.0,celltypepilot
H19_B002386.gencode.vH29,2::5,Pericyte,1.0,celltypepilot
H19_B003137.gencode.vH29,2::5,Pericyte,1.0,celltypepilot
I14_B002382.gencode.vH29,2::5,Pericyte,1.0,celltypepilot
I14_B003136.gencode.vH29,2::5,Pericyte,1.0,celltypepilot
I16_B003137.gencode.vH29,2::5,Pericyte,1.0,celltypepilot
I17_B002386.gencode.vH29,2::5,Pericyte,1.0,celltypepilot
I18_B003135.gencode.vH29,2::5,Pericyte,1.0,celltypepilot
I19_B003138.gencode.vH29,2::5,Pericyte,1.0,celltypepilot
J1_B003137.gencode.vH29,2::5,Pericyte,1.0,celltypepilot
J17_B003140.gencode.vH29,2::5,Pericyte,1.0,celltypepilot
J17_B003141.gencode.vH29,2::5,Pericyte,1.0,celltypepilot
J18_B003140.gencode.vH29,2::5,Pericyte,1.0,celltypepilot
J19_B003138.gencode.vH29,2::5,Pericyte,1.0,celltypepilot
J4_B002014.gencode.vH29,2::5,Pericyte,1.0,celltypepilot
K1_B002386.gencode.vH29,2::5,Pericyte,1.0,celltypepilot
K1_B003138.gencode.vH29,2::5,Pericyte,1.0,celltypepilot
K13_B003138.gencode.vH29,2::5,Pericyte,1.0,celltypepilot
K15_B003138.gencode.vH29,2::5,Pericyte,1.0,celltypepilot
K20_B003135.gencode.vH29,2::5,Pericyte,1.0,celltypepilot
K7_B003135.gencode.vH29,2::5,Pericyte,1.0,celltypepilot
K7_B003137.gencode.vH29,2::5,Pericyte,1.0,celltypepilot
L1_B003138.gencode.vH29,2::5,Pericyte,1.0,celltypepilot
L14_B003138.gencode.vH29,2::5,Pericyte,1.0,celltypepilot
L15_B002385.gencode.vH29,2::5,Pericyte,1.0,celltypepilot
L15_B003137.gencode.vH29,2::5,Pericyte,1.0,celltypepilot
L19_B003135.gencode.vH29,2::5,Pericyte,1.0,celltypepilot
L4_B003142.gencode.vH29,2::5,Pericyte,1.0,celltypepilot
M15_B003139.gencode.vH29,2::5,Pericyte,1.0,celltypepilot
M18_B002383.gencode.vH29,2::5,Pericyte,1.0,celltypepilot
N1_B003138.gencode.vH29,2::5,Pericyte,1.0,celltypepilot
N11_B003136.gencode.vH29,2::5,Pericyte,1.0,celltypepilot
N14_B002014.gencode.vH29,2::5,Pericyte,1.0,celltypepilot
N14_B002383.gencode.vH29,2::5,Pericyte,1.0,celltypepilot
N14_B003137.gencode.vH29,2::5,Pericyte,1.0,celltypepilot
N17_B002382.gencode.vH29,2::5,Pericyte,1.0,celltypepilot
N18_B003135.gencode.vH29,2::5,Pericyte,1.0,celltypepilot
N18_B003137.gencode.vH29,2::5,Pericyte,1.0,celltypepilot
N19_B002383.gencode.vH29,2::5,Pericyte,1.0,celltypepilot
N19_B003136.gencode.vH29,2::5,Pericyte,1.0,celltypepilot
N20_B003135.gencode.vH29,2::5,Pericyte,1.0,celltypepilot
N20_B003139.gencode.vH29,2::5,Pericyte,1.0,celltypepilot
N3_B003135.gencode.vH29,2::5,Pericyte,1.0,celltypepilot
O12_B003135.gencode.vH29,2::5,Pericyte,1.0,celltypepilot
O14_B003137.gencode.vH29,2::5,Pericyte,1.0,celltypepilot
O15_B003136.gencode.vH29,2::5,Pericyte,1.0,celltypepilot
O16_B002014.gencode.vH29,2::5,Pericyte,1.0,celltypepilot
O17_B002383.gencode.vH29,2::5,Pericyte,1.0,celltypepilot
O18_B002386.gencode.vH29,2::5,Pericyte,1.0,celltypepilot
O5_B003135.gencode.vH29,2::5,Pericyte,1.0,celltypepilot
O9_B003137.gencode.vH29,2::5,Pericyte,1.0,celltypepilot
P14_B003138.gencode.vH29,2::5,Pericyte,1.0,celltypepilot
P17_B002014.gencode.vH29,2::5,Pericyte,1.0,celltypepilot
P7_B002014.gencode.vH29,2::5,Pericyte,1.0,celltypepilot
A14_B002383.gencode.vH29,2::0,Endothelial cell,1.0,celltypepilot
A19_B003141.gencode.vH29,2::0,Endothelial cell,1.0,celltypepilot
A5_B002383.gencode.vH29,2::0,Endothelial cell,1.0,celltypepilot
B14_B002385.gencode.vH29,2::2,Capillary endothelial cell,1.0,celltypepilot
B14_B003139.gencode.vH29,2::2,Capillary endothelial cell,1.0,celltypepilot
C10_B002386.gencode.vH29,2::0,Endothelial cell,1.0,celltypepilot
C16_B003137.gencode.vH29,2::1,Ciliated cell,1.0,celltypepilot
C16_B003142.gencode.vH29,2::0,Endothelial cell,1.0,celltypepilot
C17_B003142.gencode.vH29,2::0,Endothelial cell,1.0,celltypepilot
C6_B002385.gencode.vH29,2::0,Endothelial cell,1.0,celltypepilot
D12_B003140.gencode.vH29,2::0,Endothelial cell,1.0,celltypepilot
D14_B003139.gencode.vH29,2::0,Endothelial cell,1.0,celltypepilot
D15_B003141.gencode.vH29,2::0,Endothelial cell,1.0,celltypepilot
D16_B003142.gencode.vH29,2::0,Endothelial cell,1.0,celltypepilot
D17_B003142.gencode.vH29,2::2,Capillary endothelial cell,1.0,celltypepilot
E17_B003138.gencode.vH29,2::0,Endothelial cell,1.0,celltypepilot
E18_B003141.gencode.vH29,2::5,Pericyte,1.0,celltypepilot
E2_B002386.gencode.vH29,2::2,Capillary endothelial cell,1.0,celltypepilot
F13_B002385.gencode.vH29,2::0,Endothelial cell,1.0,celltypepilot
F17_B003139.gencode.vH29,2::0,Endothelial cell,1.0,celltypepilot
F18_B002386.gencode.vH29,2::5,Pericyte,1.0,celltypepilot
G12_B003140.gencode.vH29,2::0,Endothelial cell,1.0,celltypepilot
G13_B002014.gencode.vH29,2::0,Endothelial cell,1.0,celltypepilot
G14_B002382.gencode.vH29,2::5,Pericyte,1.0,celltypepilot
G14_B003139.gencode.vH29,2::2,Capillary endothelial cell,1.0,celltypepilot
G15_B002385.gencode.vH29,2::5,Pericyte,1.0,celltypepilot
G17_B002385.gencode.vH29,2::0,Endothelial cell,1.0,celltypepilot
G19_B003137.gencode.vH29,2::0,Endothelial cell,1.0,celltypepilot
G20_B003139.gencode.vH29,2::0,Endothelial cell,1.0,celltypepilot
H16_B003136.gencode.vH29,2::0,Endothelial cell,1.0,celltypepilot
H18_B003140.gencode.vH29,2::2,Capillary endothelial cell,1.0,celltypepilot
H20_B002382.gencode.vH29,2::2,Capillary endothelial cell,1.0,celltypepilot
H20_B003139.gencode.vH29,2::0,Endothelial cell,1.0,celltypepilot
I14_B002385.gencode.vH29,2::2,Capillary endothelial cell,1.0,celltypepilot
I16_B002385.gencode.vH29,2::2,Capillary endothelial cell,1.0,celltypepilot
I16_B003140.gencode.vH29,2::0,Endothelial cell,1.0,celltypepilot
I19_B002383.gencode.vH29,2::0,Endothelial cell,1.0,celltypepilot
I3_B003141.gencode.vH29,2::0,Endothelial cell,1.0,celltypepilot
I7_B003139.gencode.vH29,2::0,Endothelial cell,1.0,celltypepilot
J15_B002014.gencode.vH29,2::0,Endothelial cell,1.0,celltypepilot
J16_B002014.gencode.vH29,2::1,Ciliated cell,1.0,celltypepilot
J16_B003141.gencode.vH29,2::0,Endothelial cell,1.0,celltypepilot
J20_B002383.gencode.vH29,2::0,Endothelial cell,1.0,celltypepilot
J20_B003136.gencode.vH29,2::2,Capillary endothelial cell,1.0,celltypepilot
J20_B003140.gencode.vH29,2::0,Endothelial cell,1.0,celltypepilot
K10_B003142.gencode.vH29,2::0,Endothelial cell,1.0,celltypepilot
K12_B002385.gencode.vH29,2::0,Endothelial cell,1.0,celltypepilot
K14_B002382.gencode.vH29,2::0,Endothelial cell,1.0,celltypepilot
K14_B003139.gencode.vH29,2::0,Endothelial cell,1.0,celltypepilot
K17_B003136.gencode.vH29,2::5,Pericyte,1.0,celltypepilot
K19_B002385.gencode.vH29,2::2,Capillary endothelial cell,1.0,celltypepilot
K19_B002386.gencode.vH29,2::5,Pericyte,1.0,celltypepilot
K19_B003136.gencode.vH29,2::0,Endothelial cell,1.0,celltypepilot
K2_B003142.gencode.vH29,2::0,Endothelial cell,1.0,celltypepilot
K8_B002385.gencode.vH29,2::0,Endothelial cell,1.0,celltypepilot
K8_B003142.gencode.vH29,2::0,Endothelial cell,1.0,celltypepilot
L11_B002382.gencode.vH29,2::0,Endothelial cell,1.0,celltypepilot
L14_B002383.gencode.vH29,2::0,Endothelial cell,1.0,celltypepilot
L15_B002382.gencode.vH29,2::2,Capillary endothelial cell,1.0,celltypepilot
M15_B003141.gencode.vH29,2::0,Endothelial cell,1.0,celltypepilot
M17_B002386.gencode.vH29,2::0,Endothelial cell,1.0,celltypepilot
M18_B003141.gencode.vH29,2::0,Endothelial cell,1.0,celltypepilot
M19_B003140.gencode.vH29,2::0,Endothelial cell,1.0,celltypepilot
M20_B003137.gencode.vH29,2::5,Pericyte,1.0,celltypepilot
N13_B003139.gencode.vH29,2::0,Endothelial cell,1.0,celltypepilot
N13_B003142.gencode.vH29,2::0,Endothelial cell,1.0,celltypepilot
N15_B002014.gencode.vH29,2::0,Endothelial cell,1.0,celltypepilot
N4_B002382.gencode.vH29,2::0,Endothelial cell,1.0,celltypepilot
N4_B003136.gencode.vH29,2::0,Endothelial cell,1.0,celltypepilot
N8_B003142.gencode.vH29,2::0,Endothelial cell,1.0,celltypepilot
O14_B003140.gencode.vH29,2::0,Endothelial cell,1.0,celltypepilot
O18_B002382.gencode.vH29,2::0,Endothelial cell,1.0,celltypepilot
O3_B003136.gencode.vH29,2::0,Endothelial cell,1.0,celltypepilot
A14_B002386.gencode.vH29,2::5,Pericyte,1.0,celltypepilot
A14_B003136.gencode.vH29,2::5,Pericyte,1.0,celltypepilot
A14_B003140.gencode.vH29,2::5,Pericyte,1.0,celltypepilot
A15_B002386.gencode.vH29,2::5,Pericyte,1.0,celltypepilot
A15_B003135.gencode.vH29,2::5,Pericyte,1.0,celltypepilot
A15_B003136.gencode.vH29,2::5,Pericyte,1.0,celltypepilot
A15_B003141.gencode.vH29,2::5,Pericyte,1.0,celltypepilot
A16_B003138.gencode.vH29,2::5,Pericyte,1.0,celltypepilot
A16_B003141.gencode.vH29,2::5,Pericyte,1.0,celltypepilot
A17_B002386.gencode.vH29,2::5,Pericyte,1.0,celltypepilot
A18_B003136.gencode.vH29,2::5,Pericyte,1.0,celltypepilot
A18_B003138.gencode.vH29,2::5,Pericyte,1.0,celltypepilot
A19_B002386.gencode.vH29,2::5,Pericyte,1.0,celltypepilot
A19_B003135.gencode.vH29,2::5,Pericyte,1.0,celltypepilot
A19_B003138.gencode.vH29,2::5,Pericyte,1.0,celltypepilot
A20_B002382.gencode.vH29,2::5,Pericyte,1.0,celltypepilot
A20_B002386.gencode.vH29,2::5,Pericyte,1.0,celltypepilot
A20_B003135.gencode.vH29,2::5,Pericyte,1.0,celltypepilot
A23_B003141.gencode.vH29,2::5,Pericyte,1.0,celltypepilot
B14_B003137.gencode.vH29,2::5,Pericyte,1.0,celltypepilot
B15_B003136.gencode.vH29,2::5,Pericyte,1.0,celltypepilot
B15_B003137.gencode.vH29,2::5,Pericyte,1.0,celltypepilot
B16_B002383.gencode.vH29,2::5,Pericyte,1.0,celltypepilot
B16_B003135.gencode.vH29,2::5,Pericyte,1.0,celltypepilot
B16_B003136.gencode.vH29,2::5,Pericyte,1.0,celltypepilot
B17_B002386.gencode.vH29,2::5,Pericyte,1.0,celltypepilot
B17_B003135.gencode.vH29,2::5,Pericyte,1.0,celltypepilot
B17_B003136.gencode.vH29,2::5,Pericyte,1.0,celltypepilot
B18_B002382.gencode.vH29,2::2,Capillary endothelial cell,1.0,celltypepilot
B18_B003140.gencode.vH29,2::5,Pericyte,1.0,celltypepilot
B19_B003136.gencode.vH29,2::5,Pericyte,1.0,celltypepilot
B19_B003141.gencode.vH29,2::5,Pericyte,1.0,celltypepilot
B20_B002382.gencode.vH29,2::5,Pericyte,1.0,celltypepilot
B20_B003138.gencode.vH29,2::5,Pericyte,1.0,celltypepilot
C14_B002386.gencode.vH29,2::5,Pericyte,1.0,celltypepilot
C15_B002014.gencode.vH29,2::5,Pericyte,1.0,celltypepilot
C15_B002382.gencode.vH29,2::5,Pericyte,1.0,celltypepilot
C15_B002383.gencode.vH29,2::5,Pericyte,1.0,celltypepilot
C15_B002385.gencode.vH29,2::5,Pericyte,1.0,celltypepilot
C15_B003142.gencode.vH29,2::5,Pericyte,1.0,celltypepilot
C17_B002382.gencode.vH29,2::5,Pericyte,1.0,celltypepilot
C17_B003135.gencode.vH29,2::5,Pericyte,1.0,celltypepilot
C17_B003137.gencode.vH29,2::5,Pericyte,1.0,celltypepilot
C17_B003140.gencode.vH29,2::5,Pericyte,1.0,celltypepilot
C18_B002386.gencode.vH29,2::5,Pericyte,1.0,celltypepilot
C19_B003135.gencode.vH29,2::5,Pericyte,1.0,celltypepilot
C19_B003137.gencode.vH29,2::5,Pericyte,1.0,celltypepilot
C20_B003137.gencode.vH29,2::5,Pericyte,1.0,celltypepilot
C5_B002382.gencode.vH29,2::5,Pericyte,1.0,celltypepilot
D14_B003135.gencode.vH29,2::5,Pericyte,1.0,celltypepilot
D14_B003137.gencode.vH29,2::5,Pericyte,1.0,celltypepilot
D14_B003140.gencode.vH29,2::5,Pericyte,1.0,celltypepilot
D14_B003141.gencode.vH29,2::5,Pericyte,1.0,celltypepilot
D15_B002014.gencode.vH29,2::5,Pericyte,1.0,celltypepilot
D15_B003136.gencode.vH29,2::5,Pericyte,1.0,celltypepilot
D15_B003140.gencode.vH29,2::5,Pericyte,1.0,celltypepilot
D16_B002386.gencode.vH29,2::2,Capillary endothelial cell,1.0,celltypepilot
D16_B003135.gencode.vH29,2::5,Pericyte,1.0,celltypepilot
D17_B002382.gencode.vH29,2::5,Pericyte,1.0,celltypepilot
D17_B003140.gencode.vH29,2::5,Pericyte,1.0,celltypepilot
D17_B003141.gencode.vH29,2::5,Pericyte,1.0,celltypepilot
D18_B003140.gencode.vH29,2::5,Pericyte,1.0,celltypepilot
D19_B003135.gencode.vH29,2::5,Pericyte,1.0,celltypepilot
D19_B003142.gencode.vH29,2::5,Pericyte,1.0,celltypepilot
D8_B003140.gencode.vH29,2::5,Pericyte,1.0,celltypepilot
E15_B003135.gencode.vH29,2::5,Pericyte,1.0,celltypepilot
E15_B003137.gencode.vH29,2::5,Pericyte,1.0,celltypepilot
E15_B003142.gencode.vH29,2::5,Pericyte,1.0,celltypepilot
E16_B002385.gencode.vH29,2::5,Pericyte,1.0,celltypepilot
E16_B002386.gencode.vH29,2::5,Pericyte,1.0,celltypepilot
E17_B003135.gencode.vH29,2::5,Pericyte,1.0,celltypepilot
E17_B003137.gencode.vH29,2::5,Pericyte,1.0,celltypepilot
E17_B003140.gencode.vH29,2::5,Pericyte,1.0,celltypepilot
E18_B002382.gencode.vH29,2::5,Pericyte,1.0,celltypepilot
E18_B002385.gencode.vH29,2::5,Pericyte,1.0,celltypepilot
E18_B002386.gencode.vH29,2::5,Pericyte,1.0,celltypepilot
E18_B003135.gencode.vH29,2::5,Pericyte,1.0,celltypepilot
E19_B003138.gencode.vH29,2::5,Pericyte,1.0,celltypepilot
E19_B003140.gencode.vH29,2::5,Pericyte,1.0,celltypepilot
E19_B003142.gencode.vH29,2::5,Pericyte,1.0,celltypepilot
E20_B002382.gencode.vH29,2::5,Pericyte,1.0,celltypepilot
E20_B002386.gencode.vH29,2::5,Pericyte,1.0,celltypepilot
E20_B003137.gencode.vH29,2::5,Pericyte,1.0,celltypepilot
E20_B003141.gencode.vH29,2::5,Pericyte,1.0,celltypepilot
E9_B003137.gencode.vH29,2::5,Pericyte,1.0,celltypepilot
F14_B003135.gencode.vH29,2::5,Pericyte,1.0,celltypepilot
F14_B003136.gencode.vH29,2::5,Pericyte,1.0,celltypepilot
F15_B003135.gencode.vH29,2::5,Pericyte,1.0,celltypepilot
F15_B003137.gencode.vH29,2::5,Pericyte,1.0,celltypepilot
F15_B003141.gencode.vH29,2::5,Pericyte,1.0,celltypepilot
F16_B002382.gencode.vH29,2::5,Pericyte,1.0,celltypepilot
F16_B002385.gencode.vH29,2::5,Pericyte,1.0,celltypepilot
F18_B003137.gencode.vH29,2::5,Pericyte,1.0,celltypepilot
F18_B003142.gencode.vH29,2::5,Pericyte,1.0,celltypepilot
F19_B002385.gencode.vH29,2::5,Pericyte,1.0,celltypepilot
F20_B002386.gencode.vH29,2::5,Pericyte,1.0,celltypepilot
F20_B003136.gencode.vH29,2::5,Pericyte,1.0,celltypepilot
G14_B002385.gencode.vH29,2::5,Pericyte,1.0,celltypepilot
G14_B002386.gencode.vH29,2::5,Pericyte,1.0,celltypepilot
G14_B003141.gencode.vH29,2::5,Pericyte,1.0,celltypepilot
G15_B003136.gencode.vH29,2::5,Pericyte,1.0,celltypepilot
G15_B003141.gencode.vH29,2::5,Pericyte,1.0,celltypepilot
G16_B002382.gencode.vH29,2::5,Pericyte,1.0,celltypepilot
G16_B003135.gencode.vH29,2::5,Pericyte,1.0,celltypepilot
G16_B003140.gencode.vH29,2::5,Pericyte,1.0,celltypepilot
G16_B003142.gencode.vH29,2::5,Pericyte,1.0,celltypepilot
G17_B002382.gencode.vH29,2::5,Pericyte,1.0,celltypepilot
G17_B003137.gencode.vH29,2::5,Pericyte,1.0,celltypepilot
G17_B003140.gencode.vH29,2::5,Pericyte,1.0,celltypepilot
G18_B003137.gencode.vH29,2::5,Pericyte,1.0,celltypepilot
G18_B003141.gencode.vH29,2::5,Pericyte,1.0,celltypepilot
G19_B003136.gencode.vH29,2::5,Pericyte,1.0,celltypepilot
G19_B003139.gencode.vH29,2::5,Pericyte,1.0,celltypepilot
G19_B003140.gencode.vH29,2::5,Pericyte,1.0,celltypepilot
G20_B002014.gencode.vH29,2::5,Pericyte,1.0,celltypepilot
G20_B002382.gencode.vH29,2::5,Pericyte,1.0,celltypepilot
G20_B003137.gencode.vH29,2::5,Pericyte,1.0,celltypepilot
H14_B002385.gencode.vH29,2::5,Pericyte,1.0,celltypepilot
H14_B003135.gencode.vH29,2::5,Pericyte,1.0,celltypepilot
H14_B003136.gencode.vH29,2::5,Pericyte,1.0,celltypepilot
H14_B003137.gencode.vH29,2::5,Pericyte,1.0,celltypepilot
H14_B003140.gencode.vH29,2::5,Pericyte,1.0,celltypepilot
H15_B003135.gencode.vH29,2::5,Pericyte,1.0,celltypepilot
H17_B002382.gencode.vH29,2::5,Pericyte,1.0,celltypepilot
H17_B003135.gencode.vH29,2::5,Pericyte,1.0,celltypepilot
H17_B003136.gencode.vH29,2::5,Pericyte,1.0,celltypepilot
H18_B003136.gencode.vH29,2::5,Pericyte,1.0,celltypepilot
H18_B003137.gencode.vH29,2::5,Pericyte,1.0,celltypepilot
H19_B002385.gencode.vH29,2::5,Pericyte,1.0,celltypepilot
H19_B003135.gencode.vH29,2::5,Pericyte,1.0,celltypepilot
H19_B003136.gencode.vH29,2::5,Pericyte,1.0,celltypepilot
H19_B003142.gencode.vH29,2::5,Pericyte,1.0,celltypepilot
H20_B003137.gencode.vH29,2::5,Pericyte,1.0,celltypepilot
H4_B003138.gencode.vH29,2::5,Pericyte,1.0,celltypepilot
I14_B002386.gencode.vH29,2::5,Pericyte,1.0,celltypepilot
I14_B003137.gencode.vH29,2::5,Pericyte,1.0,celltypepilot
I15_B002385.gencode.vH29,2::5,Pericyte,1.0,celltypepilot
I15_B003142.gencode.vH29,2::5,Pericyte,1.0,celltypepilot
I16_B002383.gencode.vH29,2::5,Pericyte,1.0,celltypepilot
I16_B003136.gencode.vH29,2::5,Pericyte,1.0,celltypepilot
I16_B003141.gencode.vH29,2::5,Pericyte,1.0,celltypepilot
I17_B003135.gencode.vH29,2::5,Pericyte,1.0,celltypepilot
I17_B003137.gencode.vH29,2::5,Pericyte,1.0,celltypepilot
I17_B003141.gencode.vH29,2::5,Pericyte,1.0,celltypepilot
I18_B003136.gencode.vH29,2::5,Pericyte,1.0,celltypepilot
I18_B003140.gencode.vH29,2::5,Pericyte,1.0,celltypepilot
I19_B003137.gencode.vH29,2::5,Pericyte,1.0,celltypepilot
I19_B003141.gencode.vH29,2::5,Pericyte,1.0,celltypepilot
I20_B002382.gencode.vH29,2::5,Pericyte,1.0,celltypepilot
I20_B002385.gencode.vH29,2::5,Pericyte,1.0,celltypepilot
I20_B002386.gencode.vH29,2::5,Pericyte,1.0,celltypepilot
I20_B003137.gencode.vH29,2::5,Pericyte,1.0,celltypepilot
I7_B003137.gencode.vH29,2::5,Pericyte,1.0,celltypepilot
J14_B003141.gencode.vH29,2::5,Pericyte,1.0,celltypepilot
J15_B003136.gencode.vH29,2::5,Pericyte,1.0,celltypepilot
J16_B002383.gencode.vH29,2::5,Pericyte,1.0,celltypepilot
J16_B003136.gencode.vH29,2::5,Pericyte,1.0,celltypepilot
J16_B003142.gencode.vH29,2::5,Pericyte,1.0,celltypepilot
J17_B003142.gencode.vH29,2::5,Pericyte,1.0,celltypepilot
J18_B003135.gencode.vH29,2::5,Pericyte,1.0,celltypepilot
J18_B003137.gencode.vH29,2::5,Pericyte,1.0,celltypepilot
J18_B003142.gencode.vH29,2::5,Pericyte,1.0,celltypepilot
J19_B003135.gencode.vH29,2::5,Pericyte,1.0,celltypepilot
J19_B003140.gencode.vH29,2::5,Pericyte,1.0,celltypepilot
J19_B003142.gencode.vH29,2::5,Pericyte,1.0,celltypepilot
J20_B003135.gencode.vH29,2::5,Pericyte,1.0,celltypepilot
J20_B003138.gencode.vH29,2::5,Pericyte,1.0,celltypepilot
J4_B002382.gencode.vH29,2::5,Pericyte,1.0,celltypepilot
K14_B003142.gencode.vH29,2::5,Pericyte,1.0,celltypepilot
K15_B002382.gencode.vH29,2::5,Pericyte,1.0,celltypepilot
K15_B003142.gencode.vH29,2::5,Pericyte,1.0,celltypepilot
K16_B003137.gencode.vH29,2::5,Pericyte,1.0,celltypepilot
K16_B003140.gencode.vH29,2::5,Pericyte,1.0,celltypepilot
K16_B003141.gencode.vH29,2::5,Pericyte,1.0,celltypepilot
K17_B002386.gencode.vH29,2::5,Pericyte,1.0,celltypepilot
K17_B003137.gencode.vH29,2::5,Pericyte,1.0,celltypepilot
K17_B003142.gencode.vH29,2::5,Pericyte,1.0,celltypepilot
K18_B002385.gencode.vH29,2::5,Pericyte,1.0,celltypepilot
K18_B003135.gencode.vH29,2::5,Pericyte,1.0,celltypepilot
K18_B003137.gencode.vH29,2::5,Pericyte,1.0,celltypepilot
K19_B003135.gencode.vH29,2::5,Pericyte,1.0,celltypepilot
K20_B003136.gencode.vH29,2::5,Pericyte,1.0,celltypepilot
K4_B003140.gencode.vH29,2::5,Pericyte,1.0,celltypepilot
L14_B002385.gencode.vH29,2::5,Pericyte,1.0,celltypepilot
L15_B003136.gencode.vH29,2::5,Pericyte,1.0,celltypepilot
L16_B003141.gencode.vH29,2::5,Pericyte,1.0,celltypepilot
L17_B002385.gencode.vH29,2::5,Pericyte,1.0,celltypepilot
L17_B003135.gencode.vH29,2::5,Pericyte,1.0,celltypepilot
L17_B003136.gencode.vH29,2::5,Pericyte,1.0,celltypepilot
L17_B003141.gencode.vH29,2::5,Pericyte,1.0,celltypepilot
L18_B003137.gencode.vH29,2::5,Pericyte,1.0,celltypepilot
L18_B003140.gencode.vH29,2::5,Pericyte,1.0,celltypepilot
L19_B003142.gencode.vH29,2::5,Pericyte,1.0,celltypepilot
L20_B002382.gencode.vH29,2::5,Pericyte,1.0,celltypepilot
L20_B002385.gencode.vH29,2::5,Pericyte,1.0,celltypepilot
L20_B002386.gencode.vH29,2::5,Pericyte,1.0,celltypepilot
L20_B003135.gencode.vH29,2::5,Pericyte,1.0,celltypepilot
L20_B003137.gencode.vH29,2::5,Pericyte,1.0,celltypepilot
M14_B002382.gencode.vH29,2::5,Pericyte,1.0,celltypepilot
M14_B003140.gencode.vH29,2::5,Pericyte,1.0,celltypepilot
M15_B002386.gencode.vH29,2::5,Pericyte,1.0,celltypepilot
M16_B003135.gencode.vH29,2::5,Pericyte,1.0,celltypepilot
M16_B003142.gencode.vH29,2::5,Pericyte,1.0,celltypepilot
M17_B002385.gencode.vH29,2::5,Pericyte,1.0,celltypepilot
M17_B003137.gencode.vH29,2::5,Pericyte,1.0,celltypepilot
M18_B002382.gencode.vH29,2::5,Pericyte,1.0,celltypepilot
M18_B002385.gencode.vH29,2::5,Pericyte,1.0,celltypepilot
M18_B002386.gencode.vH29,2::5,Pericyte,1.0,celltypepilot
M19_B002386.gencode.vH29,2::5,Pericyte,1.0,celltypepilot
M19_B003135.gencode.vH29,2::5,Pericyte,1.0,celltypepilot
M19_B003137.gencode.vH29,2::5,Pericyte,1.0,celltypepilot
M20_B003135.gencode.vH29,2::5,Pericyte,1.0,celltypepilot
M20_B003142.gencode.vH29,2::5,Pericyte,1.0,celltypepilot
N14_B003135.gencode.vH29,2::5,Pericyte,1.0,celltypepilot
N15_B002382.gencode.vH29,2::5,Pericyte,1.0,celltypepilot
N15_B003135.gencode.vH29,2::5,Pericyte,1.0,celltypepilot
N15_B003138.gencode.vH29,2::2,Capillary endothelial cell,1.0,celltypepilot
N15_B003140.gencode.vH29,2::5,Pericyte,1.0,celltypepilot
N16_B002014.gencode.vH29,2::5,Pericyte,1.0,celltypepilot
N16_B003137.gencode.vH29,2::5,Pericyte,1.0,celltypepilot
N16_B003140.gencode.vH29,2::5,Pericyte,1.0,celltypepilot
N17_B003137.gencode.vH29,2::5,Pericyte,1.0,celltypepilot
N17_B003140.gencode.vH29,2::5,Pericyte,1.0,celltypepilot
N17_B003141.gencode.vH29,2::5,Pericyte,1.0,celltypepilot
N18_B002382.gencode.vH29,2::5,Pericyte,1.0,celltypepilot
N18_B003142.gencode.vH29,2::5,Pericyte,1.0,celltypepilot
N19_B002385.gencode.vH29,2::5,Pericyte,1.0,celltypepilot
N19_B003137.gencode.vH29,2::5,Pericyte,1.0,celltypepilot
N20_B003141.gencode.vH29,2::5,Pericyte,1.0,celltypepilot
O14_B003135.gencode.vH29,2::5,Pericyte,1.0,celltypepilot
O17_B002385.gencode.vH29,2::5,Pericyte,1.0,celltypepilot
O17_B003138.gencode.vH29,2::5,Pericyte,1.0,celltypepilot
O18_B003137.gencode.vH29,2::5,Pericyte,1.0,celltypepilot
O18_B003138.gencode.vH29,2::5,Pericyte,1.0,celltypepilot
O18_B003142.gencode.vH29,2::5,Pericyte,1.0,celltypepilot
O19_B003136.gencode.vH29,2::5,Pericyte,1.0,celltypepilot
O19_B003140.gencode.vH29,2::5,Pericyte,1.0,celltypepilot
O19_B003141.gencode.vH29,2::5,Pericyte,1.0,celltypepilot
O20_B002382.gencode.vH29,2::5,Pericyte,1.0,celltypepilot
O20_B002385.gencode.vH29,2::5,Pericyte,1.0,celltypepilot
O20_B003135.gencode.vH29,2::5,Pericyte,1.0,celltypepilot
O20_B003138.gencode.vH29,2::5,Pericyte,1.0,celltypepilot
P14_B003142.gencode.vH29,2::5,Pericyte,1.0,celltypepilot
P15_B003137.gencode.vH29,2::5,Pericyte,1.0,celltypepilot
P16_B002382.gencode.vH29,2::5,Pericyte,1.0,celltypepilot
P16_B003137.gencode.vH29,2::5,Pericyte,1.0,celltypepilot
P17_B002385.gencode.vH29,2::5,Pericyte,1.0,celltypepilot
P18_B002014.gencode.vH29,2::5,Pericyte,1.0,celltypepilot
P18_B003137.gencode.vH29,2::5,Pericyte,1.0,celltypepilot
P18_B003141.gencode.vH29,2::5,Pericyte,1.0,celltypepilot
P19_B002382.gencode.vH29,2::5,Pericyte,1.0,celltypepilot
P19_B002385.gencode.vH29,2::5,Pericyte,1.0,celltypepilot
P19_B003137.gencode.vH29,2::5,Pericyte,1.0,celltypepilot
P19_B003138.gencode.vH29,2::5,Pericyte,1.0,celltypepilot
P19_B003141.gencode.vH29,2::5,Pericyte,1.0,celltypepilot
P2_B002385.gencode.vH29,2::5,Pericyte,1.0,celltypepilot
P20_B003140.gencode.vH29,2::5,Pericyte,1.0,celltypepilot
A14_B003141.gencode.vH29,2::2,Capillary endothelial cell,1.0,celltypepilot
A18_B002386.gencode.vH29,2::2,Capillary endothelial cell,1.0,celltypepilot
A19_B002383.gencode.vH29,2::2,Capillary endothelial cell,1.0,celltypepilot
A6_B002382.gencode.vH29,2::2,Capillary endothelial cell,1.0,celltypepilot
B14_B003136.gencode.vH29,2::2,Capillary endothelial cell,1.0,celltypepilot
B15_B003138.gencode.vH29,2::2,Capillary endothelial cell,1.0,celltypepilot
B15_B003140.gencode.vH29,2::2,Capillary endothelial cell,1.0,celltypepilot
B17_B003141.gencode.vH29,2::2,Capillary endothelial cell,1.0,celltypepilot
B18_B003141.gencode.vH29,2::2,Capillary endothelial cell,1.0,celltypepilot
B19_B002386.gencode.vH29,2::2,Capillary endothelial cell,1.0,celltypepilot
B19_B003137.gencode.vH29,2::2,Capillary endothelial cell,1.0,celltypepilot
B20_B003140.gencode.vH29,2::2,Capillary endothelial cell,1.0,celltypepilot
B20_B003142.gencode.vH29,2::2,Capillary endothelial cell,1.0,celltypepilot
B3_B003142.gencode.vH29,2::2,Capillary endothelial cell,1.0,celltypepilot
B5_B003136.gencode.vH29,2::2,Capillary endothelial cell,1.0,celltypepilot
B7_B003140.gencode.vH29,2::2,Capillary endothelial cell,1.0,celltypepilot
C14_B003135.gencode.vH29,2::2,Capillary endothelial cell,1.0,celltypepilot
C14_B003141.gencode.vH29,2::2,Capillary endothelial cell,1.0,celltypepilot
C14_B003142.gencode.vH29,2::2,Capillary endothelial cell,1.0,celltypepilot
C15_B002386.gencode.vH29,2::2,Capillary endothelial cell,1.0,celltypepilot
C15_B003135.gencode.vH29,2::2,Capillary endothelial cell,1.0,celltypepilot
C15_B003136.gencode.vH29,2::2,Capillary endothelial cell,1.0,celltypepilot
C16_B002382.gencode.vH29,2::2,Capillary endothelial cell,1.0,celltypepilot
C16_B002385.gencode.vH29,2::2,Capillary endothelial cell,1.0,celltypepilot
C16_B002386.gencode.vH29,2::2,Capillary endothelial cell,1.0,celltypepilot
C16_B003135.gencode.vH29,2::2,Capillary endothelial cell,1.0,celltypepilot
C16_B003136.gencode.vH29,2::2,Capillary endothelial cell,1.0,celltypepilot
C17_B003136.gencode.vH29,2::2,Capillary endothelial cell,1.0,celltypepilot
C18_B003140.gencode.vH29,2::2,Capillary endothelial cell,1.0,celltypepilot
C19_B002386.gencode.vH29,2::2,Capillary endothelial cell,1.0,celltypepilot
C19_B003141.gencode.vH29,2::2,Capillary endothelial cell,1.0,celltypepilot
C20_B002382.gencode.vH29,2::2,Capillary endothelial cell,1.0,celltypepilot
C20_B002386.gencode.vH29,2::2,Capillary endothelial cell,1.0,celltypepilot
C20_B003136.gencode.vH29,2::2,Capillary endothelial cell,1.0,celltypepilot
C20_B003141.gencode.vH29,2::2,Capillary endothelial cell,1.0,celltypepilot
C20_B003142.gencode.vH29,2::2,Capillary endothelial cell,1.0,celltypepilot
C5_B003141.gencode.vH29,2::2,Capillary endothelial cell,1.0,celltypepilot
D10_B003135.gencode.vH29,2::2,Capillary endothelial cell,1.0,celltypepilot
D10_B003140.gencode.vH29,2::2,Capillary endothelial cell,1.0,celltypepilot
D14_B002382.gencode.vH29,2::2,Capillary endothelial cell,1.0,celltypepilot
D14_B002386.gencode.vH29,2::2,Capillary endothelial cell,1.0,celltypepilot
D14_B003136.gencode.vH29,2::2,Capillary endothelial cell,1.0,celltypepilot
D14_B003142.gencode.vH29,2::2,Capillary endothelial cell,1.0,celltypepilot
D15_B003135.gencode.vH29,2::2,Capillary endothelial cell,1.0,celltypepilot
D16_B003136.gencode.vH29,2::2,Capillary endothelial cell,1.0,celltypepilot
D16_B003137.gencode.vH29,2::2,Capillary endothelial cell,1.0,celltypepilot
D17_B003136.gencode.vH29,2::2,Capillary endothelial cell,1.0,celltypepilot
D18_B002382.gencode.vH29,2::2,Capillary endothelial cell,1.0,celltypepilot
D18_B002386.gencode.vH29,2::2,Capillary endothelial cell,1.0,celltypepilot
D18_B003136.gencode.vH29,2::2,Capillary endothelial cell,1.0,celltypepilot
D18_B003142.gencode.vH29,2::2,Capillary endothelial cell,1.0,celltypepilot
D19_B002382.gencode.vH29,2::2,Capillary endothelial cell,1.0,celltypepilot
D19_B002385.gencode.vH29,2::2,Capillary endothelial cell,1.0,celltypepilot
D19_B003136.gencode.vH29,2::2,Capillary endothelial cell,1.0,celltypepilot
D20_B002385.gencode.vH29,2::2,Capillary endothelial cell,1.0,celltypepilot
D20_B003135.gencode.vH29,2::2,Capillary endothelial cell,1.0,celltypepilot
D4_B002386.gencode.vH29,2::0,Endothelial cell,1.0,celltypepilot
E11_B003140.gencode.vH29,2::2,Capillary endothelial cell,1.0,celltypepilot
E13_B002385.gencode.vH29,2::2,Capillary endothelial cell,1.0,celltypepilot
E14_B002386.gencode.vH29,2::2,Capillary endothelial cell,1.0,celltypepilot
E14_B003140.gencode.vH29,2::2,Capillary endothelial cell,1.0,celltypepilot
E14_B003142.gencode.vH29,2::2,Capillary endothelial cell,1.0,celltypepilot
E15_B002385.gencode.vH29,2::2,Capillary endothelial cell,1.0,celltypepilot
E16_B002382.gencode.vH29,2::2,Capillary endothelial cell,1.0,celltypepilot
E16_B003141.gencode.vH29,2::2,Capillary endothelial cell,1.0,celltypepilot
E18_B003140.gencode.vH29,2::2,Capillary endothelial cell,1.0,celltypepilot
E19_B003141.gencode.vH29,2::2,Capillary endothelial cell,1.0,celltypepilot
E5_B002386.gencode.vH29,2::2,Capillary endothelial cell,1.0,celltypepilot
E7_B003142.gencode.vH29,2::2,Capillary endothelial cell,1.0,celltypepilot
E9_B002386.gencode.vH29,2::2,Capillary endothelial cell,1.0,celltypepilot
F13_B002382.gencode.vH29,2::2,Capillary endothelial cell,1.0,celltypepilot
F14_B002385.gencode.vH29,2::2,Capillary endothelial cell,1.0,celltypepilot
F14_B003140.gencode.vH29,2::2,Capillary endothelial cell,1.0,celltypepilot
F14_B003142.gencode.vH29,2::2,Capillary endothelial cell,1.0,celltypepilot
F15_B002382.gencode.vH29,2::2,Capillary endothelial cell,1.0,celltypepilot
F15_B002385.gencode.vH29,2::0,Endothelial cell,1.0,celltypepilot
F15_B002386.gencode.vH29,2::2,Capillary endothelial cell,1.0,celltypepilot
F15_B003139.gencode.vH29,2::2,Capillary endothelial cell,1.0,celltypepilot
F16_B003135.gencode.vH29,2::2,Capillary endothelial cell,1.0,celltypepilot
F16_B003136.gencode.vH29,2::2,Capillary endothelial cell,1.0,celltypepilot
F16_B003139.gencode.vH29,2::2,Capillary endothelial cell,1.0,celltypepilot
F17_B003136.gencode.vH29,2::2,Capillary endothelial cell,1.0,celltypepilot
F17_B003140.gencode.vH29,2::2,Capillary endothelial cell,1.0,celltypepilot
F17_B003141.gencode.vH29,2::2,Capillary endothelial cell,1.0,celltypepilot
F19_B002386.gencode.vH29,2::2,Capillary endothelial cell,1.0,celltypepilot
F19_B003135.gencode.vH29,2::2,Capillary endothelial cell,1.0,celltypepilot
F19_B003137.gencode.vH29,2::2,Capillary endothelial cell,1.0,celltypepilot
F20_B002385.gencode.vH29,2::2,Capillary endothelial cell,1.0,celltypepilot
F20_B003141.gencode.vH29,2::2,Capillary endothelial cell,1.0,celltypepilot
F8_B003142.gencode.vH29,2::2,Capillary endothelial cell,1.0,celltypepilot
G13_B003141.gencode.vH29,2::2,Capillary endothelial cell,1.0,celltypepilot
G15_B003137.gencode.vH29,2::2,Capillary endothelial cell,1.0,celltypepilot
G16_B002385.gencode.vH29,2::2,Capillary endothelial cell,1.0,celltypepilot
G16_B003136.gencode.vH29,2::2,Capillary endothelial cell,1.0,celltypepilot
G16_B003137.gencode.vH29,2::2,Capillary endothelial cell,1.0,celltypepilot
G17_B003135.gencode.vH29,2::2,Capillary endothelial cell,1.0,celltypepilot
G18_B002382.gencode.vH29,2::2,Capillary endothelial cell,1.0,celltypepilot
G18_B003135.gencode.vH29,2::2,Capillary endothelial cell,1.0,celltypepilot
G18_B003142.gencode.vH29,2::2,Capillary endothelial cell,1.0,celltypepilot
G19_B002385.gencode.vH29,2::2,Capillary endothelial cell,1.0,celltypepilot
G2_B003136.gencode.vH29,2::2,Capillary endothelial cell,1.0,celltypepilot
G20_B002385.gencode.vH29,2::2,Capillary endothelial cell,1.0,celltypepilot
G20_B002386.gencode.vH29,2::2,Capillary endothelial cell,1.0,celltypepilot
G20_B003135.gencode.vH29,2::2,Capillary endothelial cell,1.0,celltypepilot
G20_B003141.gencode.vH29,2::0,Endothelial cell,1.0,celltypepilot
G8_B003140.gencode.vH29,2::0,Endothelial cell,1.0,celltypepilot
H14_B003142.gencode.vH29,2::2,Capillary endothelial cell,1.0,celltypepilot
H15_B002385.gencode.vH29,2::2,Capillary endothelial cell,1.0,celltypepilot
H15_B002386.gencode.vH29,2::2,Capillary endothelial cell,1.0,celltypepilot
H15_B003136.gencode.vH29,2::2,Capillary endothelial cell,1.0,celltypepilot
H16_B002386.gencode.vH29,2::2,Capillary endothelial cell,1.0,celltypepilot
H17_B003142.gencode.vH29,2::2,Capillary endothelial cell,1.0,celltypepilot
H18_B002386.gencode.vH29,2::2,Capillary endothelial cell,1.0,celltypepilot
H18_B003142.gencode.vH29,2::2,Capillary endothelial cell,1.0,celltypepilot
H20_B002386.gencode.vH29,2::2,Capillary endothelial cell,1.0,celltypepilot
H20_B003141.gencode.vH29,2::2,Capillary endothelial cell,1.0,celltypepilot
H5_B003140.gencode.vH29,2::2,Capillary endothelial cell,1.0,celltypepilot
I1_B002386.gencode.vH29,2::2,Capillary endothelial cell,1.0,celltypepilot
I1_B003136.gencode.vH29,2::2,Capillary endothelial cell,1.0,celltypepilot
I10_B003142.gencode.vH29,2::2,Capillary endothelial cell,1.0,celltypepilot
I13_B002385.gencode.vH29,2::2,Capillary endothelial cell,1.0,celltypepilot
I15_B002382.gencode.vH29,2::2,Capillary endothelial cell,1.0,celltypepilot
I15_B002386.gencode.vH29,2::2,Capillary endothelial cell,1.0,celltypepilot
I15_B003135.gencode.vH29,2::2,Capillary endothelial cell,1.0,celltypepilot
I16_B002386.gencode.vH29,2::2,Capillary endothelial cell,1.0,celltypepilot
I17_B002382.gencode.vH29,2::2,Capillary endothelial cell,1.0,celltypepilot
I18_B003137.gencode.vH29,2::2,Capillary endothelial cell,1.0,celltypepilot
I18_B003139.gencode.vH29,2::2,Capillary endothelial cell,1.0,celltypepilot
I18_B003141.gencode.vH29,2::2,Capillary endothelial cell,1.0,celltypepilot
I19_B002385.gencode.vH29,2::2,Capillary endothelial cell,1.0,celltypepilot
I19_B002386.gencode.vH29,2::2,Capillary endothelial cell,1.0,celltypepilot
I8_B003140.gencode.vH29,2::2,Capillary endothelial cell,1.0,celltypepilot
J14_B003135.gencode.vH29,2::2,Capillary endothelial cell,1.0,celltypepilot
J15_B003140.gencode.vH29,2::2,Capillary endothelial cell,1.0,celltypepilot
J16_B002386.gencode.vH29,2::2,Capillary endothelial cell,1.0,celltypepilot
J17_B002385.gencode.vH29,2::2,Capillary endothelial cell,1.0,celltypepilot
J17_B002386.gencode.vH29,2::2,Capillary endothelial cell,1.0,celltypepilot
J17_B003136.gencode.vH29,2::2,Capillary endothelial cell,1.0,celltypepilot
J17_B003137.gencode.vH29,2::2,Capillary endothelial cell,1.0,celltypepilot
J18_B002382.gencode.vH29,2::2,Capillary endothelial cell,1.0,celltypepilot
J18_B002385.gencode.vH29,2::2,Capillary endothelial cell,1.0,celltypepilot
J18_B002386.gencode.vH29,2::2,Capillary endothelial cell,1.0,celltypepilot
J18_B003139.gencode.vH29,2::2,Capillary endothelial cell,1.0,celltypepilot
J19_B003141.gencode.vH29,2::2,Capillary endothelial cell,1.0,celltypepilot
J20_B002386.gencode.vH29,2::2,Capillary endothelial cell,1.0,celltypepilot
J6_B002382.gencode.vH29,2::2,Capillary endothelial cell,1.0,celltypepilot
K11_B003136.gencode.vH29,2::2,Capillary endothelial cell,1.0,celltypepilot
K11_B003141.gencode.vH29,2::2,Capillary endothelial cell,1.0,celltypepilot
K14_B002386.gencode.vH29,2::2,Capillary endothelial cell,1.0,celltypepilot
K14_B003136.gencode.vH29,2::2,Capillary endothelial cell,1.0,celltypepilot
K14_B003141.gencode.vH29,2::2,Capillary endothelial cell,1.0,celltypepilot
K15_B002386.gencode.vH29,2::2,Capillary endothelial cell,1.0,celltypepilot
K16_B002386.gencode.vH29,2::2,Capillary endothelial cell,1.0,celltypepilot
K16_B003142.gencode.vH29,2::2,Capillary endothelial cell,1.0,celltypepilot
K17_B002382.gencode.vH29,2::2,Capillary endothelial cell,1.0,celltypepilot
K17_B002385.gencode.vH29,2::2,Capillary endothelial cell,1.0,celltypepilot
K17_B003141.gencode.vH29,2::2,Capillary endothelial cell,1.0,celltypepilot
K18_B002386.gencode.vH29,2::2,Capillary endothelial cell,1.0,celltypepilot
K18_B003141.gencode.vH29,2::2,Capillary endothelial cell,1.0,celltypepilot
K19_B003141.gencode.vH29,2::2,Capillary endothelial cell,1.0,celltypepilot
K20_B002385.gencode.vH29,2::2,Capillary endothelial cell,1.0,celltypepilot
K3_B003141.gencode.vH29,2::2,Capillary endothelial cell,1.0,celltypepilot
L14_B003136.gencode.vH29,2::2,Capillary endothelial cell,1.0,celltypepilot
L15_B003141.gencode.vH29,2::2,Capillary endothelial cell,1.0,celltypepilot
L16_B002386.gencode.vH29,2::2,Capillary endothelial cell,1.0,celltypepilot
L17_B002382.gencode.vH29,2::2,Capillary endothelial cell,1.0,celltypepilot
L19_B002386.gencode.vH29,2::2,Capillary endothelial cell,1.0,celltypepilot
L19_B003136.gencode.vH29,2::2,Capillary endothelial cell,1.0,celltypepilot
L20_B003136.gencode.vH29,2::2,Capillary endothelial cell,1.0,celltypepilot
L20_B003142.gencode.vH29,2::2,Capillary endothelial cell,1.0,celltypepilot
L6_B002385.gencode.vH29,2::2,Capillary endothelial cell,1.0,celltypepilot
L8_B003135.gencode.vH29,2::2,Capillary endothelial cell,1.0,celltypepilot
L9_B002382.gencode.vH29,2::0,Endothelial cell,1.0,celltypepilot
M11_B003142.gencode.vH29,2::2,Capillary endothelial cell,1.0,celltypepilot
M14_B003137.gencode.vH29,2::2,Capillary endothelial cell,1.0,celltypepilot
M14_B003142.gencode.vH29,2::2,Capillary endothelial cell,1.0,celltypepilot
M15_B002385.gencode.vH29,2::2,Capillary endothelial cell,1.0,celltypepilot
M15_B003142.gencode.vH29,2::2,Capillary endothelial cell,1.0,celltypepilot
M16_B002386.gencode.vH29,2::2,Capillary endothelial cell,1.0,celltypepilot
M17_B003136.gencode.vH29,2::2,Capillary endothelial cell,1.0,celltypepilot
M17_B003140.gencode.vH29,2::2,Capillary endothelial cell,1.0,celltypepilot
M18_B003136.gencode.vH29,2::2,Capillary endothelial cell,1.0,celltypepilot
M19_B002382.gencode.vH29,2::2,Capillary endothelial cell,1.0,celltypepilot
M2_B003140.gencode.vH29,2::2,Capillary endothelial cell,1.0,celltypepilot
M4_B003136.gencode.vH29,2::2,Capillary endothelial cell,1.0,celltypepilot
N14_B002385.gencode.vH29,2::2,Capillary endothelial cell,1.0,celltypepilot
N15_B002386.gencode.vH29,2::2,Capillary endothelial cell,1.0,celltypepilot
N16_B002382.gencode.vH29,2::2,Capillary endothelial cell,1.0,celltypepilot
N16_B002386.gencode.vH29,2::2,Capillary endothelial cell,1.0,celltypepilot
N16_B003142.gencode.vH29,2::2,Capillary endothelial cell,1.0,celltypepilot
N19_B003140.gencode.vH29,2::2,Capillary endothelial cell,1.0,celltypepilot
N19_B003141.gencode.vH29,2::2,Capillary endothelial cell,1.0,celltypepilot
N20_B002385.gencode.vH29,2::2,Capillary endothelial cell,1.0,celltypepilot
N20_B003136.gencode.vH29,2::2,Capillary endothelial cell,1.0,celltypepilot
N4_B002386.gencode.vH29,2::2,Capillary endothelial cell,1.0,celltypepilot
N5_B003136.gencode.vH29,2::2,Capillary endothelial cell,1.0,celltypepilot
N6_B003136.gencode.vH29,2::2,Capillary endothelial cell,1.0,celltypepilot
O14_B003136.gencode.vH29,2::2,Capillary endothelial cell,1.0,celltypepilot
O14_B003142.gencode.vH29,2::2,Capillary endothelial cell,1.0,celltypepilot
O15_B002382.gencode.vH29,2::2,Capillary endothelial cell,1.0,celltypepilot
O15_B002385.gencode.vH29,2::2,Capillary endothelial cell,1.0,celltypepilot
O15_B002386.gencode.vH29,2::2,Capillary endothelial cell,1.0,celltypepilot
O15_B003138.gencode.vH29,2::2,Capillary endothelial cell,1.0,celltypepilot
O15_B003141.gencode.vH29,2::2,Capillary endothelial cell,1.0,celltypepilot
O16_B002385.gencode.vH29,2::2,Capillary endothelial cell,1.0,celltypepilot
O16_B003135.gencode.vH29,2::2,Capillary endothelial cell,1.0,celltypepilot
O16_B003141.gencode.vH29,2::2,Capillary endothelial cell,1.0,celltypepilot
O17_B003142.gencode.vH29,2::2,Capillary endothelial cell,1.0,celltypepilot
O18_B002385.gencode.vH29,2::2,Capillary endothelial cell,1.0,celltypepilot
O18_B003135.gencode.vH29,2::2,Capillary endothelial cell,1.0,celltypepilot
O19_B002385.gencode.vH29,2::2,Capillary endothelial cell,1.0,celltypepilot
O19_B002386.gencode.vH29,2::2,Capillary endothelial cell,1.0,celltypepilot
O19_B003138.gencode.vH29,2::2,Capillary endothelial cell,1.0,celltypepilot
O20_B002386.gencode.vH29,2::2,Capillary endothelial cell,1.0,celltypepilot
O20_B003137.gencode.vH29,2::2,Capillary endothelial cell,1.0,celltypepilot
O3_B003141.gencode.vH29,2::2,Capillary endothelial cell,1.0,celltypepilot
O4_B002383.gencode.vH29,2::2,Capillary endothelial cell,1.0,celltypepilot
O4_B003142.gencode.vH29,2::2,Capillary endothelial cell,1.0,celltypepilot
O5_B002386.gencode.vH29,2::2,Capillary endothelial cell,1.0,celltypepilot
O5_B003142.gencode.vH29,2::2,Capillary endothelial cell,1.0,celltypepilot
O7_B002386.gencode.vH29,2::2,Capillary endothelial cell,1.0,celltypepilot
P14_B003136.gencode.vH29,2::2,Capillary endothelial cell,1.0,celltypepilot
P14_B003137.gencode.vH29,2::2,Capillary endothelial cell,1.0,celltypepilot
P15_B002382.gencode.vH29,2::2,Capillary endothelial cell,1.0,celltypepilot
P15_B002386.gencode.vH29,2::2,Capillary endothelial cell,1.0,celltypepilot
P15_B003142.gencode.vH29,2::2,Capillary endothelial cell,1.0,celltypepilot
P16_B002386.gencode.vH29,2::2,Capillary endothelial cell,1.0,celltypepilot
P16_B003136.gencode.vH29,2::2,Capillary endothelial cell,1.0,celltypepilot
P16_B003142.gencode.vH29,2::2,Capillary endothelial cell,1.0,celltypepilot
P17_B003137.gencode.vH29,2::2,Capillary endothelial cell,1.0,celltypepilot
P18_B002383.gencode.vH29,2::2,Capillary endothelial cell,1.0,celltypepilot
P18_B002386.gencode.vH29,2::2,Capillary endothelial cell,1.0,celltypepilot
P18_B003140.gencode.vH29,2::2,Capillary endothelial cell,1.0,celltypepilot
P18_B003142.gencode.vH29,2::2,Capillary endothelial cell,1.0,celltypepilot
P19_B002383.gencode.vH29,2::2,Capillary endothelial cell,1.0,celltypepilot
P2_B002386.gencode.vH29,2::2,Capillary endothelial cell,1.0,celltypepilot
P20_B003136.gencode.vH29,2::2,Capillary endothelial cell,1.0,celltypepilot
P6_B003141.gencode.vH29,2::2,Capillary endothelial cell,1.0,celltypepilot
P9_B003141.gencode.vH29,2::2,Capillary endothelial cell,1.0,celltypepilot
A17_B003141.gencode.vH29,2::0,Endothelial cell,1.0,celltypepilot
A18_B003141.gencode.vH29,2::2,Capillary endothelial cell,1.0,celltypepilot
A8_B003137.gencode.vH29,2::0,Endothelial cell,1.0,celltypepilot
B13_B002382.gencode.vH29,2::0,Endothelial cell,1.0,celltypepilot
B13_B003141.gencode.vH29,2::0,Endothelial cell,1.0,celltypepilot
B14_B002382.gencode.vH29,2::2,Capillary endothelial cell,1.0,celltypepilot
B15_B002383.gencode.vH29,2::0,Endothelial cell,1.0,celltypepilot
B16_B003140.gencode.vH29,2::2,Capillary endothelial cell,1.0,celltypepilot
B17_B002014.gencode.vH29,2::2,Capillary endothelial cell,1.0,celltypepilot
B19_B003140.gencode.vH29,2::2,Capillary endothelial cell,1.0,celltypepilot
B19_B003142.gencode.vH29,2::2,Capillary endothelial cell,1.0,celltypepilot
B2_B002386.gencode.vH29,2::2,Capillary endothelial cell,1.0,celltypepilot
B5_B002386.gencode.vH29,2::0,Endothelial cell,1.0,celltypepilot
C20_B002385.gencode.vH29,2::0,Endothelial cell,1.0,celltypepilot
C4_B003141.gencode.vH29,2::2,Capillary endothelial cell,1.0,celltypepilot
D20_B002383.gencode.vH29,2::0,Endothelial cell,1.0,celltypepilot
D8_B002386.gencode.vH29,2::0,Endothelial cell,1.0,celltypepilot
E1_B003141.gencode.vH29,2::2,Capillary endothelial cell,1.0,celltypepilot
E10_B002382.gencode.vH29,2::2,Capillary endothelial cell,1.0,celltypepilot
E13_B002386.gencode.vH29,2::0,Endothelial cell,1.0,celltypepilot
E15_B003139.gencode.vH29,2::2,Capillary endothelial cell,1.0,celltypepilot
E17_B003141.gencode.vH29,2::0,Endothelial cell,1.0,celltypepilot
E20_B003140.gencode.vH29,2::2,Capillary endothelial cell,1.0,celltypepilot
F1_B003140.gencode.vH29,2::0,Endothelial cell,1.0,celltypepilot
F12_B003135.gencode.vH29,2::2,Capillary endothelial cell,1.0,celltypepilot
F14_B002383.gencode.vH29,2::0,Endothelial cell,1.0,celltypepilot
F15_B003140.gencode.vH29,2::2,Capillary endothelial cell,1.0,celltypepilot
F18_B003141.gencode.vH29,2::2,Capillary endothelial cell,1.0,celltypepilot
F19_B003141.gencode.vH29,2::2,Capillary endothelial cell,1.0,celltypepilot
F20_B002383.gencode.vH29,2::2,Capillary endothelial cell,1.0,celltypepilot
G10_B002382.gencode.vH29,2::0,Endothelial cell,1.0,celltypepilot
G15_B002382.gencode.vH29,2::2,Capillary endothelial cell,1.0,celltypepilot
G15_B003135.gencode.vH29,2::2,Capillary endothelial cell,1.0,celltypepilot
G19_B003138.gencode.vH29,2::0,Endothelial cell,1.0,celltypepilot
G2_B002383.gencode.vH29,2::0,Endothelial cell,1.0,celltypepilot
G7_B003142.gencode.vH29,2::2,Capillary endothelial cell,1.0,celltypepilot
H13_B003136.gencode.vH29,2::0,Endothelial cell,1.0,celltypepilot
H15_B003142.gencode.vH29,2::2,Capillary endothelial cell,1.0,celltypepilot
H16_B002385.gencode.vH29,2::2,Capillary endothelial cell,1.0,celltypepilot
H18_B003141.gencode.vH29,2::2,Capillary endothelial cell,1.0,celltypepilot
I11_B002385.gencode.vH29,2::0,Endothelial cell,1.0,celltypepilot
I12_B003137.gencode.vH29,2::0,Endothelial cell,1.0,celltypepilot
I12_B003142.gencode.vH29,2::2,Capillary endothelial cell,1.0,celltypepilot
I13_B003140.gencode.vH29,2::2,Capillary endothelial cell,1.0,celltypepilot
I17_B002385.gencode.vH29,2::2,Capillary endothelial cell,1.0,celltypepilot
I17_B003140.gencode.vH29,2::2,Capillary endothelial cell,1.0,celltypepilot
I17_B003142.gencode.vH29,2::0,Endothelial cell,1.0,celltypepilot
I19_B002382.gencode.vH29,2::2,Capillary endothelial cell,1.0,celltypepilot
I19_B003140.gencode.vH29,2::2,Capillary endothelial cell,1.0,celltypepilot
I6_B002382.gencode.vH29,2::0,Endothelial cell,1.0,celltypepilot
J13_B003139.gencode.vH29,2::2,Capillary endothelial cell,1.0,celltypepilot
J14_B002385.gencode.vH29,2::0,Endothelial cell,1.0,celltypepilot
J14_B003139.gencode.vH29,2::0,Endothelial cell,1.0,celltypepilot
J15_B003137.gencode.vH29,2::0,Endothelial cell,1.0,celltypepilot
J16_B002385.gencode.vH29,2::2,Capillary endothelial cell,1.0,celltypepilot
J20_B002385.gencode.vH29,2::2,Capillary endothelial cell,1.0,celltypepilot
J3_B003136.gencode.vH29,2::0,Endothelial cell,1.0,celltypepilot
J7_B002383.gencode.vH29,2::0,Endothelial cell,1.0,celltypepilot
J9_B003136.gencode.vH29,2::0,Endothelial cell,1.0,celltypepilot
K14_B002014.gencode.vH29,2::2,Capillary endothelial cell,1.0,celltypepilot
K14_B003140.gencode.vH29,2::0,Endothelial cell,1.0,celltypepilot
K16_B002382.gencode.vH29,2::0,Endothelial cell,1.0,celltypepilot
K17_B003135.gencode.vH29,2::0,Endothelial cell,1.0,celltypepilot
K2_B003140.gencode.vH29,2::2,Capillary endothelial cell,1.0,celltypepilot
K20_B003137.gencode.vH29,2::2,Capillary endothelial cell,1.0,celltypepilot
K20_B003140.gencode.vH29,2::2,Capillary endothelial cell,1.0,celltypepilot
K20_B003142.gencode.vH29,2::2,Capillary endothelial cell,1.0,celltypepilot
K3_B002386.gencode.vH29,2::0,Endothelial cell,1.0,celltypepilot
L12_B002386.gencode.vH29,2::2,Capillary endothelial cell,1.0,celltypepilot
L14_B003140.gencode.vH29,2::2,Capillary endothelial cell,1.0,celltypepilot
L14_B003141.gencode.vH29,2::0,Endothelial cell,1.0,celltypepilot
L15_B002386.gencode.vH29,2::2,Capillary endothelial cell,1.0,celltypepilot
L15_B003139.gencode.vH29,2::2,Capillary endothelial cell,1.0,celltypepilot
L16_B002383.gencode.vH29,2::2,Capillary endothelial cell,1.0,celltypepilot
L17_B003139.gencode.vH29,2::2,Capillary endothelial cell,1.0,celltypepilot
L19_B003137.gencode.vH29,2::0,Endothelial cell,1.0,celltypepilot
M1_B003136.gencode.vH29,2::2,Capillary endothelial cell,1.0,celltypepilot
M15_B003140.gencode.vH29,2::0,Endothelial cell,1.0,celltypepilot
M16_B003137.gencode.vH29,2::0,Endothelial cell,1.0,celltypepilot
M16_B003140.gencode.vH29,2::0,Endothelial cell,1.0,celltypepilot
M18_B003137.gencode.vH29,2::2,Capillary endothelial cell,1.0,celltypepilot
M7_B002383.gencode.vH29,2::2,Capillary endothelial cell,1.0,celltypepilot
N13_B002386.gencode.vH29,2::0,Endothelial cell,1.0,celltypepilot
N14_B002382.gencode.vH29,2::2,Capillary endothelial cell,1.0,celltypepilot
N15_B003139.gencode.vH29,2::2,Capillary endothelial cell,1.0,celltypepilot
N16_B003136.gencode.vH29,2::2,Capillary endothelial cell,1.0,celltypepilot
N20_B003137.gencode.vH29,2::2,Capillary endothelial cell,1.0,celltypepilot
O11_B003136.gencode.vH29,2::0,Endothelial cell,1.0,celltypepilot
O16_B002382.gencode.vH29,2::2,Capillary endothelial cell,1.0,celltypepilot
O17_B003141.gencode.vH29,2::2,Capillary endothelial cell,1.0,celltypepilot
O2_B002382.gencode.vH29,2::0,Endothelial cell,1.0,celltypepilot
O20_B003140.gencode.vH29,2::2,Capillary endothelial cell,1.0,celltypepilot
P14_B003140.gencode.vH29,2::2,Capillary endothelial cell,1.0,celltypepilot
P14_B003141.gencode.vH29,2::2,Capillary endothelial cell,1.0,celltypepilot
P15_B002385.gencode.vH29,2::2,Capillary endothelial cell,1.0,celltypepilot
P6_B003137.gencode.vH29,2::2,Capillary endothelial cell,1.0,celltypepilot
A20_B003137.gencode.vH29,2::5,Pericyte,1.0,celltypepilot
B13_B003138.gencode.vH29,2::5,Pericyte,1.0,celltypepilot
B15_B002385.gencode.vH29,2::5,Pericyte,1.0,celltypepilot
B18_B002014.gencode.vH29,2::5,Pericyte,1.0,celltypepilot
B4_B002385.gencode.vH29,2::5,Pericyte,1.0,celltypepilot
D15_B002386.gencode.vH29,2::5,Pericyte,1.0,celltypepilot
D15_B003139.gencode.vH29,2::2,Capillary endothelial cell,1.0,celltypepilot
D6_B002385.gencode.vH29,2::5,Pericyte,1.0,celltypepilot
E15_B003136.gencode.vH29,2::5,Pericyte,1.0,celltypepilot
E16_B003135.gencode.vH29,2::5,Pericyte,1.0,celltypepilot
E17_B002382.gencode.vH29,2::5,Pericyte,1.0,celltypepilot
E19_B002385.gencode.vH29,2::5,Pericyte,1.0,celltypepilot
G1_B003136.gencode.vH29,2::5,Pericyte,1.0,celltypepilot
G18_B003140.gencode.vH29,2::5,Pericyte,1.0,celltypepilot
G20_B003136.gencode.vH29,2::5,Pericyte,1.0,celltypepilot
G7_B003135.gencode.vH29,2::5,Pericyte,1.0,celltypepilot
H11_B003139.gencode.vH29,2::5,Pericyte,1.0,celltypepilot
H19_B003140.gencode.vH29,2::5,Pericyte,1.0,celltypepilot
I10_B002382.gencode.vH29,2::5,Pericyte,1.0,celltypepilot
I18_B002386.gencode.vH29,2::5,Pericyte,1.0,celltypepilot
J18_B002383.gencode.vH29,2::5,Pericyte,1.0,celltypepilot
J6_B003137.gencode.vH29,2::5,Pericyte,1.0,celltypepilot
J7_B003136.gencode.vH29,2::5,Pericyte,1.0,celltypepilot
K15_B003140.gencode.vH29,2::5,Pericyte,1.0,celltypepilot
K17_B003138.gencode.vH29,2::5,Pericyte,1.0,celltypepilot
L17_B003142.gencode.vH29,2::5,Pericyte,1.0,celltypepilot
M14_B003141.gencode.vH29,2::5,Pericyte,1.0,celltypepilot
M7_B003140.gencode.vH29,2::5,Pericyte,1.0,celltypepilot
O16_B003142.gencode.vH29,2::5,Pericyte,1.0,celltypepilot
O17_B003135.gencode.vH29,2::2,Capillary endothelial cell,1.0,celltypepilot
O17_B003137.gencode.vH29,2::5,Pericyte,1.0,celltypepilot
O19_B003135.gencode.vH29,2::5,Pericyte,1.0,celltypepilot
P20_B003138.gencode.vH29,2::5,Pericyte,1.0,celltypepilot
A21_B002014.gencode.vH29,2::3,NK cell,1.0,celltypepilot
A22_B002014.gencode.vH29,2::3,NK cell,1.0,celltypepilot
A22_B002383.gencode.vH29,2::3,NK cell,1.0,celltypepilot
B21_B003138.gencode.vH29,2::3,NK cell,1.0,celltypepilot
B22_B002014.gencode.vH29,2::3,NK cell,1.0,celltypepilot
B22_B002383.gencode.vH29,2::3,NK cell,1.0,celltypepilot
B22_B003138.gencode.vH29,2::3,NK cell,1.0,celltypepilot
B23_B002014.gencode.vH29,2::3,NK cell,1.0,celltypepilot
B23_B003140.gencode.vH29,2::3,NK cell,1.0,celltypepilot
C21_B002014.gencode.vH29,2::3,NK cell,1.0,celltypepilot
C21_B002383.gencode.vH29,2::3,NK cell,1.0,celltypepilot
C21_B003138.gencode.vH29,2::3,NK cell,1.0,celltypepilot
C21_B003139.gencode.vH29,2::3,NK cell,1.0,celltypepilot
C22_B002014.gencode.vH29,2::3,NK cell,1.0,celltypepilot
C22_B003138.gencode.vH29,2::3,NK cell,1.0,celltypepilot
C22_B003139.gencode.vH29,2::3,NK cell,1.0,celltypepilot
C23_B002014.gencode.vH29,2::3,NK cell,1.0,celltypepilot
D21_B002014.gencode.vH29,2::3,NK cell,1.0,celltypepilot
D21_B002383.gencode.vH29,2::3,NK cell,1.0,celltypepilot
D21_B003138.gencode.vH29,2::3,NK cell,1.0,celltypepilot
D22_B002383.gencode.vH29,2::3,NK cell,1.0,celltypepilot
D22_B003139.gencode.vH29,2::3,NK cell,1.0,celltypepilot
D23_B002383.gencode.vH29,2::3,NK cell,1.0,celltypepilot
E21_B003138.gencode.vH29,2::3,NK cell,1.0,celltypepilot
E22_B002383.gencode.vH29,2::3,NK cell,1.0,celltypepilot
E22_B003139.gencode.vH29,2::3,NK cell,1.0,celltypepilot
E23_B002014.gencode.vH29,2::3,NK cell,1.0,celltypepilot
E23_B003140.gencode.vH29,2::3,NK cell,1.0,celltypepilot
F21_B002014.gencode.vH29,2::3,NK cell,1.0,celltypepilot
F21_B003138.gencode.vH29,2::3,NK cell,1.0,celltypepilot
F21_B003139.gencode.vH29,2::3,NK cell,1.0,celltypepilot
F22_B002014.gencode.vH29,2::3,NK cell,1.0,celltypepilot
F22_B003138.gencode.vH29,2::3,NK cell,1.0,celltypepilot
F23_B002014.gencode.vH29,2::3,NK cell,1.0,celltypepilot
G21_B002014.gencode.vH29,2::3,NK cell,1.0,celltypepilot
G21_B003138.gencode.vH29,2::3,NK cell,1.0,celltypepilot
G22_B002014.gencode.vH29,2::3,NK cell,1.0,celltypepilot
G22_B002383.gencode.vH29,2::3,NK cell,1.0,celltypepilot
G22_B003138.gencode.vH29,2::3,NK cell,1.0,celltypepilot
G22_B003139.gencode.vH29,2::3,NK cell,1.0,celltypepilot
H21_B002014.gencode.vH29,2::3,NK cell,1.0,celltypepilot
H21_B002383.gencode.vH29,2::3,NK cell,1.0,celltypepilot
H21_B003138.gencode.vH29,2::3,NK cell,1.0,celltypepilot
H21_B003139.gencode.vH29,2::3,NK cell,1.0,celltypepilot
H22_B002014.gencode.vH29,2::3,NK cell,1.0,celltypepilot
H22_B002383.gencode.vH29,2::3,NK cell,1.0,celltypepilot
H22_B003138.gencode.vH29,2::3,NK cell,1.0,celltypepilot
H22_B003139.gencode.vH29,2::3,NK cell,1.0,celltypepilot
H23_B002014.gencode.vH29,2::3,NK cell,1.0,celltypepilot
H23_B002383.gencode.vH29,2::3,NK cell,1.0,celltypepilot
H23_B003137.gencode.vH29,2::3,NK cell,1.0,celltypepilot
I21_B002014.gencode.vH29,2::3,NK cell,1.0,celltypepilot
I21_B003139.gencode.vH29,2::3,NK cell,1.0,celltypepilot
I22_B002014.gencode.vH29,2::3,NK cell,1.0,celltypepilot
I22_B002383.gencode.vH29,2::3,NK cell,1.0,celltypepilot
I23_B002014.gencode.vH29,2::3,NK cell,1.0,celltypepilot
I23_B002383.gencode.vH29,2::3,NK cell,1.0,celltypepilot
J21_B002014.gencode.vH29,2::3,NK cell,1.0,celltypepilot
J21_B002383.gencode.vH29,2::3,NK cell,1.0,celltypepilot
J21_B003138.gencode.vH29,2::3,NK cell,1.0,celltypepilot
J21_B003139.gencode.vH29,2::3,NK cell,1.0,celltypepilot
J21_B003140.gencode.vH29,2::3,NK cell,1.0,celltypepilot
J22_B002014.gencode.vH29,2::3,NK cell,1.0,celltypepilot
J22_B002383.gencode.vH29,2::3,NK cell,1.0,celltypepilot
J22_B003137.gencode.vH29,2::3,NK cell,1.0,celltypepilot
J22_B003138.gencode.vH29,2::3,NK cell,1.0,celltypepilot
J23_B002014.gencode.vH29,2::3,NK cell,1.0,celltypepilot
K21_B002014.gencode.vH29,2::3,NK cell,1.0,celltypepilot
K21_B003139.gencode.vH29,2::3,NK cell,1.0,celltypepilot
K22_B002383.gencode.vH29,2::3,NK cell,1.0,celltypepilot
K22_B003139.gencode.vH29,2::3,NK cell,1.0,celltypepilot
K23_B002014.gencode.vH29,2::3,NK cell,1.0,celltypepilot
K23_B002383.gencode.vH29,2::3,NK cell,1.0,celltypepilot
K23_B003140.gencode.vH29,2::3,NK cell,1.0,celltypepilot
L21_B002014.gencode.vH29,2::3,NK cell,1.0,celltypepilot
L21_B002383.gencode.vH29,2::3,NK cell,1.0,celltypepilot
L21_B003139.gencode.vH29,2::3,NK cell,1.0,celltypepilot
L22_B003139.gencode.vH29,2::3,NK cell,1.0,celltypepilot
L22_B003140.gencode.vH29,2::3,NK cell,1.0,celltypepilot
L23_B002014.gencode.vH29,2::3,NK cell,1.0,celltypepilot
L23_B002383.gencode.vH29,2::3,NK cell,1.0,celltypepilot
L23_B003137.gencode.vH29,2::3,NK cell,1.0,celltypepilot
M21_B003138.gencode.vH29,2::3,NK cell,1.0,celltypepilot
M21_B003139.gencode.vH29,2::3,NK cell,1.0,celltypepilot
M21_B003140.gencode.vH29,2::3,NK cell,1.0,celltypepilot
M22_B003138.gencode.vH29,2::3,NK cell,1.0,celltypepilot
M22_B003139.gencode.vH29,2::3,NK cell,1.0,celltypepilot
M23_B002014.gencode.vH29,2::3,NK cell,1.0,celltypepilot
M23_B002383.gencode.vH29,2::3,NK cell,1.0,celltypepilot
M23_B003140.gencode.vH29,2::3,NK cell,1.0,celltypepilot
N21_B002383.gencode.vH29,2::3,NK cell,1.0,celltypepilot
N22_B002014.gencode.vH29,2::3,NK cell,1.0,celltypepilot
N22_B002383.gencode.vH29,2::3,NK cell,1.0,celltypepilot
N22_B003140.gencode.vH29,2::3,NK cell,1.0,celltypepilot
N23_B002014.gencode.vH29,2::3,NK cell,1.0,celltypepilot
N23_B002383.gencode.vH29,2::3,NK cell,1.0,celltypepilot
N23_B003140.gencode.vH29,2::3,NK cell,1.0,celltypepilot
O23_B002014.gencode.vH29,2::3,NK cell,1.0,celltypepilot
P21_B003140.gencode.vH29,2::3,NK cell,1.0,celltypepilot
P22_B002014.gencode.vH29,2::3,NK cell,1.0,celltypepilot
P23_B002014.gencode.vH29,2::3,NK cell,1.0,celltypepilot
A21_B002382.gencode.vH29,2::3,NK cell,1.0,celltypepilot
A21_B002386.gencode.vH29,2::3,NK cell,1.0,celltypepilot
A21_B003136.gencode.vH29,2::3,NK cell,1.0,celltypepilot
A21_B003139.gencode.vH29,2::3,NK cell,1.0,celltypepilot
A21_B003141.gencode.vH29,2::3,NK cell,1.0,celltypepilot
A22_B002382.gencode.vH29,2::3,NK cell,1.0,celltypepilot
A22_B002385.gencode.vH29,2::3,NK cell,1.0,celltypepilot
A22_B003135.gencode.vH29,2::3,NK cell,1.0,celltypepilot
A22_B003138.gencode.vH29,2::3,NK cell,1.0,celltypepilot
A22_B003141.gencode.vH29,2::3,NK cell,1.0,celltypepilot
A23_B002382.gencode.vH29,2::3,NK cell,1.0,celltypepilot
A23_B003135.gencode.vH29,2::3,NK cell,1.0,celltypepilot
A23_B003137.gencode.vH29,2::3,NK cell,1.0,celltypepilot
A23_B003142.gencode.vH29,2::3,NK cell,1.0,celltypepilot
B21_B002382.gencode.vH29,2::3,NK cell,1.0,celltypepilot
B21_B002383.gencode.vH29,2::3,NK cell,1.0,celltypepilot
B21_B002386.gencode.vH29,2::3,NK cell,1.0,celltypepilot
B21_B003135.gencode.vH29,2::3,NK cell,1.0,celltypepilot
B21_B003136.gencode.vH29,2::3,NK cell,1.0,celltypepilot
B21_B003137.gencode.vH29,2::3,NK cell,1.0,celltypepilot
B21_B003139.gencode.vH29,2::3,NK cell,1.0,celltypepilot
B21_B003141.gencode.vH29,2::3,NK cell,1.0,celltypepilot
B21_B003142.gencode.vH29,2::3,NK cell,1.0,celltypepilot
B22_B002382.gencode.vH29,2::3,NK cell,1.0,celltypepilot
B22_B002385.gencode.vH29,2::3,NK cell,1.0,celltypepilot
B22_B003136.gencode.vH29,2::3,NK cell,1.0,celltypepilot
B22_B003137.gencode.vH29,2::3,NK cell,1.0,celltypepilot
B22_B003140.gencode.vH29,2::3,NK cell,1.0,celltypepilot
B22_B003141.gencode.vH29,2::3,NK cell,1.0,celltypepilot
B23_B002382.gencode.vH29,2::3,NK cell,1.0,celltypepilot
B23_B002385.gencode.vH29,2::3,NK cell,1.0,celltypepilot
B23_B003135.gencode.vH29,2::3,NK cell,1.0,celltypepilot
B23_B003137.gencode.vH29,2::3,NK cell,1.0,celltypepilot
B23_B003142.gencode.vH29,2::3,NK cell,1.0,celltypepilot
C21_B002382.gencode.vH29,2::3,NK cell,1.0,celltypepilot
C21_B002385.gencode.vH29,2::3,NK cell,1.0,celltypepilot
C21_B002386.gencode.vH29,2::3,NK cell,1.0,celltypepilot
C21_B003135.gencode.vH29,2::3,NK cell,1.0,celltypepilot
C21_B003141.gencode.vH29,2::3,NK cell,1.0,celltypepilot
C21_B003142.gencode.vH29,2::3,NK cell,1.0,celltypepilot
C22_B002386.gencode.vH29,2::3,NK cell,1.0,celltypepilot
C22_B003135.gencode.vH29,2::3,NK cell,1.0,celltypepilot
C22_B003137.gencode.vH29,2::3,NK cell,1.0,celltypepilot
C22_B003142.gencode.vH29,2::3,NK cell,1.0,celltypepilot
C23_B002382.gencode.vH29,2::3,NK cell,1.0,celltypepilot
C23_B002385.gencode.vH29,2::3,NK cell,1.0,celltypepilot
C23_B002386.gencode.vH29,2::3,NK cell,1.0,celltypepilot
C23_B003135.gencode.vH29,2::3,NK cell,1.0,celltypepilot
C23_B003137.gencode.vH29,2::3,NK cell,1.0,celltypepilot
C23_B003138.gencode.vH29,2::3,NK cell,1.0,celltypepilot
C23_B003140.gencode.vH29,2::3,NK cell,1.0,celltypepilot
C23_B003141.gencode.vH29,2::3,NK cell,1.0,celltypepilot
D21_B002382.gencode.vH29,2::3,NK cell,1.0,celltypepilot
D21_B002385.gencode.vH29,2::3,NK cell,1.0,celltypepilot
D21_B002386.gencode.vH29,2::3,NK cell,1.0,celltypepilot
D21_B003135.gencode.vH29,2::3,NK cell,1.0,celltypepilot
D21_B003137.gencode.vH29,2::3,NK cell,1.0,celltypepilot
D21_B003140.gencode.vH29,2::3,NK cell,1.0,celltypepilot
D22_B002382.gencode.vH29,2::3,NK cell,1.0,celltypepilot
D22_B002385.gencode.vH29,2::3,NK cell,1.0,celltypepilot
D22_B002386.gencode.vH29,2::3,NK cell,1.0,celltypepilot
D22_B003136.gencode.vH29,2::3,NK cell,1.0,celltypepilot
D22_B003137.gencode.vH29,2::3,NK cell,1.0,celltypepilot
D22_B003140.gencode.vH29,2::3,NK cell,1.0,celltypepilot
D23_B002386.gencode.vH29,2::3,NK cell,1.0,celltypepilot
D23_B003135.gencode.vH29,2::3,NK cell,1.0,celltypepilot
D23_B003137.gencode.vH29,2::3,NK cell,1.0,celltypepilot
D23_B003138.gencode.vH29,2::3,NK cell,1.0,celltypepilot
D23_B003141.gencode.vH29,2::3,NK cell,1.0,celltypepilot
E21_B002382.gencode.vH29,2::3,NK cell,1.0,celltypepilot
E21_B002385.gencode.vH29,2::3,NK cell,1.0,celltypepilot
E21_B002386.gencode.vH29,2::3,NK cell,1.0,celltypepilot
E21_B003135.gencode.vH29,2::3,NK cell,1.0,celltypepilot
E21_B003139.gencode.vH29,2::3,NK cell,1.0,celltypepilot
E21_B003141.gencode.vH29,2::3,NK cell,1.0,celltypepilot
E21_B003142.gencode.vH29,2::3,NK cell,1.0,celltypepilot
E22_B002382.gencode.vH29,2::3,NK cell,1.0,celltypepilot
E22_B002385.gencode.vH29,2::3,NK cell,1.0,celltypepilot
E22_B003137.gencode.vH29,2::3,NK cell,1.0,celltypepilot
E22_B003141.gencode.vH29,2::3,NK cell,1.0,celltypepilot
E23_B002382.gencode.vH29,2::3,NK cell,1.0,celltypepilot
E23_B002385.gencode.vH29,2::3,NK cell,1.0,celltypepilot
E23_B002386.gencode.vH29,2::3,NK cell,1.0,celltypepilot
E23_B003135.gencode.vH29,2::3,NK cell,1.0,celltypepilot
E23_B003137.gencode.vH29,2::3,NK cell,1.0,celltypepilot
E23_B003138.gencode.vH29,2::3,NK cell,1.0,celltypepilot
E23_B003141.gencode.vH29,2::3,NK cell,1.0,celltypepilot
F21_B002382.gencode.vH29,2::3,NK cell,1.0,celltypepilot
F21_B003135.gencode.vH29,2::3,NK cell,1.0,celltypepilot
F21_B003140.gencode.vH29,2::3,NK cell,1.0,celltypepilot
F21_B003141.gencode.vH29,2::3,NK cell,1.0,celltypepilot
F21_B003142.gencode.vH29,2::3,NK cell,1.0,celltypepilot
F22_B002382.gencode.vH29,2::3,NK cell,1.0,celltypepilot
F22_B002385.gencode.vH29,2::3,NK cell,1.0,celltypepilot
F22_B002386.gencode.vH29,2::3,NK cell,1.0,celltypepilot
F22_B003135.gencode.vH29,2::3,NK cell,1.0,celltypepilot
F22_B003137.gencode.vH29,2::3,NK cell,1.0,celltypepilot
F23_B002386.gencode.vH29,2::3,NK cell,1.0,celltypepilot
F23_B003135.gencode.vH29,2::3,NK cell,1.0,celltypepilot
F23_B003137.gencode.vH29,2::3,NK cell,1.0,celltypepilot
F23_B003138.gencode.vH29,2::3,NK cell,1.0,celltypepilot
F23_B003140.gencode.vH29,2::3,NK cell,1.0,celltypepilot
F23_B003142.gencode.vH29,2::3,NK cell,1.0,celltypepilot
G21_B002382.gencode.vH29,2::3,NK cell,1.0,celltypepilot
G21_B003135.gencode.vH29,2::3,NK cell,1.0,celltypepilot
G21_B003136.gencode.vH29,2::3,NK cell,1.0,celltypepilot
G21_B003140.gencode.vH29,2::3,NK cell,1.0,celltypepilot
G21_B003141.gencode.vH29,2::3,NK cell,1.0,celltypepilot
G22_B002386.gencode.vH29,2::3,NK cell,1.0,celltypepilot
G22_B003135.gencode.vH29,2::3,NK cell,1.0,celltypepilot
G22_B003137.gencode.vH29,2::3,NK cell,1.0,celltypepilot
G22_B003140.gencode.vH29,2::3,NK cell,1.0,celltypepilot
G22_B003141.gencode.vH29,2::3,NK cell,1.0,celltypepilot
G22_B003142.gencode.vH29,2::3,NK cell,1.0,celltypepilot
G23_B002382.gencode.vH29,2::3,NK cell,1.0,celltypepilot
G23_B003135.gencode.vH29,2::3,NK cell,1.0,celltypepilot
G23_B003140.gencode.vH29,2::3,NK cell,1.0,celltypepilot
G23_B003141.gencode.vH29,2::3,NK cell,1.0,celltypepilot
H21_B002382.gencode.vH29,2::3,NK cell,1.0,celltypepilot
H21_B002385.gencode.vH29,2::3,NK cell,1.0,celltypepilot
H21_B003137.gencode.vH29,2::3,NK cell,1.0,celltypepilot
H22_B002382.gencode.vH29,2::3,NK cell,1.0,celltypepilot
H22_B002386.gencode.vH29,2::3,NK cell,1.0,celltypepilot
H22_B003135.gencode.vH29,2::3,NK cell,1.0,celltypepilot
H22_B003136.gencode.vH29,2::3,NK cell,1.0,celltypepilot
H23_B002382.gencode.vH29,2::3,NK cell,1.0,celltypepilot
H23_B002385.gencode.vH29,2::3,NK cell,1.0,celltypepilot
H23_B002386.gencode.vH29,2::3,NK cell,1.0,celltypepilot
H23_B003135.gencode.vH29,2::3,NK cell,1.0,celltypepilot
H23_B003138.gencode.vH29,2::3,NK cell,1.0,celltypepilot
H23_B003141.gencode.vH29,2::3,NK cell,1.0,celltypepilot
H23_B003142.gencode.vH29,2::3,NK cell,1.0,celltypepilot
I21_B002385.gencode.vH29,2::3,NK cell,1.0,celltypepilot
I21_B003135.gencode.vH29,2::3,NK cell,1.0,celltypepilot
I21_B003136.gencode.vH29,2::3,NK cell,1.0,celltypepilot
I21_B003137.gencode.vH29,2::3,NK cell,1.0,celltypepilot
I21_B003138.gencode.vH29,2::3,NK cell,1.0,celltypepilot
I21_B003140.gencode.vH29,2::3,NK cell,1.0,celltypepilot
I21_B003141.gencode.vH29,2::3,NK cell,1.0,celltypepilot
I21_B003142.gencode.vH29,2::3,NK cell,1.0,celltypepilot
I22_B002382.gencode.vH29,2::3,NK cell,1.0,celltypepilot
I22_B003137.gencode.vH29,2::3,NK cell,1.0,celltypepilot
I22_B003139.gencode.vH29,2::3,NK cell,1.0,celltypepilot
I22_B003141.gencode.vH29,2::3,NK cell,1.0,celltypepilot
I23_B002386.gencode.vH29,2::3,NK cell,1.0,celltypepilot
I23_B003135.gencode.vH29,2::3,NK cell,1.0,celltypepilot
I23_B003137.gencode.vH29,2::3,NK cell,1.0,celltypepilot
I23_B003138.gencode.vH29,2::3,NK cell,1.0,celltypepilot
I23_B003141.gencode.vH29,2::3,NK cell,1.0,celltypepilot
J21_B002386.gencode.vH29,2::3,NK cell,1.0,celltypepilot
J21_B003135.gencode.vH29,2::3,NK cell,1.0,celltypepilot
J21_B003141.gencode.vH29,2::3,NK cell,1.0,celltypepilot
J22_B002382.gencode.vH29,2::3,NK cell,1.0,celltypepilot
J22_B002386.gencode.vH29,2::3,NK cell,1.0,celltypepilot
J22_B003135.gencode.vH29,2::3,NK cell,1.0,celltypepilot
J22_B003136.gencode.vH29,2::3,NK cell,1.0,celltypepilot
J22_B003140.gencode.vH29,2::3,NK cell,1.0,celltypepilot
J22_B003141.gencode.vH29,2::3,NK cell,1.0,celltypepilot
J23_B002385.gencode.vH29,2::3,NK cell,1.0,celltypepilot
J23_B002386.gencode.vH29,2::3,NK cell,1.0,celltypepilot
J23_B003135.gencode.vH29,2::3,NK cell,1.0,celltypepilot
K21_B002386.gencode.vH29,2::3,NK cell,1.0,celltypepilot
K21_B003135.gencode.vH29,2::3,NK cell,1.0,celltypepilot
K21_B003136.gencode.vH29,2::3,NK cell,1.0,celltypepilot
K21_B003137.gencode.vH29,2::3,NK cell,1.0,celltypepilot
K21_B003140.gencode.vH29,2::3,NK cell,1.0,celltypepilot
K21_B003141.gencode.vH29,2::3,NK cell,1.0,celltypepilot
K21_B003142.gencode.vH29,2::3,NK cell,1.0,celltypepilot
K22_B002382.gencode.vH29,2::3,NK cell,1.0,celltypepilot
K22_B002385.gencode.vH29,2::3,NK cell,1.0,celltypepilot
K22_B003135.gencode.vH29,2::3,NK cell,1.0,celltypepilot
K22_B003137.gencode.vH29,2::3,NK cell,1.0,celltypepilot
K22_B003140.gencode.vH29,2::3,NK cell,1.0,celltypepilot
K22_B003141.gencode.vH29,2::3,NK cell,1.0,celltypepilot
K22_B003142.gencode.vH29,2::3,NK cell,1.0,celltypepilot
K23_B002382.gencode.vH29,2::3,NK cell,1.0,celltypepilot
K23_B002385.gencode.vH29,2::3,NK cell,1.0,celltypepilot
K23_B002386.gencode.vH29,2::3,NK cell,1.0,celltypepilot
K23_B003135.gencode.vH29,2::3,NK cell,1.0,celltypepilot
K23_B003136.gencode.vH29,2::3,NK cell,1.0,celltypepilot
K23_B003141.gencode.vH29,2::3,NK cell,1.0,celltypepilot
K23_B003142.gencode.vH29,2::3,NK cell,1.0,celltypepilot
L21_B002382.gencode.vH29,2::3,NK cell,1.0,celltypepilot
L21_B002385.gencode.vH29,2::3,NK cell,1.0,celltypepilot
L21_B003135.gencode.vH29,2::3,NK cell,1.0,celltypepilot
L21_B003137.gencode.vH29,2::3,NK cell,1.0,celltypepilot
L21_B003140.gencode.vH29,2::3,NK cell,1.0,celltypepilot
L21_B003141.gencode.vH29,2::3,NK cell,1.0,celltypepilot
L22_B002382.gencode.vH29,2::3,NK cell,1.0,celltypepilot
L22_B002385.gencode.vH29,2::3,NK cell,1.0,celltypepilot
L22_B002386.gencode.vH29,2::3,NK cell,1.0,celltypepilot
L22_B003135.gencode.vH29,2::3,NK cell,1.0,celltypepilot
L22_B003136.gencode.vH29,2::3,NK cell,1.0,celltypepilot
L22_B003137.gencode.vH29,2::3,NK cell,1.0,celltypepilot
L22_B003141.gencode.vH29,2::3,NK cell,1.0,celltypepilot
L22_B003142.gencode.vH29,2::3,NK cell,1.0,celltypepilot
L23_B002382.gencode.vH29,2::3,NK cell,1.0,celltypepilot
L23_B002385.gencode.vH29,2::3,NK cell,1.0,celltypepilot
L23_B003138.gencode.vH29,2::3,NK cell,1.0,celltypepilot
L23_B003139.gencode.vH29,2::3,NK cell,1.0,celltypepilot
L23_B003141.gencode.vH29,2::3,NK cell,1.0,celltypepilot
L23_B003142.gencode.vH29,2::3,NK cell,1.0,celltypepilot
M21_B002382.gencode.vH29,2::3,NK cell,1.0,celltypepilot
M21_B002386.gencode.vH29,2::3,NK cell,1.0,celltypepilot
M21_B003135.gencode.vH29,2::3,NK cell,1.0,celltypepilot
M21_B003137.gencode.vH29,2::3,NK cell,1.0,celltypepilot
M21_B003141.gencode.vH29,2::3,NK cell,1.0,celltypepilot
M22_B002386.gencode.vH29,2::3,NK cell,1.0,celltypepilot
M22_B003135.gencode.vH29,2::3,NK cell,1.0,celltypepilot
M22_B003137.gencode.vH29,2::3,NK cell,1.0,celltypepilot
M23_B002385.gencode.vH29,2::3,NK cell,1.0,celltypepilot
M23_B003136.gencode.vH29,2::3,NK cell,1.0,celltypepilot
M23_B003137.gencode.vH29,2::3,NK cell,1.0,celltypepilot
M23_B003138.gencode.vH29,2::3,NK cell,1.0,celltypepilot
N21_B002382.gencode.vH29,2::3,NK cell,1.0,celltypepilot
N21_B002385.gencode.vH29,2::3,NK cell,1.0,celltypepilot
N21_B003135.gencode.vH29,2::3,NK cell,1.0,celltypepilot
N21_B003137.gencode.vH29,2::3,NK cell,1.0,celltypepilot
N21_B003141.gencode.vH29,2::3,NK cell,1.0,celltypepilot
N21_B003142.gencode.vH29,2::3,NK cell,1.0,celltypepilot
N22_B002382.gencode.vH29,2::3,NK cell,1.0,celltypepilot
N22_B002385.gencode.vH29,2::3,NK cell,1.0,celltypepilot
N22_B002386.gencode.vH29,2::3,NK cell,1.0,celltypepilot
N22_B003135.gencode.vH29,2::3,NK cell,1.0,celltypepilot
N22_B003136.gencode.vH29,2::3,NK cell,1.0,celltypepilot
N22_B003137.gencode.vH29,2::3,NK cell,1.0,celltypepilot
N22_B003141.gencode.vH29,2::3,NK cell,1.0,celltypepilot
N23_B002382.gencode.vH29,2::3,NK cell,1.0,celltypepilot
N23_B002386.gencode.vH29,2::0,Endothelial cell,1.0,celltypepilot
N23_B003135.gencode.vH29,2::3,NK cell,1.0,celltypepilot
N23_B003136.gencode.vH29,2::3,NK cell,1.0,celltypepilot
N23_B003137.gencode.vH29,2::3,NK cell,1.0,celltypepilot
N23_B003138.gencode.vH29,2::3,NK cell,1.0,celltypepilot
O21_B002382.gencode.vH29,2::3,NK cell,1.0,celltypepilot
O21_B002383.gencode.vH29,2::3,NK cell,1.0,celltypepilot
O21_B002386.gencode.vH29,2::3,NK cell,1.0,celltypepilot
O21_B003136.gencode.vH29,2::3,NK cell,1.0,celltypepilot
O21_B003137.gencode.vH29,2::3,NK cell,1.0,celltypepilot
O21_B003138.gencode.vH29,2::3,NK cell,1.0,celltypepilot
O21_B003140.gencode.vH29,2::3,NK cell,1.0,celltypepilot
O21_B003142.gencode.vH29,2::3,NK cell,1.0,celltypepilot
O22_B002385.gencode.vH29,2::3,NK cell,1.0,celltypepilot
O22_B002386.gencode.vH29,2::3,NK cell,1.0,celltypepilot
O22_B003135.gencode.vH29,2::3,NK cell,1.0,celltypepilot
O22_B003136.gencode.vH29,2::3,NK cell,1.0,celltypepilot
O22_B003137.gencode.vH29,2::3,NK cell,1.0,celltypepilot
O22_B003138.gencode.vH29,2::3,NK cell,1.0,celltypepilot
O22_B003141.gencode.vH29,2::3,NK cell,1.0,celltypepilot
O23_B002382.gencode.vH29,2::3,NK cell,1.0,celltypepilot
O23_B002386.gencode.vH29,2::3,NK cell,1.0,celltypepilot
O23_B003135.gencode.vH29,2::3,NK cell,1.0,celltypepilot
O23_B003136.gencode.vH29,2::3,NK cell,1.0,celltypepilot
O23_B003137.gencode.vH29,2::3,NK cell,1.0,celltypepilot
O23_B003138.gencode.vH29,2::3,NK cell,1.0,celltypepilot
O23_B003139.gencode.vH29,2::3,NK cell,1.0,celltypepilot
O23_B003140.gencode.vH29,2::3,NK cell,1.0,celltypepilot
O23_B003141.gencode.vH29,2::3,NK cell,1.0,celltypepilot
O23_B003142.gencode.vH29,2::3,NK cell,1.0,celltypepilot
P21_B002382.gencode.vH29,2::3,NK cell,1.0,celltypepilot
P21_B002386.gencode.vH29,2::3,NK cell,1.0,celltypepilot
P22_B002382.gencode.vH29,2::3,NK cell,1.0,celltypepilot
P22_B002383.gencode.vH29,2::3,NK cell,1.0,celltypepilot
P22_B002386.gencode.vH29,2::3,NK cell,1.0,celltypepilot
P22_B003136.gencode.vH29,2::3,NK cell,1.0,celltypepilot
P22_B003137.gencode.vH29,2::3,NK cell,1.0,celltypepilot
P22_B003140.gencode.vH29,2::3,NK cell,1.0,celltypepilot
P22_B003141.gencode.vH29,2::3,NK cell,1.0,celltypepilot
P23_B002386.gencode.vH29,2::3,NK cell,1.0,celltypepilot
P23_B003136.gencode.vH29,2::3,NK cell,1.0,celltypepilot
P23_B003142.gencode.vH29,2::3,NK cell,1.0,celltypepilot
A23_B002383.gencode.vH29,2::3,NK cell,1.0,celltypepilot
B17_B003140.gencode.vH29,2::0,Endothelial cell,1.0,celltypepilot
B22_B002386.gencode.vH29,2::3,NK cell,1.0,celltypepilot
C21_B003137.gencode.vH29,2::3,NK cell,1.0,celltypepilot
C22_B002383.gencode.vH29,2::3,NK cell,1.0,celltypepilot
C22_B002385.gencode.vH29,2::2,Capillary endothelial cell,1.0,celltypepilot
D21_B003136.gencode.vH29,2::3,NK cell,1.0,celltypepilot
D22_B002014.gencode.vH29,2::2,Capillary endothelial cell,1.0,celltypepilot
D23_B002014.gencode.vH29,2::1,Ciliated cell,1.0,celltypepilot
E21_B002014.gencode.vH29,2::3,NK cell,1.0,celltypepilot
E22_B003136.gencode.vH29,2::3,NK cell,1.0,celltypepilot
E22_B003142.gencode.vH29,2::3,NK cell,1.0,celltypepilot
F21_B002383.gencode.vH29,2::2,Capillary endothelial cell,1.0,celltypepilot
F21_B003136.gencode.vH29,2::4,Alveolar type 2 cell,1.0,celltypepilot
F22_B002383.gencode.vH29,2::1,Ciliated cell,1.0,celltypepilot
F22_B003139.gencode.vH29,2::2,Capillary endothelial cell,1.0,celltypepilot
F22_B003140.gencode.vH29,2::3,NK cell,1.0,celltypepilot
F22_B003142.gencode.vH29,2::3,NK cell,1.0,celltypepilot
F23_B002382.gencode.vH29,2::2,Capillary endothelial cell,1.0,celltypepilot
G21_B002383.gencode.vH29,2::3,NK cell,1.0,celltypepilot
G21_B003139.gencode.vH29,2::1,Ciliated cell,1.0,celltypepilot
G22_B003136.gencode.vH29,2::1,Ciliated cell,1.0,celltypepilot
G23_B002014.gencode.vH29,2::2,Capillary endothelial cell,1.0,celltypepilot
G23_B002383.gencode.vH29,2::2,Capillary endothelial cell,1.0,celltypepilot
G23_B003138.gencode.vH29,2::3,NK cell,1.0,celltypepilot
H21_B003140.gencode.vH29,2::3,NK cell,1.0,celltypepilot
H22_B002385.gencode.vH29,2::5,Pericyte,1.0,celltypepilot
H22_B003141.gencode.vH29,2::3,NK cell,1.0,celltypepilot
H22_B003142.gencode.vH29,2::1,Ciliated cell,1.0,celltypepilot
I18_B002385.gencode.vH29,2::0,Endothelial cell,1.0,celltypepilot
I21_B002382.gencode.vH29,2::3,NK cell,1.0,celltypepilot
I22_B003142.gencode.vH29,2::3,NK cell,1.0,celltypepilot
I23_B003140.gencode.vH29,2::0,Endothelial cell,1.0,celltypepilot
I5_B003141.gencode.vH29,2::1,Ciliated cell,1.0,celltypepilot
J22_B003139.gencode.vH29,2::2,Capillary endothelial cell,1.0,celltypepilot
J23_B003142.gencode.vH29,2::3,NK cell,1.0,celltypepilot
K22_B002014.gencode.vH29,2::3,NK cell,1.0,celltypepilot
K22_B002386.gencode.vH29,2::3,NK cell,1.0,celltypepilot
K23_B003138.gencode.vH29,2::3,NK cell,1.0,celltypepilot
L21_B003136.gencode.vH29,2::3,NK cell,1.0,celltypepilot
L21_B003138.gencode.vH29,2::1,Ciliated cell,1.0,celltypepilot
L22_B002014.gencode.vH29,2::3,NK cell,1.0,celltypepilot
L22_B002383.gencode.vH29,2::3,NK cell,1.0,celltypepilot
L22_B003138.gencode.vH29,2::3,NK cell,1.0,celltypepilot
M21_B002014.gencode.vH29,2::3,NK cell,1.0,celltypepilot
M21_B002385.gencode.vH29,2::1,Ciliated cell,1.0,celltypepilot
M22_B002382.gencode.vH29,2::3,NK cell,1.0,celltypepilot
M22_B002385.gencode.vH29,2::3,NK cell,1.0,celltypepilot
M22_B003141.gencode.vH29,2::2,Capillary endothelial cell,1.0,celltypepilot
M22_B003142.gencode.vH29,2::3,NK cell,1.0,celltypepilot
M23_B003142.gencode.vH29,2::3,NK cell,1.0,celltypepilot
N21_B002014.gencode.vH29,2::3,NK cell,1.0,celltypepilot
N21_B003139.gencode.vH29,2::3,NK cell,1.0,celltypepilot
N23_B003141.gencode.vH29,2::3,NK cell,1.0,celltypepilot
N23_B003142.gencode.vH29,2::1,Ciliated cell,1.0,celltypepilot
O22_B002014.gencode.vH29,2::3,NK cell,1.0,celltypepilot
O22_B002382.gencode.vH29,2::3,NK cell,1.0,celltypepilot
O22_B002383.gencode.vH29,2::3,NK cell,1.0,celltypepilot
P21_B003137.gencode.vH29,2::3,NK cell,1.0,celltypepilot
P23_B003140.gencode.vH29,2::3,NK cell,1.0,celltypepilot
A3_B002014.gencode.vH29,2::4,Alveolar type 2 cell,1.0,celltypepilot
A6_B003141.gencode.vH29,2::4,Alveolar type 2 cell,1.0,celltypepilot
B10_B003140.gencode.vH29,2::4,Alveolar type 2 cell,1.0,celltypepilot
B11_B003139.gencode.vH29,2::4,Alveolar type 2 cell,1.0,celltypepilot
B12_B003138.gencode.vH29,2::4,Alveolar type 2 cell,1.0,celltypepilot
B12_B003139.gencode.vH29,2::4,Alveolar type 2 cell,1.0,celltypepilot
B13_B003139.gencode.vH29,2::4,Alveolar type 2 cell,1.0,celltypepilot
B6_B003139.gencode.vH29,2::4,Alveolar type 2 cell,1.0,celltypepilot
B8_B003139.gencode.vH29,2::4,Alveolar type 2 cell,1.0,celltypepilot
C10_B003138.gencode.vH29,2::4,Alveolar type 2 cell,1.0,celltypepilot
C11_B003139.gencode.vH29,2::4,Alveolar type 2 cell,1.0,celltypepilot
C2_B002014.gencode.vH29,2::4,Alveolar type 2 cell,1.0,celltypepilot
C2_B003138.gencode.vH29,2::4,Alveolar type 2 cell,1.0,celltypepilot
C3_B002014.gencode.vH29,2::4,Alveolar type 2 cell,1.0,celltypepilot
C3_B003139.gencode.vH29,2::4,Alveolar type 2 cell,1.0,celltypepilot
C8_B003138.gencode.vH29,2::4,Alveolar type 2 cell,1.0,celltypepilot
C9_B002014.gencode.vH29,2::4,Alveolar type 2 cell,1.0,celltypepilot
D11_B002014.gencode.vH29,2::4,Alveolar type 2 cell,1.0,celltypepilot
D12_B003139.gencode.vH29,2::4,Alveolar type 2 cell,1.0,celltypepilot
D5_B002014.gencode.vH29,2::4,Alveolar type 2 cell,1.0,celltypepilot
D6_B003138.gencode.vH29,2::4,Alveolar type 2 cell,1.0,celltypepilot
D9_B002014.gencode.vH29,2::4,Alveolar type 2 cell,1.0,celltypepilot
D9_B002385.gencode.vH29,2::4,Alveolar type 2 cell,1.0,celltypepilot
E10_B002014.gencode.vH29,2::4,Alveolar type 2 cell,1.0,celltypepilot
E13_B003139.gencode.vH29,2::4,Alveolar type 2 cell,1.0,celltypepilot
E2_B002014.gencode.vH29,2::4,Alveolar type 2 cell,1.0,celltypepilot
E3_B002014.gencode.vH29,2::4,Alveolar type 2 cell,1.0,celltypepilot
E8_B002383.gencode.vH29,2::4,Alveolar type 2 cell,1.0,celltypepilot
F10_B003138.gencode.vH29,2::4,Alveolar type 2 cell,1.0,celltypepilot
F13_B002383.gencode.vH29,2::4,Alveolar type 2 cell,1.0,celltypepilot
F2_B002383.gencode.vH29,2::4,Alveolar type 2 cell,1.0,celltypepilot
F4_B002014.gencode.vH29,2::4,Alveolar type 2 cell,1.0,celltypepilot
F4_B003137.gencode.vH29,2::4,Alveolar type 2 cell,1.0,celltypepilot
F5_B002014.gencode.vH29,2::4,Alveolar type 2 cell,1.0,celltypepilot
F5_B003138.gencode.vH29,2::4,Alveolar type 2 cell,1.0,celltypepilot
F5_B003139.gencode.vH29,2::4,Alveolar type 2 cell,1.0,celltypepilot
F7_B002014.gencode.vH29,2::4,Alveolar type 2 cell,1.0,celltypepilot
F7_B003139.gencode.vH29,2::4,Alveolar type 2 cell,1.0,celltypepilot
F9_B003139.gencode.vH29,2::4,Alveolar type 2 cell,1.0,celltypepilot
G10_B002383.gencode.vH29,2::4,Alveolar type 2 cell,1.0,celltypepilot
G4_B002014.gencode.vH29,2::4,Alveolar type 2 cell,1.0,celltypepilot
G4_B002383.gencode.vH29,2::4,Alveolar type 2 cell,1.0,celltypepilot
G5_B002014.gencode.vH29,2::4,Alveolar type 2 cell,1.0,celltypepilot
G5_B002383.gencode.vH29,2::4,Alveolar type 2 cell,1.0,celltypepilot
G5_B003138.gencode.vH29,2::4,Alveolar type 2 cell,1.0,celltypepilot
G6_B003138.gencode.vH29,2::4,Alveolar type 2 cell,1.0,celltypepilot
G7_B002014.gencode.vH29,2::4,Alveolar type 2 cell,1.0,celltypepilot
H13_B003138.gencode.vH29,2::4,Alveolar type 2 cell,1.0,celltypepilot
H8_B002014.gencode.vH29,2::4,Alveolar type 2 cell,1.0,celltypepilot
H8_B003138.gencode.vH29,2::4,Alveolar type 2 cell,1.0,celltypepilot
I12_B003139.gencode.vH29,2::4,Alveolar type 2 cell,1.0,celltypepilot
I3_B003138.gencode.vH29,2::4,Alveolar type 2 cell,1.0,celltypepilot
I4_B003138.gencode.vH29,2::4,Alveolar type 2 cell,1.0,celltypepilot
I9_B002383.gencode.vH29,2::4,Alveolar type 2 cell,1.0,celltypepilot
J10_B002014.gencode.vH29,2::4,Alveolar type 2 cell,1.0,celltypepilot
J11_B002383.gencode.vH29,2::4,Alveolar type 2 cell,1.0,celltypepilot
J11_B003139.gencode.vH29,2::4,Alveolar type 2 cell,1.0,celltypepilot
J13_B002014.gencode.vH29,2::4,Alveolar type 2 cell,1.0,celltypepilot
J13_B003138.gencode.vH29,2::4,Alveolar type 2 cell,1.0,celltypepilot
J2_B002014.gencode.vH29,2::4,Alveolar type 2 cell,1.0,celltypepilot
J5_B002383.gencode.vH29,2::4,Alveolar type 2 cell,1.0,celltypepilot
K1_B003139.gencode.vH29,2::4,Alveolar type 2 cell,1.0,celltypepilot
K10_B002383.gencode.vH29,2::4,Alveolar type 2 cell,1.0,celltypepilot
K12_B002014.gencode.vH29,2::4,Alveolar type 2 cell,1.0,celltypepilot
K2_B003139.gencode.vH29,2::4,Alveolar type 2 cell,1.0,celltypepilot
K4_B003138.gencode.vH29,2::4,Alveolar type 2 cell,1.0,celltypepilot
K5_B003139.gencode.vH29,2::4,Alveolar type 2 cell,1.0,celltypepilot
K6_B003138.gencode.vH29,2::4,Alveolar type 2 cell,1.0,celltypepilot
K7_B002014.gencode.vH29,2::4,Alveolar type 2 cell,1.0,celltypepilot
K7_B002383.gencode.vH29,2::4,Alveolar type 2 cell,1.0,celltypepilot
K8_B002014.gencode.vH29,2::4,Alveolar type 2 cell,1.0,celltypepilot
K9_B002014.gencode.vH29,2::4,Alveolar type 2 cell,1.0,celltypepilot
L11_B003138.gencode.vH29,2::4,Alveolar type 2 cell,1.0,celltypepilot
L12_B002014.gencode.vH29,2::4,Alveolar type 2 cell,1.0,celltypepilot
L2_B003138.gencode.vH29,2::4,Alveolar type 2 cell,1.0,celltypepilot
L3_B003139.gencode.vH29,2::4,Alveolar type 2 cell,1.0,celltypepilot
L4_B002014.gencode.vH29,2::4,Alveolar type 2 cell,1.0,celltypepilot
L5_B003138.gencode.vH29,2::4,Alveolar type 2 cell,1.0,celltypepilot
L9_B002014.gencode.vH29,2::4,Alveolar type 2 cell,1.0,celltypepilot
M10_B003139.gencode.vH29,2::4,Alveolar type 2 cell,1.0,celltypepilot
M12_B003139.gencode.vH29,2::4,Alveolar type 2 cell,1.0,celltypepilot
M6_B002014.gencode.vH29,2::4,Alveolar type 2 cell,1.0,celltypepilot
M8_B003138.gencode.vH29,2::4,Alveolar type 2 cell,1.0,celltypepilot
M9_B002014.gencode.vH29,2::4,Alveolar type 2 cell,1.0,celltypepilot
M9_B003138.gencode.vH29,2::4,Alveolar type 2 cell,1.0,celltypepilot
N10_B003139.gencode.vH29,2::4,Alveolar type 2 cell,1.0,celltypepilot
N12_B003139.gencode.vH29,2::4,Alveolar type 2 cell,1.0,celltypepilot
N5_B003138.gencode.vH29,2::4,Alveolar type 2 cell,1.0,celltypepilot
N7_B003138.gencode.vH29,2::4,Alveolar type 2 cell,1.0,celltypepilot
O11_B002014.gencode.vH29,2::4,Alveolar type 2 cell,1.0,celltypepilot
O11_B002383.gencode.vH29,2::4,Alveolar type 2 cell,1.0,celltypepilot
O2_B002014.gencode.vH29,2::4,Alveolar type 2 cell,1.0,celltypepilot
O3_B002014.gencode.vH29,2::4,Alveolar type 2 cell,1.0,celltypepilot
O3_B002383.gencode.vH29,2::4,Alveolar type 2 cell,1.0,celltypepilot
O5_B002014.gencode.vH29,2::4,Alveolar type 2 cell,1.0,celltypepilot
O7_B002383.gencode.vH29,2::4,Alveolar type 2 cell,1.0,celltypepilot
A6_B002014.gencode.vH29,2::1,Ciliated cell,1.0,celltypepilot
A9_B003138.gencode.vH29,2::1,Ciliated cell,1.0,celltypepilot
B10_B002014.gencode.vH29,2::1,Ciliated cell,1.0,celltypepilot
B10_B002383.gencode.vH29,2::1,Ciliated cell,1.0,celltypepilot
B7_B002383.gencode.vH29,2::1,Ciliated cell,1.0,celltypepilot
B8_B002014.gencode.vH29,2::1,Ciliated cell,1.0,celltypepilot
C1_B002014.gencode.vH29,2::1,Ciliated cell,1.0,celltypepilot
C11_B002383.gencode.vH29,2::1,Ciliated cell,1.0,celltypepilot
C13_B002014.gencode.vH29,2::1,Ciliated cell,1.0,celltypepilot
C5_B002014.gencode.vH29,2::1,Ciliated cell,1.0,celltypepilot
C7_B002383.gencode.vH29,2::1,Ciliated cell,1.0,celltypepilot
C8_B002014.gencode.vH29,2::1,Ciliated cell,1.0,celltypepilot
C8_B002383.gencode.vH29,2::1,Ciliated cell,1.0,celltypepilot
D7_B002383.gencode.vH29,2::1,Ciliated cell,1.0,celltypepilot
E12_B002014.gencode.vH29,2::1,Ciliated cell,1.0,celltypepilot
E5_B002014.gencode.vH29,2::1,Ciliated cell,1.0,celltypepilot
E5_B003138.gencode.vH29,2::1,Ciliated cell,1.0,celltypepilot
E5_B003139.gencode.vH29,2::1,Ciliated cell,1.0,celltypepilot
E8_B002014.gencode.vH29,2::1,Ciliated cell,1.0,celltypepilot
E8_B003138.gencode.vH29,2::1,Ciliated cell,1.0,celltypepilot
E9_B002383.gencode.vH29,2::1,Ciliated cell,1.0,celltypepilot
E9_B003138.gencode.vH29,2::1,Ciliated cell,1.0,celltypepilot
F10_B002383.gencode.vH29,2::1,Ciliated cell,1.0,celltypepilot
F11_B002014.gencode.vH29,2::1,Ciliated cell,1.0,celltypepilot
F13_B002014.gencode.vH29,2::1,Ciliated cell,1.0,celltypepilot
G1_B002014.gencode.vH29,2::1,Ciliated cell,1.0,celltypepilot
G11_B003139.gencode.vH29,2::1,Ciliated cell,1.0,celltypepilot
G12_B003138.gencode.vH29,2::1,Ciliated cell,1.0,celltypepilot
G6_B002383.gencode.vH29,2::1,Ciliated cell,1.0,celltypepilot
G6_B003139.gencode.vH29,2::1,Ciliated cell,1.0,celltypepilot
H10_B003138.gencode.vH29,2::1,Ciliated cell,1.0,celltypepilot
H13_B002383.gencode.vH29,2::1,Ciliated cell,1.0,celltypepilot
H3_B003138.gencode.vH29,2::1,Ciliated cell,1.0,celltypepilot
H5_B002014.gencode.vH29,2::1,Ciliated cell,1.0,celltypepilot
H6_B002014.gencode.vH29,2::1,Ciliated cell,1.0,celltypepilot
H7_B003138.gencode.vH29,2::1,Ciliated cell,1.0,celltypepilot
I1_B003139.gencode.vH29,2::1,Ciliated cell,1.0,celltypepilot
I10_B002383.gencode.vH29,2::1,Ciliated cell,1.0,celltypepilot
I10_B003138.gencode.vH29,2::1,Ciliated cell,1.0,celltypepilot
I11_B002014.gencode.vH29,2::1,Ciliated cell,1.0,celltypepilot
I12_B002014.gencode.vH29,2::1,Ciliated cell,1.0,celltypepilot
I6_B002383.gencode.vH29,2::1,Ciliated cell,1.0,celltypepilot
I6_B003138.gencode.vH29,2::1,Ciliated cell,1.0,celltypepilot
I8_B002383.gencode.vH29,2::1,Ciliated cell,1.0,celltypepilot
J10_B003138.gencode.vH29,2::1,Ciliated cell,1.0,celltypepilot
J12_B002014.gencode.vH29,2::1,Ciliated cell,1.0,celltypepilot
J3_B002014.gencode.vH29,2::1,Ciliated cell,1.0,celltypepilot
J5_B003138.gencode.vH29,2::1,Ciliated cell,1.0,celltypepilot
J6_B003138.gencode.vH29,2::1,Ciliated cell,1.0,celltypepilot
J9_B003138.gencode.vH29,2::1,Ciliated cell,1.0,celltypepilot
K11_B002014.gencode.vH29,2::1,Ciliated cell,1.0,celltypepilot
K12_B002383.gencode.vH29,2::1,Ciliated cell,1.0,celltypepilot
K13_B002383.gencode.vH29,2::1,Ciliated cell,1.0,celltypepilot
K13_B003139.gencode.vH29,2::1,Ciliated cell,1.0,celltypepilot
K5_B002014.gencode.vH29,2::1,Ciliated cell,1.0,celltypepilot
K6_B003139.gencode.vH29,2::1,Ciliated cell,1.0,celltypepilot
K9_B003138.gencode.vH29,2::1,Ciliated cell,1.0,celltypepilot
K9_B003139.gencode.vH29,2::1,Ciliated cell,1.0,celltypepilot
L10_B003138.gencode.vH29,2::1,Ciliated cell,1.0,celltypepilot
L11_B002014.gencode.vH29,2::1,Ciliated cell,1.0,celltypepilot
L11_B002383.gencode.vH29,2::1,Ciliated cell,1.0,celltypepilot
L11_B003139.gencode.vH29,2::1,Ciliated cell,1.0,celltypepilot
L12_B003139.gencode.vH29,2::1,Ciliated cell,1.0,celltypepilot
L3_B002014.gencode.vH29,2::1,Ciliated cell,1.0,celltypepilot
L3_B002383.gencode.vH29,2::1,Ciliated cell,1.0,celltypepilot
L4_B003138.gencode.vH29,2::1,Ciliated cell,1.0,celltypepilot
L7_B003138.gencode.vH29,2::1,Ciliated cell,1.0,celltypepilot
L9_B003139.gencode.vH29,2::1,Ciliated cell,1.0,celltypepilot
M12_B002014.gencode.vH29,2::1,Ciliated cell,1.0,celltypepilot
M13_B003138.gencode.vH29,2::1,Ciliated cell,1.0,celltypepilot
M2_B002014.gencode.vH29,2::1,Ciliated cell,1.0,celltypepilot
M4_B003139.gencode.vH29,2::1,Ciliated cell,1.0,celltypepilot
M5_B002014.gencode.vH29,2::1,Ciliated cell,1.0,celltypepilot
M6_B003138.gencode.vH29,2::1,Ciliated cell,1.0,celltypepilot
M7_B002014.gencode.vH29,2::1,Ciliated cell,1.0,celltypepilot
M7_B003138.gencode.vH29,2::1,Ciliated cell,1.0,celltypepilot
N10_B003138.gencode.vH29,2::1,Ciliated cell,1.0,celltypepilot
N11_B003138.gencode.vH29,2::1,Ciliated cell,1.0,celltypepilot
N13_B002014.gencode.vH29,2::1,Ciliated cell,1.0,celltypepilot
N2_B002014.gencode.vH29,2::1,Ciliated cell,1.0,celltypepilot
N6_B003139.gencode.vH29,2::1,Ciliated cell,1.0,celltypepilot
N7_B002383.gencode.vH29,2::1,Ciliated cell,1.0,celltypepilot
N8_B003138.gencode.vH29,2::1,Ciliated cell,1.0,celltypepilot
O13_B002383.gencode.vH29,2::1,Ciliated cell,1.0,celltypepilot
A1_B001222.gencode.vH29,1::5,Club cell,1.0,celltypepilot
A12_B001235.gencode.vH29,1::5,Club cell,1.0,celltypepilot
A16_B001235.gencode.vH29,1::2,Club cell,1.0,celltypepilot
A17_B001235.gencode.vH29,1::5,Club cell,1.0,celltypepilot
A20_B001225.gencode.vH29,1::5,Club cell,1.0,celltypepilot
A20_B001235.gencode.vH29,1::5,Club cell,1.0,celltypepilot
A21_B001224.gencode.vH29,1::2,Club cell,1.0,celltypepilot
A21_B001237.gencode.vH29,1::5,Club cell,1.0,celltypepilot
A22_B001225.gencode.vH29,1::2,Club cell,1.0,celltypepilot
A3_B001222.gencode.vH29,1::5,Club cell,1.0,celltypepilot
A3_B001234.gencode.vH29,1::5,Club cell,1.0,celltypepilot
A4_B001224.gencode.vH29,1::5,Club cell,1.0,celltypepilot
A4_B001234.gencode.vH29,1::5,Club cell,1.0,celltypepilot
A4_B001237.gencode.vH29,1::2,Club cell,1.0,celltypepilot
A5_B001237.gencode.vH29,1::5,Club cell,1.0,celltypepilot
A7_B001222.gencode.vH29,1::2,Club cell,1.0,celltypepilot
A7_B001223.gencode.vH29,1::2,Club cell,1.0,celltypepilot
A7_B001225.gencode.vH29,1::5,Club cell,1.0,celltypepilot
A7_B001234.gencode.vH29,1::5,Club cell,1.0,celltypepilot
A8_B001222.gencode.vH29,1::2,Club cell,1.0,celltypepilot
A8_B001237.gencode.vH29,1::2,Club cell,1.0,celltypepilot
A9_B001237.gencode.vH29,1::2,Club cell,1.0,celltypepilot
B1_B001223.gencode.vH29,1::5,Club cell,1.0,celltypepilot
B11_B001234.gencode.vH29,1::5,Club cell,1.0,celltypepilot
B12_B001222.gencode.vH29,1::2,Club cell,1.0,celltypepilot
B13_B001224.gencode.vH29,1::2,Club cell,1.0,celltypepilot
B14_B001225.gencode.vH29,1::5,Club cell,1.0,celltypepilot
B14_B001234.gencode.vH29,1::5,Club cell,1.0,celltypepilot
B14_B001235.gencode.vH29,1::5,Club cell,1.0,celltypepilot
B15_B001234.gencode.vH29,1::5,Club cell,1.0,celltypepilot
B16_B001234.gencode.vH29,1::5,Club cell,1.0,celltypepilot
B17_B001225.gencode.vH29,1::5,Club cell,1.0,celltypepilot
B17_B001234.gencode.vH29,1::2,Club cell,1.0,celltypepilot
B20_B001223.gencode.vH29,1::5,Club cell,1.0,celltypepilot
B21_B001234.gencode.vH29,1::5,Club cell,1.0,celltypepilot
B21_B001239.gencode.vH29,1::5,Club cell,1.0,celltypepilot
B22_B001237.gencode.vH29,1::5,Club cell,1.0,celltypepilot
B3_B001237.gencode.vH29,1::2,Club cell,1.0,celltypepilot
B4_B001224.gencode.vH29,1::5,Club cell,1.0,celltypepilot
B4_B001237.gencode.vH29,1::5,Club cell,1.0,celltypepilot
B5_B001222.gencode.vH29,1::5,Club cell,1.0,celltypepilot
B5_B001235.gencode.vH29,1::2,Club cell,1.0,celltypepilot
B6_B001224.gencode.vH29,1::5,Club cell,1.0,celltypepilot
B7_B001222.gencode.vH29,1::2,Club cell,1.0,celltypepilot
B8_B001234.gencode.vH29,1::5,Club cell,1.0,celltypepilot
B9_B001222.gencode.vH29,1::2,Club cell,1.0,celltypepilot
C11_B001225.gencode.vH29,1::5,Club cell,1.0,celltypepilot
C11_B001234.gencode.vH29,1::5,Club cell,1.0,celltypepilot
C12_B001222.gencode.vH29,1::2,Club cell,1.0,celltypepilot
C12_B001234.gencode.vH29,1::5,Club cell,1.0,celltypepilot
C13_B001235.gencode.vH29,1::5,Club cell,1.0,celltypepilot
C14_B001224.gencode.vH29,1::5,Club cell,1.0,celltypepilot
C16_B001222.gencode.vH29,1::2,Club cell,1.0,celltypepilot
C16_B001225.gencode.vH29,1::2,Club cell,1.0,celltypepilot
C16_B001235.gencode.vH29,1::2,Club cell,1.0,celltypepilot
C17_B001235.gencode.vH29,1::5,Club cell,1.0,celltypepilot
C18_B001223.gencode.vH29,1::2,Club cell,1.0,celltypepilot
C18_B001234.gencode.vH29,1::5,Club cell,1.0,celltypepilot
C22_B001223.gencode.vH29,1::2,Club cell,1.0,celltypepilot
C3_B001239.gencode.vH29,1::2,Club cell,1.0,celltypepilot
C4_B001224.gencode.vH29,1::5,Club cell,1.0,celltypepilot
C5_B001222.gencode.vH29,1::2,Club cell,1.0,celltypepilot
C6_B001235.gencode.vH29,1::5,Club cell,1.0,celltypepilot
C7_B001223.gencode.vH29,1::2,Club cell,1.0,celltypepilot
C7_B001225.gencode.vH29,1::2,Club cell,1.0,celltypepilot
C7_B001235.gencode.vH29,1::5,Club cell,1.0,celltypepilot
C8_B001222.gencode.vH29,1::5,Club cell,1.0,celltypepilot
C9_B001224.gencode.vH29,1::2,Club cell,1.0,celltypepilot
C9_B001226.gencode.vH29,1::5,Club cell,1.0,celltypepilot
C9_B001237.gencode.vH29,1::5,Club cell,1.0,celltypepilot
D1_B001237.gencode.vH29,1::2,Club cell,1.0,celltypepilot
D10_B001225.gencode.vH29,1::2,Club cell,1.0,celltypepilot
D10_B001235.gencode.vH29,1::2,Club cell,1.0,celltypepilot
D10_B001237.gencode.vH29,1::5,Club cell,1.0,celltypepilot
D11_B001234.gencode.vH29,1::5,Club cell,1.0,celltypepilot
D11_B001235.gencode.vH29,1::2,Club cell,1.0,celltypepilot
D11_B001237.gencode.vH29,1::5,Club cell,1.0,celltypepilot
D12_B001223.gencode.vH29,1::2,Club cell,1.0,celltypepilot
D13_B001234.gencode.vH29,1::5,Club cell,1.0,celltypepilot
D14_B001235.gencode.vH29,1::2,Club cell,1.0,celltypepilot
D17_B001222.gencode.vH29,1::1,Unknown,0.5,celltypepilot
D18_B001223.gencode.vH29,1::5,Club cell,1.0,celltypepilot
D18_B001235.gencode.vH29,1::5,Club cell,1.0,celltypepilot
D18_B001237.gencode.vH29,1::2,Club cell,1.0,celltypepilot
D19_B001225.gencode.vH29,1::5,Club cell,1.0,celltypepilot
D2_B001234.gencode.vH29,1::5,Club cell,1.0,celltypepilot
D2_B001235.gencode.vH29,1::2,Club cell,1.0,celltypepilot
D2_B002580.gencode.vH29,1::5,Club cell,1.0,celltypepilot
D21_B001224.gencode.vH29,1::5,Club cell,1.0,celltypepilot
D21_B001234.gencode.vH29,1::5,Club cell,1.0,celltypepilot
D21_B001235.gencode.vH29,1::2,Club cell,1.0,celltypepilot
D22_B001224.gencode.vH29,1::2,Club cell,1.0,celltypepilot
D4_B001234.gencode.vH29,1::5,Club cell,1.0,celltypepilot
D5_B001234.gencode.vH29,1::5,Club cell,1.0,celltypepilot
D5_B001239.gencode.vH29,1::5,Club cell,1.0,celltypepilot
D6_B001222.gencode.vH29,1::5,Club cell,1.0,celltypepilot
D7_B001223.gencode.vH29,1::2,Club cell,1.0,celltypepilot
D7_B001225.gencode.vH29,1::2,Club cell,1.0,celltypepilot
D7_B001235.gencode.vH29,1::2,Club cell,1.0,celltypepilot
D8_B001222.gencode.vH29,1::5,Club cell,1.0,celltypepilot
D9_B001222.gencode.vH29,1::2,Club cell,1.0,celltypepilot
D9_B001234.gencode.vH29,1::5,Club cell,1.0,celltypepilot
D9_B001235.gencode.vH29,1::2,Club cell,1.0,celltypepilot
E11_B001234.gencode.vH29,1::2,Club cell,1.0,celltypepilot
E13_B001225.gencode.vH29,1::2,Club cell,1.0,celltypepilot
E13_B001234.gencode.vH29,1::5,Club cell,1.0,celltypepilot
E15_B001235.gencode.vH29,1::2,Club cell,1.0,celltypepilot
E17_B001237.gencode.vH29,1::5,Club cell,1.0,celltypepilot
E19_B001222.gencode.vH29,1::5,Club cell,1.0,celltypepilot
E19_B001237.gencode.vH29,1::5,Club cell,1.0,celltypepilot
E2_B001222.gencode.vH29,1::5,Club cell,1.0,celltypepilot
E2_B001237.gencode.vH29,1::2,Club cell,1.0,celltypepilot
E20_B001234.gencode.vH29,1::5,Club cell,1.0,celltypepilot
E20_B001235.gencode.vH29,1::2,Club cell,1.0,celltypepilot
E22_B001223.gencode.vH29,1::5,Club cell,1.0,celltypepilot
E22_B001234.gencode.vH29,1::2,Club cell,1.0,celltypepilot
E7_B001225.gencode.vH29,1::5,Club cell,1.0,celltypepilot
E7_B001234.gencode.vH29,1::5,Club cell,1.0,celltypepilot
E8_B001234.gencode.vH29,1::2,Club cell,1.0,celltypepilot
E9_B001222.gencode.vH29,1::1,Unknown,0.5,celltypepilot
F1_B001223.gencode.vH29,1::2,Club cell,1.0,celltypepilot
F11_B001225.gencode.vH29,1::2,Club cell,1.0,celltypepilot
F11_B001234.gencode.vH29,1::5,Club cell,1.0,celltypepilot
F12_B001234.gencode.vH29,1::2,Club cell,1.0,celltypepilot
F14_B001222.gencode.vH29,1::5,Club cell,1.0,celltypepilot
F14_B001237.gencode.vH29,1::5,Club cell,1.0,celltypepilot
F18_B001237.gencode.vH29,1::2,Club cell,1.0,celltypepilot
F19_B001234.gencode.vH29,1::5,Club cell,1.0,celltypepilot
F19_B001237.gencode.vH29,1::2,Club cell,1.0,celltypepilot
F2_B001222.gencode.vH29,1::5,Club cell,1.0,celltypepilot
F2_B001239.gencode.vH29,1::5,Club cell,1.0,celltypepilot
F22_B001234.gencode.vH29,1::5,Club cell,1.0,celltypepilot
F22_B001239.gencode.vH29,1::1,Unknown,0.5,celltypepilot
F3_B001227.gencode.vH29,1::2,Club cell,1.0,celltypepilot
F4_B001222.gencode.vH29,1::5,Club cell,1.0,celltypepilot
F4_B001234.gencode.vH29,1::2,Club cell,1.0,celltypepilot
F9_B001225.gencode.vH29,1::2,Club cell,1.0,celltypepilot
F9_B001234.gencode.vH29,1::2,Club cell,1.0,celltypepilot
G1_B001222.gencode.vH29,1::2,Club cell,1.0,celltypepilot
G12_B001222.gencode.vH29,1::5,Club cell,1.0,celltypepilot
G12_B001235.gencode.vH29,1::5,Club cell,1.0,celltypepilot
G12_B001237.gencode.vH29,1::5,Club cell,1.0,celltypepilot
G13_B001234.gencode.vH29,1::2,Club cell,1.0,celltypepilot
G14_B001234.gencode.vH29,1::2,Club cell,1.0,celltypepilot
G15_B001234.gencode.vH29,1::5,Club cell,1.0,celltypepilot
G16_B001225.gencode.vH29,1::5,Club cell,1.0,celltypepilot
G18_B001235.gencode.vH29,1::2,Club cell,1.0,celltypepilot
G2_B001234.gencode.vH29,1::2,Club cell,1.0,celltypepilot
G20_B001225.gencode.vH29,1::2,Club cell,1.0,celltypepilot
G20_B001235.gencode.vH29,1::2,Club cell,1.0,celltypepilot
G22_B001234.gencode.vH29,1::2,Club cell,1.0,celltypepilot
G4_B001237.gencode.vH29,1::5,Club cell,1.0,celltypepilot
G5_B001225.gencode.vH29,1::5,Club cell,1.0,celltypepilot
G5_B001237.gencode.vH29,1::5,Club cell,1.0,celltypepilot
G7_B001235.gencode.vH29,1::2,Club cell,1.0,celltypepilot
H1_B001235.gencode.vH29,1::2,Club cell,1.0,celltypepilot
H11_B001222.gencode.vH29,1::5,Club cell,1.0,celltypepilot
H11_B001234.gencode.vH29,1::5,Club cell,1.0,celltypepilot
H11_B001237.gencode.vH29,1::2,Club cell,1.0,celltypepilot
H12_B001224.gencode.vH29,1::2,Club cell,1.0,celltypepilot
H13_B001234.gencode.vH29,1::5,Club cell,1.0,celltypepilot
H14_B001222.gencode.vH29,1::5,Club cell,1.0,celltypepilot
H15_B001234.gencode.vH29,1::5,Club cell,1.0,celltypepilot
H15_B001235.gencode.vH29,1::2,Club cell,1.0,celltypepilot
H16_B001237.gencode.vH29,1::5,Club cell,1.0,celltypepilot
H18_B001223.gencode.vH29,1::5,Club cell,1.0,celltypepilot
H18_B001234.gencode.vH29,1::5,Club cell,1.0,celltypepilot
H18_B001235.gencode.vH29,1::2,Club cell,1.0,celltypepilot
H19_B001234.gencode.vH29,1::2,Club cell,1.0,celltypepilot
H19_B001239.gencode.vH29,1::1,Unknown,0.5,celltypepilot
H2_B001234.gencode.vH29,1::5,Club cell,1.0,celltypepilot
H2_B001235.gencode.vH29,1::5,Club cell,1.0,celltypepilot
H21_B001235.gencode.vH29,1::2,Club cell,1.0,celltypepilot
H22_B001225.gencode.vH29,1::5,Club cell,1.0,celltypepilot
H6_B001237.gencode.vH29,1::5,Club cell,1.0,celltypepilot
H8_B001225.gencode.vH29,1::2,Club cell,1.0,celltypepilot
H9_B001234.gencode.vH29,1::5,Club cell,1.0,celltypepilot
I1_B001235.gencode.vH29,1::2,Club cell,1.0,celltypepilot
I10_B001234.gencode.vH29,1::2,Club cell,1.0,celltypepilot
I10_B001235.gencode.vH29,1::5,Club cell,1.0,celltypepilot
I14_B001224.gencode.vH29,1::2,Club cell,1.0,celltypepilot
I14_B001235.gencode.vH29,1::5,Club cell,1.0,celltypepilot
I14_B001237.gencode.vH29,1::2,Club cell,1.0,celltypepilot
I15_B001234.gencode.vH29,1::2,Club cell,1.0,celltypepilot
I15_B001235.gencode.vH29,1::5,Club cell,1.0,celltypepilot
I15_B001237.gencode.vH29,1::5,Club cell,1.0,celltypepilot
I16_B001222.gencode.vH29,1::2,Club cell,1.0,celltypepilot
I17_B001224.gencode.vH29,1::5,Club cell,1.0,celltypepilot
I2_B001237.gencode.vH29,1::5,Club cell,1.0,celltypepilot
I20_B001235.gencode.vH29,1::2,Club cell,1.0,celltypepilot
I21_B001225.gencode.vH29,1::2,Club cell,1.0,celltypepilot
I22_B001235.gencode.vH29,1::2,Club cell,1.0,celltypepilot
I5_B001234.gencode.vH29,1::5,Club cell,1.0,celltypepilot
I5_B001235.gencode.vH29,1::2,Club cell,1.0,celltypepilot
I8_B001222.gencode.vH29,1::2,Club cell,1.0,celltypepilot
I8_B001234.gencode.vH29,1::5,Club cell,1.0,celltypepilot
I9_B001234.gencode.vH29,1::5,Club cell,1.0,celltypepilot
J1_B001234.gencode.vH29,1::5,Club cell,1.0,celltypepilot
J10_B001235.gencode.vH29,1::5,Club cell,1.0,celltypepilot
J12_B001224.gencode.vH29,1::2,Club cell,1.0,celltypepilot
J12_B001234.gencode.vH29,1::2,Club cell,1.0,celltypepilot
J14_B001222.gencode.vH29,1::2,Club cell,1.0,celltypepilot
J14_B001234.gencode.vH29,1::5,Club cell,1.0,celltypepilot
J14_B001237.gencode.vH29,1::5,Club cell,1.0,celltypepilot
J17_B001225.gencode.vH29,1::2,Club cell,1.0,celltypepilot
J18_B001224.gencode.vH29,1::2,Club cell,1.0,celltypepilot
J2_B001222.gencode.vH29,1::2,Club cell,1.0,celltypepilot
J20_B001225.gencode.vH29,1::2,Club cell,1.0,celltypepilot
J21_B001234.gencode.vH29,1::2,Club cell,1.0,celltypepilot
J22_B001225.gencode.vH29,1::2,Club cell,1.0,celltypepilot
J22_B001235.gencode.vH29,1::5,Club cell,1.0,celltypepilot
J3_B001234.gencode.vH29,1::5,Club cell,1.0,celltypepilot
J5_B001237.gencode.vH29,1::2,Club cell,1.0,celltypepilot
J6_B001235.gencode.vH29,1::5,Club cell,1.0,celltypepilot
J6_B001237.gencode.vH29,1::5,Club cell,1.0,celltypepilot
J7_B001222.gencode.vH29,1::2,Club cell,1.0,celltypepilot
J8_B001222.gencode.vH29,1::5,Club cell,1.0,celltypepilot
J8_B001234.gencode.vH29,1::5,Club cell,1.0,celltypepilot
J9_B001222.gencode.vH29,1::2,Club cell,1.0,celltypepilot
J9_B001234.gencode.vH29,1::5,Club cell,1.0,celltypepilot
K1_B001224.gencode.vH29,1::2,Club cell,1.0,celltypepilot
K11_B001234.gencode.vH29,1::2,Club cell,1.0,celltypepilot
K11_B001239.gencode.vH29,1::2,Club cell,1.0,celltypepilot
K12_B001222.gencode.vH29,1::1,Unknown,0.5,celltypepilot
K13_B001234.gencode.vH29,1::5,Club cell,1.0,celltypepilot
K13_B001237.gencode.vH29,1::2,Club cell,1.0,celltypepilot
K14_B001239.gencode.vH29,1::2,Club cell,1.0,celltypepilot
K17_B001225.gencode.vH29,1::5,Club cell,1.0,celltypepilot
K17_B001235.gencode.vH29,1::5,Club cell,1.0,celltypepilot
K18_B001222.gencode.vH29,1::5,Club cell,1.0,celltypepilot
K18_B001235.gencode.vH29,1::2,Club cell,1.0,celltypepilot
K21_B001225.gencode.vH29,1::5,Club cell,1.0,celltypepilot
K21_B001234.gencode.vH29,1::5,Club cell,1.0,celltypepilot
K3_B001234.gencode.vH29,1::2,Club cell,1.0,celltypepilot
K4_B001235.gencode.vH29,1::2,Club cell,1.0,celltypepilot
K6_B001227.gencode.vH29,1::2,Club cell,1.0,celltypepilot
K6_B002580.gencode.vH29,1::2,Club cell,1.0,celltypepilot
K7_B001223.gencode.vH29,1::5,Club cell,1.0,celltypepilot
K7_B001234.gencode.vH29,1::5,Club cell,1.0,celltypepilot
K7_B001239.gencode.vH29,1::5,Club cell,1.0,celltypepilot
L1_B001235.gencode.vH29,1::5,Club cell,1.0,celltypepilot
L11_B001222.gencode.vH29,1::1,Unknown,0.5,celltypepilot
L12_B001225.gencode.vH29,1::5,Club cell,1.0,celltypepilot
L12_B001234.gencode.vH29,1::5,Club cell,1.0,celltypepilot
L13_B001234.gencode.vH29,1::2,Club cell,1.0,celltypepilot
L17_B001235.gencode.vH29,1::2,Club cell,1.0,celltypepilot
L18_B001224.gencode.vH29,1::5,Club cell,1.0,celltypepilot
L21_B001225.gencode.vH29,1::2,Club cell,1.0,celltypepilot
L23_B001225.gencode.vH29,1::5,Club cell,1.0,celltypepilot
L24_B001225.gencode.vH29,1::5,Club cell,1.0,celltypepilot
L3_B001235.gencode.vH29,1::2,Club cell,1.0,celltypepilot
L3_B001237.gencode.vH29,1::5,Club cell,1.0,celltypepilot
L4_B001224.gencode.vH29,1::5,Club cell,1.0,celltypepilot
L4_B001234.gencode.vH29,1::5,Club cell,1.0,celltypepilot
L4_B001235.gencode.vH29,1::5,Club cell,1.0,celltypepilot
L6_B001234.gencode.vH29,1::5,Club cell,1.0,celltypepilot
L7_B001239.gencode.vH29,1::5,Club cell,1.0,celltypepilot
L9_B001225.gencode.vH29,1::5,Club cell,1.0,celltypepilot
L9_B001235.gencode.vH29,1::2,Club cell,1.0,celltypepilot
M10_B001223.gencode.vH29,1::2,Club cell,1.0,celltypepilot
M10_B001234.gencode.vH29,1::2,Club cell,1.0,celltypepilot
M15_B001239.gencode.vH29,1::2,Club cell,1.0,celltypepilot
M17_B001223.gencode.vH29,1::2,Club cell,1.0,celltypepilot
M17_B001239.gencode.vH29,1::5,Club cell,1.0,celltypepilot
M18_B001235.gencode.vH29,1::5,Club cell,1.0,celltypepilot
M2_B001223.gencode.vH29,1::2,Club cell,1.0,celltypepilot
M2_B001235.gencode.vH29,1::5,Club cell,1.0,celltypepilot
M2_B002592.gencode.vH29,1::5,Club cell,1.0,celltypepilot
M20_B001234.gencode.vH29,1::5,Club cell,1.0,celltypepilot
M21_B001237.gencode.vH29,1::2,Club cell,1.0,celltypepilot
M22_B001237.gencode.vH29,1::5,Club cell,1.0,celltypepilot
M5_B001235.gencode.vH29,1::2,Club cell,1.0,celltypepilot
M6_B001225.gencode.vH29,1::2,Club cell,1.0,celltypepilot
M6_B001234.gencode.vH29,1::2,Club cell,1.0,celltypepilot
M7_B001225.gencode.vH29,1::5,Club cell,1.0,celltypepilot
M8_B001224.gencode.vH29,1::5,Club cell,1.0,celltypepilot
N1_B001222.gencode.vH29,1::2,Club cell,1.0,celltypepilot
N10_B001237.gencode.vH29,1::2,Club cell,1.0,celltypepilot
N11_B001235.gencode.vH29,1::5,Club cell,1.0,celltypepilot
N12_B001224.gencode.vH29,1::2,Club cell,1.0,celltypepilot
N13_B001235.gencode.vH29,1::2,Club cell,1.0,celltypepilot
N15_B001235.gencode.vH29,1::2,Club cell,1.0,celltypepilot
N15_B001239.gencode.vH29,1::5,Club cell,1.0,celltypepilot
N16_B001223.gencode.vH29,1::5,Club cell,1.0,celltypepilot
N17_B001225.gencode.vH29,1::5,Club cell,1.0,celltypepilot
N17_B001239.gencode.vH29,1::1,Unknown,0.5,celltypepilot
N18_B001234.gencode.vH29,1::5,Club cell,1.0,celltypepilot
N18_B001239.gencode.vH29,1::5,Club cell,1.0,celltypepilot
N20_B001235.gencode.vH29,1::2,Club cell,1.0,celltypepilot
N21_B001234.gencode.vH29,1::5,Club cell,1.0,celltypepilot
N5_B001234.gencode.vH29,1::5,Club cell,1.0,celltypepilot
N7_B001225.gencode.vH29,1::5,Club cell,1.0,celltypepilot
N7_B001234.gencode.vH29,1::5,Club cell,1.0,celltypepilot
N7_B001235.gencode.vH29,1::5,Club cell,1.0,celltypepilot
N9_B001237.gencode.vH29,1::2,Club cell,1.0,celltypepilot
O11_B001237.gencode.vH29,1::5,Club cell,1.0,celltypepilot
O12_B001222.gencode.vH29,1::5,Club cell,1.0,celltypepilot
O12_B001237.gencode.vH29,1::5,Club cell,1.0,celltypepilot
O13_B001222.gencode.vH29,1::5,Club cell,1.0,celltypepilot
O13_B001234.gencode.vH29,1::2,Club cell,1.0,celltypepilot
O13_B001235.gencode.vH29,1::5,Club cell,1.0,celltypepilot
O13_B001237.gencode.vH29,1::5,Club cell,1.0,celltypepilot
O15_B001235.gencode.vH29,1::5,Club cell,1.0,celltypepilot
O18_B001225.gencode.vH29,1::2,Club cell,1.0,celltypepilot
O20_B001225.gencode.vH29,1::2,Club cell,1.0,celltypepilot
O22_B001234.gencode.vH29,1::5,Club cell,1.0,celltypepilot
O5_B001234.gencode.vH29,1::2,Club cell,1.0,celltypepilot
O5_B001235.gencode.vH29,1::5,Club cell,1.0,celltypepilot
O7_B001222.gencode.vH29,1::2,Club cell,1.0,celltypepilot
O7_B001237.gencode.vH29,1::2,Club cell,1.0,celltypepilot
O8_B001222.gencode.vH29,1::2,Club cell,1.0,celltypepilot
O8_B001225.gencode.vH29,1::2,Club cell,1.0,celltypepilot
O9_B001237.gencode.vH29,1::5,Club cell,1.0,celltypepilot
P10_B001223.gencode.vH29,1::5,Club cell,1.0,celltypepilot
P11_B001222.gencode.vH29,1::1,Unknown,0.5,celltypepilot
P11_B001223.gencode.vH29,1::5,Club cell,1.0,celltypepilot
P11_B001237.gencode.vH29,1::5,Club cell,1.0,celltypepilot
P12_B001222.gencode.vH29,1::2,Club cell,1.0,celltypepilot
P13_B001222.gencode.vH29,1::5,Club cell,1.0,celltypepilot
P14_B001222.gencode.vH29,1::5,Club cell,1.0,celltypepilot
P14_B001237.gencode.vH29,1::2,Club cell,1.0,celltypepilot
P16_B001223.gencode.vH29,1::2,Club cell,1.0,celltypepilot
P16_B001225.gencode.vH29,1::5,Club cell,1.0,celltypepilot
P17_B001234.gencode.vH29,1::5,Club cell,1.0,celltypepilot
P18_B001237.gencode.vH29,1::5,Club cell,1.0,celltypepilot
P19_B001235.gencode.vH29,1::5,Club cell,1.0,celltypepilot
P19_B001237.gencode.vH29,1::2,Club cell,1.0,celltypepilot
P2_B001225.gencode.vH29,1::5,Club cell,1.0,celltypepilot
P4_B001235.gencode.vH29,1::5,Club cell,1.0,celltypepilot
P4_B001237.gencode.vH29,1::5,Club cell,1.0,celltypepilot
P5_B001225.gencode.vH29,1::5,Club cell,1.0,celltypepilot
P5_B001234.gencode.vH29,1::5,Club cell,1.0,celltypepilot
P7_B001225.gencode.vH29,1::5,Club cell,1.0,celltypepilot
P8_B001237.gencode.vH29,1::5,Club cell,1.0,celltypepilot
P9_B001223.gencode.vH29,1::2,Club cell,1.0,celltypepilot
P9_B001234.gencode.vH29,1::5,Club cell,1.0,celltypepilot
P9_B001237.gencode.vH29,1::5,Club cell,1.0,celltypepilot
B19_B001222.gencode.vH29,1::2,Club cell,1.0,celltypepilot
A1_B001237.gencode.vH29,1::5,Club cell,1.0,celltypepilot
A10_B001229.gencode.vH29,1::1,Unknown,0.5,celltypepilot
A17_B001225.gencode.vH29,1::2,Club cell,1.0,celltypepilot
A4_B001235.gencode.vH29,1::1,Unknown,0.5,celltypepilot
B18_B001234.gencode.vH29,1::1,Unknown,0.5,celltypepilot
C11_B001237.gencode.vH29,1::5,Club cell,1.0,celltypepilot
C14_B001237.gencode.vH29,1::5,Club cell,1.0,celltypepilot
C17_B001222.gencode.vH29,1::1,Unknown,0.5,celltypepilot
C9_B001235.gencode.vH29,1::1,Unknown,0.5,celltypepilot
D16_B001237.gencode.vH29,1::1,Unknown,0.5,celltypepilot
D16_B001239.gencode.vH29,1::5,Club cell,1.0,celltypepilot
D17_B001237.gencode.vH29,1::5,Club cell,1.0,celltypepilot
D20_B001225.gencode.vH29,1::1,Unknown,0.5,celltypepilot
D20_B001234.gencode.vH29,1::1,Unknown,0.5,celltypepilot
D5_B001224.gencode.vH29,1::1,Unknown,0.5,celltypepilot
E3_B001234.gencode.vH29,1::5,Club cell,1.0,celltypepilot
E6_B001235.gencode.vH29,1::1,Unknown,0.5,celltypepilot
F4_B001224.gencode.vH29,1::1,Unknown,0.5,celltypepilot
G15_B001223.gencode.vH29,1::1,Unknown,0.5,celltypepilot
G2_B001235.gencode.vH29,1::1,Unknown,0.5,celltypepilot
G6_B001234.gencode.vH29,1::1,Unknown,0.5,celltypepilot
H14_B001225.gencode.vH29,1::1,Unknown,0.5,celltypepilot
H20_B001224.gencode.vH29,1::1,Unknown,0.5,celltypepilot
H5_B001237.gencode.vH29,1::1,Unknown,0.5,celltypepilot
H9_B001222.gencode.vH29,1::2,Club cell,1.0,celltypepilot
I13_B001235.gencode.vH29,1::1,Unknown,0.5,celltypepilot
J15_B001234.gencode.vH29,1::1,Unknown,0.5,celltypepilot
J17_B001234.gencode.vH29,1::5,Club cell,1.0,celltypepilot
J7_B001237.gencode.vH29,1::1,Unknown,0.5,celltypepilot
K16_B001223.gencode.vH29,1::2,Club cell,1.0,celltypepilot
K5_B001222.gencode.vH29,1::5,Club cell,1.0,celltypepilot
L17_B001222.gencode.vH29,1::1,Unknown,0.5,celltypepilot
L5_B001235.gencode.vH29,1::2,Club cell,1.0,celltypepilot
M11_B001223.gencode.vH29,1::5,Club cell,1.0,celltypepilot
M14_B001237.gencode.vH29,1::1,Unknown,0.5,celltypepilot
M17_B001222.gencode.vH29,1::2,Club cell,1.0,celltypepilot
M5_B001227.gencode.vH29,1::1,Unknown,0.5,celltypepilot
M7_B001234.gencode.vH29,1::5,Club cell,1.0,celltypepilot
N14_B001234.gencode.vH29,1::5,Club cell,1.0,celltypepilot
N5_B001225.gencode.vH29,1::5,Club cell,1.0,celltypepilot
N6_B001225.gencode.vH29,1::1,Unknown,0.5,celltypepilot
O17_B001225.gencode.vH29,1::1,Unknown,0.5,celltypepilot
O7_B001225.gencode.vH29,1::1,Unknown,0.5,celltypepilot
P20_B001235.gencode.vH29,1::5,Club cell,1.0,celltypepilot
P22_B001234.gencode.vH29,1::5,Club cell,1.0,celltypepilot
P4_B001229.gencode.vH29,1::2,Club cell,1.0,celltypepilot
G10_B001225.gencode.vH29,1::1,Unknown,0.5,celltypepilot
A10_B001223.gencode.vH29,1::2,Club cell,1.0,celltypepilot
A11_B001237.gencode.vH29,1::2,Club cell,1.0,celltypepilot
A12_B001222.gencode.vH29,1::2,Club cell,1.0,celltypepilot
A15_B001222.gencode.vH29,1::2,Club cell,1.0,celltypepilot
A16_B001223.gencode.vH29,1::2,Club cell,1.0,celltypepilot
A18_B001222.gencode.vH29,1::2,Club cell,1.0,celltypepilot
A19_B001222.gencode.vH29,1::2,Club cell,1.0,celltypepilot
A2_B001224.gencode.vH29,1::2,Club cell,1.0,celltypepilot
A2_B001239.gencode.vH29,1::2,Club cell,1.0,celltypepilot
A21_B001234.gencode.vH29,1::2,Club cell,1.0,celltypepilot
A22_B001239.gencode.vH29,1::2,Club cell,1.0,celltypepilot
A5_B001222.gencode.vH29,1::2,Club cell,1.0,celltypepilot
A6_B001222.gencode.vH29,1::2,Club cell,1.0,celltypepilot
A6_B001223.gencode.vH29,1::2,Club cell,1.0,celltypepilot
A9_B001222.gencode.vH29,1::2,Club cell,1.0,celltypepilot
B10_B001222.gencode.vH29,1::2,Club cell,1.0,celltypepilot
B10_B001224.gencode.vH29,1::2,Club cell,1.0,celltypepilot
B11_B001223.gencode.vH29,1::2,Club cell,1.0,celltypepilot
B11_B001224.gencode.vH29,1::2,Club cell,1.0,celltypepilot
B11_B001239.gencode.vH29,1::2,Club cell,1.0,celltypepilot
B12_B001224.gencode.vH29,1::2,Club cell,1.0,celltypepilot
B16_B001224.gencode.vH29,1::2,Club cell,1.0,celltypepilot
B17_B001222.gencode.vH29,1::2,Club cell,1.0,celltypepilot
B17_B001239.gencode.vH29,1::2,Club cell,1.0,celltypepilot
B19_B001235.gencode.vH29,1::2,Club cell,1.0,celltypepilot
B2_B001239.gencode.vH29,1::5,Club cell,1.0,celltypepilot
B21_B001237.gencode.vH29,1::2,Club cell,1.0,celltypepilot
B6_B001234.gencode.vH29,1::2,Club cell,1.0,celltypepilot
B9_B001224.gencode.vH29,1::2,Club cell,1.0,celltypepilot
C12_B001237.gencode.vH29,1::2,Club cell,1.0,celltypepilot
C13_B001222.gencode.vH29,1::2,Club cell,1.0,celltypepilot
C14_B001222.gencode.vH29,1::2,Club cell,1.0,celltypepilot
C15_B001223.gencode.vH29,1::2,Club cell,1.0,celltypepilot
C16_B001223.gencode.vH29,1::2,Club cell,1.0,celltypepilot
C18_B001225.gencode.vH29,1::2,Club cell,1.0,celltypepilot
C21_B001223.gencode.vH29,1::2,Club cell,1.0,celltypepilot
C22_B001237.gencode.vH29,1::2,Club cell,1.0,celltypepilot
C3_B001224.gencode.vH29,1::2,Club cell,1.0,celltypepilot
C3_B001234.gencode.vH29,1::2,Club cell,1.0,celltypepilot
C9_B001222.gencode.vH29,1::2,Club cell,1.0,celltypepilot
C9_B001239.gencode.vH29,1::5,Club cell,1.0,celltypepilot
D10_B001223.gencode.vH29,1::2,Club cell,1.0,celltypepilot
D10_B001224.gencode.vH29,1::2,Club cell,1.0,celltypepilot
D11_B001222.gencode.vH29,1::2,Club cell,1.0,celltypepilot
D15_B001239.gencode.vH29,1::2,Club cell,1.0,celltypepilot
D18_B001225.gencode.vH29,1::2,Club cell,1.0,celltypepilot
D18_B001234.gencode.vH29,1::2,Club cell,1.0,celltypepilot
D19_B001222.gencode.vH29,1::2,Club cell,1.0,celltypepilot
D19_B001223.gencode.vH29,1::2,Club cell,1.0,celltypepilot
D19_B001239.gencode.vH29,1::2,Club cell,1.0,celltypepilot
D20_B001224.gencode.vH29,1::2,Club cell,1.0,celltypepilot
D4_B001222.gencode.vH29,1::2,Club cell,1.0,celltypepilot
D4_B001239.gencode.vH29,1::2,Club cell,1.0,celltypepilot
D7_B001222.gencode.vH29,1::2,Club cell,1.0,celltypepilot
D7_B001228.gencode.vH29,1::2,Club cell,1.0,celltypepilot
E1_B001235.gencode.vH29,1::2,Club cell,1.0,celltypepilot
E1_B001239.gencode.vH29,1::2,Club cell,1.0,celltypepilot
E10_B001222.gencode.vH29,1::2,Club cell,1.0,celltypepilot
E12_B001235.gencode.vH29,1::2,Club cell,1.0,celltypepilot
E14_B001224.gencode.vH29,1::2,Club cell,1.0,celltypepilot
E15_B001222.gencode.vH29,1::2,Club cell,1.0,celltypepilot
E16_B001222.gencode.vH29,1::2,Club cell,1.0,celltypepilot
E18_B001222.gencode.vH29,1::2,Club cell,1.0,celltypepilot
E20_B001223.gencode.vH29,1::2,Club cell,1.0,celltypepilot
E20_B001224.gencode.vH29,1::2,Club cell,1.0,celltypepilot
E3_B002578.gencode.vH29,1::2,Club cell,1.0,celltypepilot
E4_B001222.gencode.vH29,1::2,Club cell,1.0,celltypepilot
E5_B001239.gencode.vH29,1::2,Club cell,1.0,celltypepilot
E6_B001222.gencode.vH29,1::2,Club cell,1.0,celltypepilot
E8_B001222.gencode.vH29,1::2,Club cell,1.0,celltypepilot
E8_B001224.gencode.vH29,1::2,Club cell,1.0,celltypepilot
E9_B001239.gencode.vH29,1::2,Club cell,1.0,celltypepilot
F10_B001222.gencode.vH29,1::2,Club cell,1.0,celltypepilot
F11_B001222.gencode.vH29,1::2,Club cell,1.0,celltypepilot
F12_B001222.gencode.vH29,1::2,Club cell,1.0,celltypepilot
F12_B001235.gencode.vH29,1::2,Club cell,1.0,celltypepilot
F13_B001223.gencode.vH29,1::2,Club cell,1.0,celltypepilot
F13_B001237.gencode.vH29,1::2,Club cell,1.0,celltypepilot
F14_B001239.gencode.vH29,1::2,Club cell,1.0,celltypepilot
F15_B001224.gencode.vH29,1::2,Club cell,1.0,celltypepilot
F20_B001226.gencode.vH29,1::2,Club cell,1.0,celltypepilot
F20_B001235.gencode.vH29,1::2,Club cell,1.0,celltypepilot
F3_B001225.gencode.vH29,1::2,Club cell,1.0,celltypepilot
F3_B001239.gencode.vH29,1::2,Club cell,1.0,celltypepilot
F4_B001239.gencode.vH29,1::2,Club cell,1.0,celltypepilot
F5_B001234.gencode.vH29,1::2,Club cell,1.0,celltypepilot
F6_B001239.gencode.vH29,1::2,Club cell,1.0,celltypepilot
F9_B001224.gencode.vH29,1::2,Club cell,1.0,celltypepilot
G1_B001224.gencode.vH29,1::2,Club cell,1.0,celltypepilot
G10_B001224.gencode.vH29,1::2,Club cell,1.0,celltypepilot
G10_B001235.gencode.vH29,1::2,Club cell,1.0,celltypepilot
G17_B001235.gencode.vH29,1::2,Club cell,1.0,celltypepilot
G18_B001237.gencode.vH29,1::2,Club cell,1.0,celltypepilot
G22_B001235.gencode.vH29,1::2,Club cell,1.0,celltypepilot
G3_B001224.gencode.vH29,1::2,Club cell,1.0,celltypepilot
G4_B001235.gencode.vH29,1::2,Club cell,1.0,celltypepilot
G5_B001222.gencode.vH29,1::2,Club cell,1.0,celltypepilot
G6_B001227.gencode.vH29,1::2,Club cell,1.0,celltypepilot
G7_B001237.gencode.vH29,1::2,Club cell,1.0,celltypepilot
G8_B001222.gencode.vH29,1::2,Club cell,1.0,celltypepilot
G8_B001235.gencode.vH29,1::2,Club cell,1.0,celltypepilot
G8_B001239.gencode.vH29,1::2,Club cell,1.0,celltypepilot
G9_B001235.gencode.vH29,1::2,Club cell,1.0,celltypepilot
H10_B001222.gencode.vH29,1::2,Club cell,1.0,celltypepilot
H10_B001239.gencode.vH29,1::2,Club cell,1.0,celltypepilot
H12_B001222.gencode.vH29,1::2,Club cell,1.0,celltypepilot
H13_B001224.gencode.vH29,1::2,Club cell,1.0,celltypepilot
H14_B001235.gencode.vH29,1::2,Club cell,1.0,celltypepilot
H16_B001222.gencode.vH29,1::2,Club cell,1.0,celltypepilot
H16_B001223.gencode.vH29,1::2,Club cell,1.0,celltypepilot
H16_B001224.gencode.vH29,1::2,Club cell,1.0,celltypepilot
H18_B001222.gencode.vH29,1::2,Club cell,1.0,celltypepilot
H19_B001222.gencode.vH29,1::2,Club cell,1.0,celltypepilot
H19_B001235.gencode.vH29,1::2,Club cell,1.0,celltypepilot
H20_B001235.gencode.vH29,1::2,Club cell,1.0,celltypepilot
H21_B001234.gencode.vH29,1::2,Club cell,1.0,celltypepilot
H21_B001239.gencode.vH29,1::2,Club cell,1.0,celltypepilot
H5_B001222.gencode.vH29,1::2,Club cell,1.0,celltypepilot
H6_B001222.gencode.vH29,1::2,Club cell,1.0,celltypepilot
H9_B001223.gencode.vH29,1::2,Club cell,1.0,celltypepilot
I10_B001224.gencode.vH29,1::2,Club cell,1.0,celltypepilot
I10_B001237.gencode.vH29,1::2,Club cell,1.0,celltypepilot
I12_B001222.gencode.vH29,1::5,Club cell,1.0,celltypepilot
I14_B001239.gencode.vH29,1::2,Club cell,1.0,celltypepilot
I15_B001222.gencode.vH29,1::2,Club cell,1.0,celltypepilot
I15_B001239.gencode.vH29,1::2,Club cell,1.0,celltypepilot
I18_B001222.gencode.vH29,1::2,Club cell,1.0,celltypepilot
I20_B001223.gencode.vH29,1::2,Club cell,1.0,celltypepilot
I5_B001229.gencode.vH29,1::2,Club cell,1.0,celltypepilot
I5_B001237.gencode.vH29,1::2,Club cell,1.0,celltypepilot
J1_B001239.gencode.vH29,1::2,Club cell,1.0,celltypepilot
J10_B001228.gencode.vH29,1::2,Club cell,1.0,celltypepilot
J13_B001237.gencode.vH29,1::2,Club cell,1.0,celltypepilot
J15_B001222.gencode.vH29,1::2,Club cell,1.0,celltypepilot
J16_B001222.gencode.vH29,1::2,Club cell,1.0,celltypepilot
J16_B001235.gencode.vH29,1::2,Club cell,1.0,celltypepilot
J17_B001222.gencode.vH29,1::2,Club cell,1.0,celltypepilot
J17_B001239.gencode.vH29,1::2,Club cell,1.0,celltypepilot
J19_B001239.gencode.vH29,1::2,Club cell,1.0,celltypepilot
J20_B001224.gencode.vH29,1::2,Club cell,1.0,celltypepilot
J3_B001224.gencode.vH29,1::2,Club cell,1.0,celltypepilot
J3_B001239.gencode.vH29,1::2,Club cell,1.0,celltypepilot
J5_B001234.gencode.vH29,1::2,Club cell,1.0,celltypepilot
J8_B001224.gencode.vH29,1::2,Club cell,1.0,celltypepilot
J9_B001224.gencode.vH29,1::2,Club cell,1.0,celltypepilot
K1_B001235.gencode.vH29,1::2,Club cell,1.0,celltypepilot
K11_B001237.gencode.vH29,1::2,Club cell,1.0,celltypepilot
K14_B001237.gencode.vH29,1::2,Club cell,1.0,celltypepilot
K15_B001222.gencode.vH29,1::2,Club cell,1.0,celltypepilot
K15_B001234.gencode.vH29,1::2,Club cell,1.0,celltypepilot
K16_B001235.gencode.vH29,1::2,Club cell,1.0,celltypepilot
K16_B001239.gencode.vH29,1::5,Club cell,1.0,celltypepilot
K17_B001237.gencode.vH29,1::2,Club cell,1.0,celltypepilot
K19_B001225.gencode.vH29,1::2,Club cell,1.0,celltypepilot
K2_B001223.gencode.vH29,1::2,Club cell,1.0,celltypepilot
K2_B001235.gencode.vH29,1::2,Club cell,1.0,celltypepilot
K20_B001225.gencode.vH29,1::2,Club cell,1.0,celltypepilot
K20_B001234.gencode.vH29,1::2,Club cell,1.0,celltypepilot
K21_B001237.gencode.vH29,1::2,Club cell,1.0,celltypepilot
K3_B002579.gencode.vH29,1::2,Club cell,1.0,celltypepilot
K4_B001222.gencode.vH29,1::2,Club cell,1.0,celltypepilot
K4_B002578.gencode.vH29,1::2,Club cell,1.0,celltypepilot
K5_B001234.gencode.vH29,1::2,Club cell,1.0,celltypepilot
K6_B001222.gencode.vH29,1::2,Club cell,1.0,celltypepilot
K6_B001237.gencode.vH29,1::2,Club cell,1.0,celltypepilot
K7_B001224.gencode.vH29,1::2,Club cell,1.0,celltypepilot
K9_B001222.gencode.vH29,1::2,Club cell,1.0,celltypepilot
K9_B001235.gencode.vH29,1::2,Club cell,1.0,celltypepilot
L1_B001222.gencode.vH29,1::2,Club cell,1.0,celltypepilot
L12_B001222.gencode.vH29,1::2,Club cell,1.0,celltypepilot
L12_B001229.gencode.vH29,1::2,Club cell,1.0,celltypepilot
L12_B001237.gencode.vH29,1::2,Club cell,1.0,celltypepilot
L13_B001237.gencode.vH29,1::2,Club cell,1.0,celltypepilot
L14_B001234.gencode.vH29,1::2,Club cell,1.0,celltypepilot
L18_B001222.gencode.vH29,1::2,Club cell,1.0,celltypepilot
L3_B001222.gencode.vH29,1::2,Club cell,1.0,celltypepilot
L3_B001234.gencode.vH29,1::2,Club cell,1.0,celltypepilot
L4_B001222.gencode.vH29,1::2,Club cell,1.0,celltypepilot
L5_B001222.gencode.vH29,1::2,Club cell,1.0,celltypepilot
L9_B001234.gencode.vH29,1::2,Club cell,1.0,celltypepilot
M1_B002592.gencode.vH29,1::2,Club cell,1.0,celltypepilot
M10_B001224.gencode.vH29,1::2,Club cell,1.0,celltypepilot
M11_B001239.gencode.vH29,1::2,Club cell,1.0,celltypepilot
M12_B001222.gencode.vH29,1::2,Club cell,1.0,celltypepilot
M12_B001234.gencode.vH29,1::2,Club cell,1.0,celltypepilot
M13_B001224.gencode.vH29,1::2,Club cell,1.0,celltypepilot
M15_B001235.gencode.vH29,1::2,Club cell,1.0,celltypepilot
M16_B001234.gencode.vH29,1::2,Club cell,1.0,celltypepilot
M18_B001223.gencode.vH29,1::2,Club cell,1.0,celltypepilot
M19_B001237.gencode.vH29,1::2,Club cell,1.0,celltypepilot
M2_B001222.gencode.vH29,1::2,Club cell,1.0,celltypepilot
M4_B001223.gencode.vH29,1::2,Club cell,1.0,celltypepilot
M4_B001229.gencode.vH29,1::2,Club cell,1.0,celltypepilot
M5_B001222.gencode.vH29,1::2,Club cell,1.0,celltypepilot
M5_B001224.gencode.vH29,1::2,Club cell,1.0,celltypepilot
M6_B001224.gencode.vH29,1::2,Club cell,1.0,celltypepilot
M7_B001223.gencode.vH29,1::2,Club cell,1.0,celltypepilot
M8_B001222.gencode.vH29,1::2,Club cell,1.0,celltypepilot
M9_B001222.gencode.vH29,1::2,Club cell,1.0,celltypepilot
N10_B001222.gencode.vH29,1::2,Club cell,1.0,celltypepilot
N10_B001224.gencode.vH29,1::2,Club cell,1.0,celltypepilot
N10_B001239.gencode.vH29,1::2,Club cell,1.0,celltypepilot
N11_B001222.gencode.vH29,1::2,Club cell,1.0,celltypepilot
N11_B001234.gencode.vH29,1::2,Club cell,1.0,celltypepilot
N12_B001235.gencode.vH29,1::5,Club cell,1.0,celltypepilot
N13_B001222.gencode.vH29,1::2,Club cell,1.0,celltypepilot
N13_B001224.gencode.vH29,1::2,Club cell,1.0,celltypepilot
N15_B001223.gencode.vH29,1::2,Club cell,1.0,celltypepilot
N16_B001222.gencode.vH29,1::2,Club cell,1.0,celltypepilot
N16_B001237.gencode.vH29,1::2,Club cell,1.0,celltypepilot
N18_B001222.gencode.vH29,1::2,Club cell,1.0,celltypepilot
N19_B001239.gencode.vH29,1::2,Club cell,1.0,celltypepilot
N2_B001222.gencode.vH29,1::2,Club cell,1.0,celltypepilot
N22_B001224.gencode.vH29,1::2,Club cell,1.0,celltypepilot
N3_B001222.gencode.vH29,1::2,Club cell,1.0,celltypepilot
N3_B001224.gencode.vH29,1::2,Club cell,1.0,celltypepilot
N4_B001222.gencode.vH29,1::2,Club cell,1.0,celltypepilot
N5_B001223.gencode.vH29,1::2,Club cell,1.0,celltypepilot
N6_B001223.gencode.vH29,1::2,Club cell,1.0,celltypepilot
N7_B002579.gencode.vH29,1::2,Club cell,1.0,celltypepilot
N8_B001222.gencode.vH29,1::2,Club cell,1.0,celltypepilot
O10_B001223.gencode.vH29,1::2,Club cell,1.0,celltypepilot
O12_B001234.gencode.vH29,1::2,Club cell,1.0,celltypepilot
O13_B001223.gencode.vH29,1::2,Club cell,1.0,celltypepilot
O15_B001222.gencode.vH29,1::2,Club cell,1.0,celltypepilot
O16_B001222.gencode.vH29,1::2,Club cell,1.0,celltypepilot
O17_B001239.gencode.vH29,1::2,Club cell,1.0,celltypepilot
O18_B001239.gencode.vH29,1::2,Club cell,1.0,celltypepilot
O20_B001224.gencode.vH29,1::2,Club cell,1.0,celltypepilot
O20_B001239.gencode.vH29,1::2,Club cell,1.0,celltypepilot
O22_B001224.gencode.vH29,1::2,Club cell,1.0,celltypepilot
O6_B001222.gencode.vH29,1::2,Club cell,1.0,celltypepilot
O8_B001224.gencode.vH29,1::2,Club cell,1.0,celltypepilot
O9_B001222.gencode.vH29,1::2,Club cell,1.0,celltypepilot
P15_B001224.gencode.vH29,1::2,Club cell,1.0,celltypepilot
P16_B001237.gencode.vH29,1::2,Club cell,1.0,celltypepilot
P17_B001222.gencode.vH29,1::2,Club cell,1.0,celltypepilot
P18_B001222.gencode.vH29,1::2,Club cell,1.0,celltypepilot
P18_B001223.gencode.vH29,1::2,Club cell,1.0,celltypepilot
P4_B001224.gencode.vH29,1::2,Club cell,1.0,celltypepilot
P5_B001223.gencode.vH29,1::2,Club cell,1.0,celltypepilot
P7_B001222.gencode.vH29,1::2,Club cell,1.0,celltypepilot
P7_B001234.gencode.vH29,1::5,Club cell,1.0,celltypepilot
P7_B001237.gencode.vH29,1::2,Club cell,1.0,celltypepilot
P8_B001239.gencode.vH29,1::2,Club cell,1.0,celltypepilot
M10_B002579.gencode.vH29,1::5,Club cell,1.0,celltypepilot
B12_B001239.gencode.vH29,1::2,Club cell,1.0,celltypepilot
F14_B001224.gencode.vH29,1::2,Club cell,1.0,celltypepilot
J11_B001237.gencode.vH29,1::2,Club cell,1.0,celltypepilot
J15_B001239.gencode.vH29,1::5,Club cell,1.0,celltypepilot
K14_B001222.gencode.vH29,1::2,Club cell,1.0,celltypepilot
A7_B001235.gencode.vH29,1::1,Unknown,0.5,celltypepilot
C18_B001239.gencode.vH29,1::1,Unknown,0.5,celltypepilot
G1_B001239.gencode.vH29,1::1,Unknown,0.5,celltypepilot
J7_B001235.gencode.vH29,1::5,Club cell,1.0,celltypepilot
A14_B001222.gencode.vH29,1::2,Club cell,1.0,celltypepilot
A19_B001234.gencode.vH29,1::5,Club cell,1.0,celltypepilot
A2_B001222.gencode.vH29,1::5,Club cell,1.0,celltypepilot
A21_B001235.gencode.vH29,1::2,Club cell,1.0,celltypepilot
A3_B001235.gencode.vH29,1::5,Club cell,1.0,celltypepilot
A6_B001234.gencode.vH29,1::5,Club cell,1.0,celltypepilot
B1_B001234.gencode.vH29,1::5,Club cell,1.0,celltypepilot
B13_B001225.gencode.vH29,1::2,Club cell,1.0,celltypepilot
B13_B001237.gencode.vH29,1::5,Club cell,1.0,celltypepilot
B2_B001225.gencode.vH29,1::5,Club cell,1.0,celltypepilot
B5_B001223.gencode.vH29,1::2,Club cell,1.0,celltypepilot
C14_B001223.gencode.vH29,1::5,Club cell,1.0,celltypepilot
C19_B001234.gencode.vH29,1::5,Club cell,1.0,celltypepilot
C2_B001234.gencode.vH29,1::5,Club cell,1.0,celltypepilot
C3_B001222.gencode.vH29,1::2,Club cell,1.0,celltypepilot
C3_B001225.gencode.vH29,1::5,Club cell,1.0,celltypepilot
C6_B001237.gencode.vH29,1::5,Club cell,1.0,celltypepilot
C7_B001224.gencode.vH29,1::5,Club cell,1.0,celltypepilot
C8_B001223.gencode.vH29,1::5,Club cell,1.0,celltypepilot
D14_B001224.gencode.vH29,1::2,Club cell,1.0,celltypepilot
D5_B001222.gencode.vH29,1::5,Club cell,1.0,celltypepilot
D7_B001234.gencode.vH29,1::5,Club cell,1.0,celltypepilot
E14_B001237.gencode.vH29,1::5,Club cell,1.0,celltypepilot
E17_B001225.gencode.vH29,1::2,Club cell,1.0,celltypepilot
E19_B001223.gencode.vH29,1::2,Club cell,1.0,celltypepilot
E19_B001234.gencode.vH29,1::5,Club cell,1.0,celltypepilot
E2_B001235.gencode.vH29,1::5,Club cell,1.0,celltypepilot
E21_B001234.gencode.vH29,1::5,Club cell,1.0,celltypepilot
E22_B001235.gencode.vH29,1::5,Club cell,1.0,celltypepilot
E22_B001237.gencode.vH29,1::5,Club cell,1.0,celltypepilot
E7_B001235.gencode.vH29,1::5,Club cell,1.0,celltypepilot
E9_B001234.gencode.vH29,1::5,Club cell,1.0,celltypepilot
F1_B001222.gencode.vH29,1::2,Club cell,1.0,celltypepilot
F17_B001234.gencode.vH29,1::5,Club cell,1.0,celltypepilot
F18_B001234.gencode.vH29,1::5,Club cell,1.0,celltypepilot
F21_B001223.gencode.vH29,1::2,Club cell,1.0,celltypepilot
F3_B001223.gencode.vH29,1::5,Club cell,1.0,celltypepilot
F3_B001237.gencode.vH29,1::5,Club cell,1.0,celltypepilot
F5_B001237.gencode.vH29,1::5,Club cell,1.0,celltypepilot
F7_B001234.gencode.vH29,1::5,Club cell,1.0,celltypepilot
G1_B001234.gencode.vH29,1::5,Club cell,1.0,celltypepilot
G18_B001222.gencode.vH29,1::5,Club cell,1.0,celltypepilot
G18_B001223.gencode.vH29,1::2,Club cell,1.0,celltypepilot
G21_B001234.gencode.vH29,1::2,Club cell,1.0,celltypepilot
G3_B001223.gencode.vH29,1::2,Club cell,1.0,celltypepilot
G3_B001225.gencode.vH29,1::5,Club cell,1.0,celltypepilot
G9_B001222.gencode.vH29,1::5,Club cell,1.0,celltypepilot
H1_B001234.gencode.vH29,1::5,Club cell,1.0,celltypepilot
H1_B001237.gencode.vH29,1::2,Club cell,1.0,celltypepilot
H11_B001235.gencode.vH29,1::5,Club cell,1.0,celltypepilot
H14_B001234.gencode.vH29,1::5,Club cell,1.0,celltypepilot
H3_B001235.gencode.vH29,1::5,Club cell,1.0,celltypepilot
H4_B001222.gencode.vH29,1::2,Club cell,1.0,celltypepilot
H8_B001237.gencode.vH29,1::2,Club cell,1.0,celltypepilot
I13_B001234.gencode.vH29,1::5,Club cell,1.0,celltypepilot
I16_B001234.gencode.vH29,1::5,Club cell,1.0,celltypepilot
I21_B001235.gencode.vH29,1::2,Club cell,1.0,celltypepilot
I5_B001223.gencode.vH29,1::5,Club cell,1.0,celltypepilot
I6_B001234.gencode.vH29,1::5,Club cell,1.0,celltypepilot
I8_B001237.gencode.vH29,1::2,Club cell,1.0,celltypepilot
I9_B001225.gencode.vH29,1::5,Club cell,1.0,celltypepilot
I9_B001235.gencode.vH29,1::5,Club cell,1.0,celltypepilot
J11_B001222.gencode.vH29,1::2,Club cell,1.0,celltypepilot
J11_B001225.gencode.vH29,1::5,Club cell,1.0,celltypepilot
J12_B001237.gencode.vH29,1::5,Club cell,1.0,celltypepilot
J22_B001237.gencode.vH29,1::2,Club cell,1.0,celltypepilot
J4_B001237.gencode.vH29,1::5,Club cell,1.0,celltypepilot
J5_B001235.gencode.vH29,1::5,Club cell,1.0,celltypepilot
J7_B001223.gencode.vH29,1::5,Club cell,1.0,celltypepilot
K10_B001222.gencode.vH29,1::5,Club cell,1.0,celltypepilot
K12_B001235.gencode.vH29,1::5,Club cell,1.0,celltypepilot
K2_B001234.gencode.vH29,1::5,Club cell,1.0,celltypepilot
K21_B001235.gencode.vH29,1::2,Club cell,1.0,celltypepilot
K9_B001237.gencode.vH29,1::5,Club cell,1.0,celltypepilot
L13_B001222.gencode.vH29,1::2,Club cell,1.0,celltypepilot
L14_B001222.gencode.vH29,1::5,Club cell,1.0,celltypepilot
L17_B001223.gencode.vH29,1::5,Club cell,1.0,celltypepilot
L2_B001237.gencode.vH29,1::5,Club cell,1.0,celltypepilot
L20_B001235.gencode.vH29,1::5,Club cell,1.0,celltypepilot
L22_B001235.gencode.vH29,1::5,Club cell,1.0,celltypepilot
L3_B001239.gencode.vH29,1::2,Club cell,1.0,celltypepilot
L7_B001222.gencode.vH29,1::5,Club cell,1.0,celltypepilot
L8_B001225.gencode.vH29,1::5,Club cell,1.0,celltypepilot
L8_B001234.gencode.vH29,1::5,Club cell,1.0,celltypepilot
L8_B001237.gencode.vH29,1::5,Club cell,1.0,celltypepilot
L9_B001237.gencode.vH29,1::5,Club cell,1.0,celltypepilot
M1_B001224.gencode.vH29,1::2,Club cell,1.0,celltypepilot
M10_B001237.gencode.vH29,1::5,Club cell,1.0,celltypepilot
M13_B001225.gencode.vH29,1::5,Club cell,1.0,celltypepilot
M16_B001223.gencode.vH29,1::5,Club cell,1.0,celltypepilot
M6_B001222.gencode.vH29,1::2,Club cell,1.0,celltypepilot
N13_B001223.gencode.vH29,1::2,Club cell,1.0,celltypepilot
N15_B001234.gencode.vH29,1::5,Club cell,1.0,celltypepilot
N17_B001234.gencode.vH29,1::5,Club cell,1.0,celltypepilot
N19_B001224.gencode.vH29,1::5,Club cell,1.0,celltypepilot
N2_B001224.gencode.vH29,1::2,Club cell,1.0,celltypepilot
N3_B002580.gencode.vH29,1::5,Club cell,1.0,celltypepilot
N8_B001237.gencode.vH29,1::2,Club cell,1.0,celltypepilot
O1_B001224.gencode.vH29,1::2,Club cell,1.0,celltypepilot
O14_B001234.gencode.vH29,1::5,Club cell,1.0,celltypepilot
O2_B001234.gencode.vH29,1::5,Club cell,1.0,celltypepilot
O22_B001239.gencode.vH29,1::5,Club cell,1.0,celltypepilot
O4_B001222.gencode.vH29,1::5,Club cell,1.0,celltypepilot
P10_B001224.gencode.vH29,1::2,Club cell,1.0,celltypepilot
P12_B001239.gencode.vH29,1::5,Club cell,1.0,celltypepilot
P2_B001234.gencode.vH29,1::5,Club cell,1.0,celltypepilot
P3_B001224.gencode.vH29,1::5,Club cell,1.0,celltypepilot
P5_B001222.gencode.vH29,1::2,Club cell,1.0,celltypepilot
P5_B001237.gencode.vH29,1::5,Club cell,1.0,celltypepilot
P8_B001223.gencode.vH29,1::5,Club cell,1.0,celltypepilot
A13_B001234.gencode.vH29,1::5,Club cell,1.0,celltypepilot
B6_B001222.gencode.vH29,1::2,Club cell,1.0,celltypepilot
D3_B001234.gencode.vH29,1::5,Club cell,1.0,celltypepilot
E6_B001237.gencode.vH29,1::1,Unknown,0.5,celltypepilot
H8_B001234.gencode.vH29,1::2,Club cell,1.0,celltypepilot
I19_B001224.gencode.vH29,1::1,Unknown,0.5,celltypepilot
I19_B001225.gencode.vH29,1::1,Unknown,0.5,celltypepilot
I2_B001234.gencode.vH29,1::5,Club cell,1.0,celltypepilot
I20_B001234.gencode.vH29,1::5,Club cell,1.0,celltypepilot
J1_B001225.gencode.vH29,1::5,Club cell,1.0,celltypepilot
K11_B001235.gencode.vH29,1::5,Club cell,1.0,celltypepilot
L2_B001234.gencode.vH29,1::5,Club cell,1.0,celltypepilot
O15_B001234.gencode.vH29,1::1,Unknown,0.5,celltypepilot
O22_B001225.gencode.vH29,1::5,Club cell,1.0,celltypepilot
O22_B001237.gencode.vH29,1::5,Club cell,1.0,celltypepilot
P19_B001234.gencode.vH29,1::5,Club cell,1.0,celltypepilot
A8_B001224.gencode.vH29,1::2,Club cell,1.0,celltypepilot
B15_B001239.gencode.vH29,1::2,Club cell,1.0,celltypepilot
B16_B001223.gencode.vH29,1::2,Club cell,1.0,celltypepilot
B20_B001239.gencode.vH29,1::2,Club cell,1.0,celltypepilot
B8_B001222.gencode.vH29,1::2,Club cell,1.0,celltypepilot
C10_B002578.gencode.vH29,1::2,Club cell,1.0,celltypepilot
C12_B001224.gencode.vH29,1::5,Club cell,1.0,celltypepilot
C2_B001229.gencode.vH29,1::2,Club cell,1.0,celltypepilot
C6_B001224.gencode.vH29,1::2,Club cell,1.0,celltypepilot
D8_B001229.gencode.vH29,1::2,Club cell,1.0,celltypepilot
E13_B001239.gencode.vH29,1::5,Club cell,1.0,celltypepilot
E21_B001239.gencode.vH29,1::2,Club cell,1.0,celltypepilot
F15_B001239.gencode.vH29,1::2,Club cell,1.0,celltypepilot
F19_B001239.gencode.vH29,1::2,Club cell,1.0,celltypepilot
F6_B001222.gencode.vH29,1::2,Club cell,1.0,celltypepilot
G13_B001222.gencode.vH29,1::2,Club cell,1.0,celltypepilot
G13_B001223.gencode.vH29,1::2,Club cell,1.0,celltypepilot
G16_B001239.gencode.vH29,1::2,Club cell,1.0,celltypepilot
G2_B001226.gencode.vH29,1::5,Club cell,1.0,celltypepilot
H12_B001223.gencode.vH29,1::2,Club cell,1.0,celltypepilot
H12_B001235.gencode.vH29,1::2,Club cell,1.0,celltypepilot
H13_B001222.gencode.vH29,1::2,Club cell,1.0,celltypepilot
H15_B001222.gencode.vH29,1::2,Club cell,1.0,celltypepilot
H2_B001224.gencode.vH29,1::2,Club cell,1.0,celltypepilot
I11_B001222.gencode.vH29,1::2,Club cell,1.0,celltypepilot
I19_B001234.gencode.vH29,1::2,Club cell,1.0,celltypepilot
I2_B001235.gencode.vH29,1::2,Club cell,1.0,celltypepilot
I4_B001239.gencode.vH29,1::2,Club cell,1.0,celltypepilot
I6_B001235.gencode.vH29,1::2,Club cell,1.0,celltypepilot
J14_B001224.gencode.vH29,1::2,Club cell,1.0,celltypepilot
J15_B001223.gencode.vH29,1::2,Club cell,1.0,celltypepilot
K12_B001223.gencode.vH29,1::2,Club cell,1.0,celltypepilot
K18_B001239.gencode.vH29,1::2,Club cell,1.0,celltypepilot
K2_B001239.gencode.vH29,1::2,Club cell,1.0,celltypepilot
K6_B001224.gencode.vH29,1::2,Club cell,1.0,celltypepilot
L22_B001239.gencode.vH29,1::2,Club cell,1.0,celltypepilot
M11_B001222.gencode.vH29,1::2,Club cell,1.0,celltypepilot
M13_B001222.gencode.vH29,1::2,Club cell,1.0,celltypepilot
M3_B001222.gencode.vH29,1::2,Club cell,1.0,celltypepilot
M5_B001237.gencode.vH29,1::2,Club cell,1.0,celltypepilot
M7_B001222.gencode.vH29,1::2,Club cell,1.0,celltypepilot
N11_B001239.gencode.vH29,1::2,Club cell,1.0,celltypepilot
N15_B001222.gencode.vH29,1::2,Club cell,1.0,celltypepilot
N17_B001222.gencode.vH29,1::2,Club cell,1.0,celltypepilot
N8_B001224.gencode.vH29,1::2,Club cell,1.0,celltypepilot
O6_B001239.gencode.vH29,1::2,Club cell,1.0,celltypepilot
O9_B001223.gencode.vH29,1::2,Club cell,1.0,celltypepilot
E3_B001223.gencode.vH29,1::2,Club cell,1.0,celltypepilot
I18_B001225.gencode.vH29,1::2,Club cell,1.0,celltypepilot
B10_B001234.gencode.vH29,1::5,Club cell,1.0,celltypepilot
G19_B001237.gencode.vH29,1::2,Club cell,1.0,celltypepilot
N11_B001237.gencode.vH29,1::2,Club cell,1.0,celltypepilot
N12_B001237.gencode.vH29,1::5,Club cell,1.0,celltypepilot
N17_B001237.gencode.vH29,1::5,Club cell,1.0,celltypepilot
N18_B001237.gencode.vH29,1::2,Club cell,1.0,celltypepilot
N22_B001237.gencode.vH29,1::2,Club cell,1.0,celltypepilot
N3_B001237.gencode.vH29,1::5,Club cell,1.0,celltypepilot
N6_B001237.gencode.vH29,1::2,Club cell,1.0,celltypepilot
N13_B001237.gencode.vH29,1::2,Club cell,1.0,celltypepilot
N24_B001237.gencode.vH29,1::5,Club cell,1.0,celltypepilot
B16_B001222.gencode.vH29,1::5,Club cell,1.0,celltypepilot
H18_B001239.gencode.vH29,1::5,Club cell,1.0,celltypepilot
P5_B001239.gencode.vH29,1::5,Club cell,1.0,celltypepilot
A14_B001237.gencode.vH29,1::2,Club cell,1.0,celltypepilot
A15_B001224.gencode.vH29,1::2,Club cell,1.0,celltypepilot
A15_B001239.gencode.vH29,1::2,Club cell,1.0,celltypepilot
A18_B001237.gencode.vH29,1::2,Club cell,1.0,celltypepilot
A3_B001224.gencode.vH29,1::5,Club cell,1.0,celltypepilot
A5_B001235.gencode.vH29,1::5,Club cell,1.0,celltypepilot
A6_B001235.gencode.vH29,1::5,Club cell,1.0,celltypepilot
B15_B001235.gencode.vH29,1::5,Club cell,1.0,celltypepilot
B19_B001237.gencode.vH29,1::5,Club cell,1.0,celltypepilot
B20_B001237.gencode.vH29,1::2,Club cell,1.0,celltypepilot
B21_B001235.gencode.vH29,1::5,Club cell,1.0,celltypepilot
B3_B001224.gencode.vH29,1::2,Club cell,1.0,celltypepilot
B3_B001235.gencode.vH29,1::5,Club cell,1.0,celltypepilot
C10_B001235.gencode.vH29,1::2,Club cell,1.0,celltypepilot
C17_B001234.gencode.vH29,1::5,Club cell,1.0,celltypepilot
C18_B001235.gencode.vH29,1::5,Club cell,1.0,celltypepilot
C21_B001237.gencode.vH29,1::2,Club cell,1.0,celltypepilot
C5_B001234.gencode.vH29,1::5,Club cell,1.0,celltypepilot
D12_B001237.gencode.vH29,1::2,Club cell,1.0,celltypepilot
D14_B001226.gencode.vH29,1::5,Club cell,1.0,celltypepilot
D16_B001235.gencode.vH29,1::2,Club cell,1.0,celltypepilot
D19_B001234.gencode.vH29,1::5,Club cell,1.0,celltypepilot
D19_B001237.gencode.vH29,1::5,Club cell,1.0,celltypepilot
D2_B001222.gencode.vH29,1::2,Club cell,1.0,celltypepilot
D5_B001235.gencode.vH29,1::5,Club cell,1.0,celltypepilot
D5_B001237.gencode.vH29,1::2,Club cell,1.0,celltypepilot
D6_B001234.gencode.vH29,1::2,Club cell,1.0,celltypepilot
D7_B002578.gencode.vH29,1::2,Club cell,1.0,celltypepilot
E10_B001235.gencode.vH29,1::2,Club cell,1.0,celltypepilot
E10_B001237.gencode.vH29,1::2,Club cell,1.0,celltypepilot
E11_B001223.gencode.vH29,1::2,Club cell,1.0,celltypepilot
E12_B001234.gencode.vH29,1::1,Unknown,0.5,celltypepilot
E13_B001237.gencode.vH29,1::2,Club cell,1.0,celltypepilot
E2_B001223.gencode.vH29,1::5,Club cell,1.0,celltypepilot
E5_B001224.gencode.vH29,1::2,Club cell,1.0,celltypepilot
E5_B001234.gencode.vH29,1::1,Unknown,0.5,celltypepilot
E5_B001237.gencode.vH29,1::5,Club cell,1.0,celltypepilot
E6_B001234.gencode.vH29,1::5,Club cell,1.0,celltypepilot
F10_B001234.gencode.vH29,1::5,Club cell,1.0,celltypepilot
F13_B001234.gencode.vH29,1::2,Club cell,1.0,celltypepilot
F14_B001235.gencode.vH29,1::2,Club cell,1.0,celltypepilot
F15_B001237.gencode.vH29,1::2,Club cell,1.0,celltypepilot
F2_B001237.gencode.vH29,1::2,Club cell,1.0,celltypepilot
F21_B001234.gencode.vH29,1::5,Club cell,1.0,celltypepilot
F22_B001237.gencode.vH29,1::5,Club cell,1.0,celltypepilot
F5_B001222.gencode.vH29,1::5,Club cell,1.0,celltypepilot
F8_B001234.gencode.vH29,1::2,Club cell,1.0,celltypepilot
F8_B001237.gencode.vH29,1::2,Club cell,1.0,celltypepilot
F9_B001222.gencode.vH29,1::5,Club cell,1.0,celltypepilot
G10_B001234.gencode.vH29,1::5,Club cell,1.0,celltypepilot
G11_B001234.gencode.vH29,1::5,Club cell,1.0,celltypepilot
G13_B001235.gencode.vH29,1::2,Club cell,1.0,celltypepilot
G14_B001235.gencode.vH29,1::2,Club cell,1.0,celltypepilot
G14_B001237.gencode.vH29,1::2,Club cell,1.0,celltypepilot
G15_B001237.gencode.vH29,1::2,Club cell,1.0,celltypepilot
G20_B001237.gencode.vH29,1::2,Club cell,1.0,celltypepilot
G4_B001229.gencode.vH29,1::2,Club cell,1.0,celltypepilot
G7_B001222.gencode.vH29,1::5,Club cell,1.0,celltypepilot
G8_B001234.gencode.vH29,1::5,Club cell,1.0,celltypepilot
H12_B001234.gencode.vH29,1::5,Club cell,1.0,celltypepilot
H15_B001237.gencode.vH29,1::5,Club cell,1.0,celltypepilot
H16_B001235.gencode.vH29,1::5,Club cell,1.0,celltypepilot
H2_B001237.gencode.vH29,1::2,Club cell,1.0,celltypepilot
H3_B001237.gencode.vH29,1::2,Club cell,1.0,celltypepilot
H7_B001222.gencode.vH29,1::2,Club cell,1.0,celltypepilot
H7_B001237.gencode.vH29,1::2,Club cell,1.0,celltypepilot
H9_B001237.gencode.vH29,1::2,Club cell,1.0,celltypepilot
I13_B001222.gencode.vH29,1::2,Club cell,1.0,celltypepilot
I14_B001222.gencode.vH29,1::2,Club cell,1.0,celltypepilot
I3_B001222.gencode.vH29,1::1,Unknown,0.5,celltypepilot
I3_B001235.gencode.vH29,1::5,Club cell,1.0,celltypepilot
I4_B001222.gencode.vH29,1::2,Club cell,1.0,celltypepilot
I8_B002579.gencode.vH29,1::2,Club cell,1.0,celltypepilot
J10_B001237.gencode.vH29,1::2,Club cell,1.0,celltypepilot
J11_B001234.gencode.vH29,1::5,Club cell,1.0,celltypepilot
J12_B001225.gencode.vH29,1::5,Club cell,1.0,celltypepilot
J16_B001234.gencode.vH29,1::2,Club cell,1.0,celltypepilot
J19_B001225.gencode.vH29,1::5,Club cell,1.0,celltypepilot
J2_B001237.gencode.vH29,1::5,Club cell,1.0,celltypepilot
J3_B001235.gencode.vH29,1::5,Club cell,1.0,celltypepilot
J6_B001234.gencode.vH29,1::5,Club cell,1.0,celltypepilot
K13_B001222.gencode.vH29,1::5,Club cell,1.0,celltypepilot
K22_B001234.gencode.vH29,1::5,Club cell,1.0,celltypepilot
K8_B001234.gencode.vH29,1::5,Club cell,1.0,celltypepilot
L1_B001237.gencode.vH29,1::2,Club cell,1.0,celltypepilot
L14_B001235.gencode.vH29,1::5,Club cell,1.0,celltypepilot
L15_B001222.gencode.vH29,1::2,Club cell,1.0,celltypepilot
L15_B001234.gencode.vH29,1::5,Club cell,1.0,celltypepilot
L20_B001223.gencode.vH29,1::2,Club cell,1.0,celltypepilot
L20_B001237.gencode.vH29,1::2,Club cell,1.0,celltypepilot
L21_B001237.gencode.vH29,1::2,Club cell,1.0,celltypepilot
L4_B001237.gencode.vH29,1::2,Club cell,1.0,celltypepilot
L5_B001237.gencode.vH29,1::5,Club cell,1.0,celltypepilot
L7_B001234.gencode.vH29,1::2,Club cell,1.0,celltypepilot
L7_B001235.gencode.vH29,1::2,Club cell,1.0,celltypepilot
L9_B001222.gencode.vH29,1::2,Club cell,1.0,celltypepilot
M11_B001234.gencode.vH29,1::5,Club cell,1.0,celltypepilot
M12_B001237.gencode.vH29,1::2,Club cell,1.0,celltypepilot
M13_B001235.gencode.vH29,1::5,Club cell,1.0,celltypepilot
M13_B001237.gencode.vH29,1::5,Club cell,1.0,celltypepilot
M15_B001222.gencode.vH29,1::2,Club cell,1.0,celltypepilot
M16_B001237.gencode.vH29,1::5,Club cell,1.0,celltypepilot
M17_B001234.gencode.vH29,1::5,Club cell,1.0,celltypepilot
M17_B001235.gencode.vH29,1::2,Club cell,1.0,celltypepilot
M22_B001224.gencode.vH29,1::2,Club cell,1.0,celltypepilot
M4_B001237.gencode.vH29,1::5,Club cell,1.0,celltypepilot
N1_B001227.gencode.vH29,1::5,Club cell,1.0,celltypepilot
N17_B001235.gencode.vH29,1::5,Club cell,1.0,celltypepilot
N2_B001237.gencode.vH29,1::2,Club cell,1.0,celltypepilot
N22_B001235.gencode.vH29,1::2,Club cell,1.0,celltypepilot
N4_B001234.gencode.vH29,1::5,Club cell,1.0,celltypepilot
N6_B001234.gencode.vH29,1::5,Club cell,1.0,celltypepilot
N7_B001222.gencode.vH29,1::2,Club cell,1.0,celltypepilot
O1_B001235.gencode.vH29,1::5,Club cell,1.0,celltypepilot
O10_B001234.gencode.vH29,1::5,Club cell,1.0,celltypepilot
O16_B001225.gencode.vH29,1::5,Club cell,1.0,celltypepilot
O16_B001234.gencode.vH29,1::5,Club cell,1.0,celltypepilot
O19_B001237.gencode.vH29,1::2,Club cell,1.0,celltypepilot
O21_B001237.gencode.vH29,1::5,Club cell,1.0,celltypepilot
O3_B001235.gencode.vH29,1::5,Club cell,1.0,celltypepilot
O4_B001223.gencode.vH29,1::2,Club cell,1.0,celltypepilot
O7_B001235.gencode.vH29,1::5,Club cell,1.0,celltypepilot
P1_B001237.gencode.vH29,1::1,Unknown,0.5,celltypepilot
P13_B001235.gencode.vH29,1::2,Club cell,1.0,celltypepilot
P14_B001235.gencode.vH29,1::5,Club cell,1.0,celltypepilot
P16_B001222.gencode.vH29,1::2,Club cell,1.0,celltypepilot
P16_B001235.gencode.vH29,1::5,Club cell,1.0,celltypepilot
P17_B001237.gencode.vH29,1::5,Club cell,1.0,celltypepilot
P22_B001235.gencode.vH29,1::5,Club cell,1.0,celltypepilot
P3_B001222.gencode.vH29,1::5,Club cell,1.0,celltypepilot
P3_B001234.gencode.vH29,1::5,Club cell,1.0,celltypepilot
P3_B001237.gencode.vH29,1::5,Club cell,1.0,celltypepilot
P6_B001222.gencode.vH29,1::5,Club cell,1.0,celltypepilot
E11_B001222.gencode.vH29,1::2,Club cell,1.0,celltypepilot
B8_B001223.gencode.vH29,1::2,Club cell,1.0,celltypepilot
E19_B001235.gencode.vH29,1::2,Club cell,1.0,celltypepilot
E2_B001239.gencode.vH29,1::2,Club cell,1.0,celltypepilot
F15_B001222.gencode.vH29,1::5,Club cell,1.0,celltypepilot
F20_B001234.gencode.vH29,1::2,Club cell,1.0,celltypepilot
G17_B001222.gencode.vH29,1::2,Club cell,1.0,celltypepilot
H10_B001234.gencode.vH29,1::2,Club cell,1.0,celltypepilot
H11_B001224.gencode.vH29,1::2,Club cell,1.0,celltypepilot
J17_B001223.gencode.vH29,1::2,Club cell,1.0,celltypepilot
J2_B001234.gencode.vH29,1::5,Club cell,1.0,celltypepilot
J21_B001239.gencode.vH29,1::2,Club cell,1.0,celltypepilot
K4_B001227.gencode.vH29,1::5,Club cell,1.0,celltypepilot
M21_B001225.gencode.vH29,1::5,Club cell,1.0,celltypepilot
M4_B001235.gencode.vH29,1::5,Club cell,1.0,celltypepilot
N3_B001234.gencode.vH29,1::5,Club cell,1.0,celltypepilot
O2_B001239.gencode.vH29,1::2,Club cell,1.0,celltypepilot
O3_B001234.gencode.vH29,1::5,Club cell,1.0,celltypepilot
D10_B001234.gencode.vH29,1::1,Unknown,0.5,celltypepilot
N2_B001234.gencode.vH29,1::5,Club cell,1.0,celltypepilot
D12_B001224.gencode.vH29,1::2,Club cell,1.0,celltypepilot
F20_B001223.gencode.vH29,1::2,Club cell,1.0,celltypepilot
G14_B001222.gencode.vH29,1::2,Club cell,1.0,celltypepilot
I20_B001224.gencode.vH29,1::2,Club cell,1.0,celltypepilot
K7_B001222.gencode.vH29,1::2,Club cell,1.0,celltypepilot
A1_B001224.gencode.vH29,1::0,Capillary endothelial cell,1.0,celltypepilot
A11_B001239.gencode.vH29,1::0,Capillary endothelial cell,1.0,celltypepilot
A13_B001224.gencode.vH29,1::0,Capillary endothelial cell,1.0,celltypepilot
B8_B001225.gencode.vH29,1::0,Capillary endothelial cell,1.0,celltypepilot
C7_B002579.gencode.vH29,1::0,Capillary endothelial cell,1.0,celltypepilot
D11_B001223.gencode.vH29,1::4,Bronchial smooth muscle cell,1.0,celltypepilot
D2_B001225.gencode.vH29,1::0,Capillary endothelial cell,1.0,celltypepilot
D3_B001239.gencode.vH29,1::0,Capillary endothelial cell,1.0,celltypepilot
F6_B001223.gencode.vH29,1::0,Capillary endothelial cell,1.0,celltypepilot
H12_B001225.gencode.vH29,1::0,Capillary endothelial cell,1.0,celltypepilot
I4_B001228.gencode.vH29,1::1,Unknown,0.5,celltypepilot
J20_B001237.gencode.vH29,1::4,Bronchial smooth muscle cell,1.0,celltypepilot
L16_B001225.gencode.vH29,1::0,Capillary endothelial cell,1.0,celltypepilot
M14_B001223.gencode.vH29,1::0,Capillary endothelial cell,1.0,celltypepilot
M16_B001225.gencode.vH29,1::0,Capillary endothelial cell,1.0,celltypepilot
M2_B001225.gencode.vH29,1::4,Bronchial smooth muscle cell,1.0,celltypepilot
O11_B001224.gencode.vH29,1::0,Capillary endothelial cell,1.0,celltypepilot
P13_B001225.gencode.vH29,1::0,Capillary endothelial cell,1.0,celltypepilot
A10_B001224.gencode.vH29,1::0,Capillary endothelial cell,1.0,celltypepilot
A8_B001225.gencode.vH29,1::0,Capillary endothelial cell,1.0,celltypepilot
B20_B001234.gencode.vH29,1::0,Capillary endothelial cell,1.0,celltypepilot
D17_B001234.gencode.vH29,1::0,Capillary endothelial cell,1.0,celltypepilot
M3_B001223.gencode.vH29,1::0,Capillary endothelial cell,1.0,celltypepilot
A10_B001227.gencode.vH29,1::0,Capillary endothelial cell,1.0,celltypepilot
A11_B001225.gencode.vH29,1::0,Capillary endothelial cell,1.0,celltypepilot
A11_B001227.gencode.vH29,1::0,Capillary endothelial cell,1.0,celltypepilot
A15_B001223.gencode.vH29,1::0,Capillary endothelial cell,1.0,celltypepilot
A15_B001225.gencode.vH29,1::0,Capillary endothelial cell,1.0,celltypepilot
A19_B001225.gencode.vH29,1::0,Capillary endothelial cell,1.0,celltypepilot
A20_B001234.gencode.vH29,1::0,Capillary endothelial cell,1.0,celltypepilot
A20_B001239.gencode.vH29,1::0,Capillary endothelial cell,1.0,celltypepilot
A4_B001227.gencode.vH29,1::0,Capillary endothelial cell,1.0,celltypepilot
A6_B001224.gencode.vH29,1::0,Capillary endothelial cell,1.0,celltypepilot
B11_B001237.gencode.vH29,1::0,Capillary endothelial cell,1.0,celltypepilot
B12_B001223.gencode.vH29,1::0,Capillary endothelial cell,1.0,celltypepilot
B14_B001239.gencode.vH29,1::0,Capillary endothelial cell,1.0,celltypepilot
B17_B001235.gencode.vH29,1::0,Capillary endothelial cell,1.0,celltypepilot
B18_B001223.gencode.vH29,1::0,Capillary endothelial cell,1.0,celltypepilot
B2_B001235.gencode.vH29,1::0,Capillary endothelial cell,1.0,celltypepilot
B22_B001223.gencode.vH29,1::0,Capillary endothelial cell,1.0,celltypepilot
B4_B001223.gencode.vH29,1::0,Capillary endothelial cell,1.0,celltypepilot
B5_B001224.gencode.vH29,1::0,Capillary endothelial cell,1.0,celltypepilot
B5_B001239.gencode.vH29,1::0,Capillary endothelial cell,1.0,celltypepilot
B5_B002591.gencode.vH29,1::0,Capillary endothelial cell,1.0,celltypepilot
B8_B001224.gencode.vH29,1::0,Capillary endothelial cell,1.0,celltypepilot
B8_B001226.gencode.vH29,1::0,Capillary endothelial cell,1.0,celltypepilot
C1_B001235.gencode.vH29,1::0,Capillary endothelial cell,1.0,celltypepilot
C11_B001235.gencode.vH29,1::0,Capillary endothelial cell,1.0,celltypepilot
C13_B001237.gencode.vH29,1::0,Capillary endothelial cell,1.0,celltypepilot
C20_B001239.gencode.vH29,1::0,Capillary endothelial cell,1.0,celltypepilot
C5_B001239.gencode.vH29,1::0,Capillary endothelial cell,1.0,celltypepilot
C9_B001227.gencode.vH29,1::0,Capillary endothelial cell,1.0,celltypepilot
D1_B001235.gencode.vH29,1::0,Capillary endothelial cell,1.0,celltypepilot
D12_B001225.gencode.vH29,1::0,Capillary endothelial cell,1.0,celltypepilot
D19_B001235.gencode.vH29,1::0,Capillary endothelial cell,1.0,celltypepilot
D2_B001224.gencode.vH29,1::0,Capillary endothelial cell,1.0,celltypepilot
D3_B001235.gencode.vH29,1::1,Unknown,0.5,celltypepilot
D4_B001224.gencode.vH29,1::0,Capillary endothelial cell,1.0,celltypepilot
D6_B001237.gencode.vH29,1::0,Capillary endothelial cell,1.0,celltypepilot
D9_B001224.gencode.vH29,1::0,Capillary endothelial cell,1.0,celltypepilot
E1_B001234.gencode.vH29,1::1,Unknown,0.5,celltypepilot
E1_B002580.gencode.vH29,1::0,Capillary endothelial cell,1.0,celltypepilot
E12_B001225.gencode.vH29,1::0,Capillary endothelial cell,1.0,celltypepilot
E14_B001223.gencode.vH29,1::0,Capillary endothelial cell,1.0,celltypepilot
E14_B001225.gencode.vH29,1::0,Capillary endothelial cell,1.0,celltypepilot
E16_B001224.gencode.vH29,1::0,Capillary endothelial cell,1.0,celltypepilot
E16_B001234.gencode.vH29,1::0,Capillary endothelial cell,1.0,celltypepilot
E16_B001235.gencode.vH29,1::0,Capillary endothelial cell,1.0,celltypepilot
E18_B001225.gencode.vH29,1::0,Capillary endothelial cell,1.0,celltypepilot
E21_B001225.gencode.vH29,1::0,Capillary endothelial cell,1.0,celltypepilot
E22_B001225.gencode.vH29,1::0,Capillary endothelial cell,1.0,celltypepilot
E3_B001225.gencode.vH29,1::0,Capillary endothelial cell,1.0,celltypepilot
E3_B001237.gencode.vH29,1::0,Capillary endothelial cell,1.0,celltypepilot
E4_B001239.gencode.vH29,1::0,Capillary endothelial cell,1.0,celltypepilot
E6_B001224.gencode.vH29,1::0,Capillary endothelial cell,1.0,celltypepilot
E7_B001237.gencode.vH29,1::0,Capillary endothelial cell,1.0,celltypepilot
F1_B001239.gencode.vH29,1::0,Capillary endothelial cell,1.0,celltypepilot
F16_B001223.gencode.vH29,1::0,Capillary endothelial cell,1.0,celltypepilot
F17_B001224.gencode.vH29,1::0,Capillary endothelial cell,1.0,celltypepilot
F2_B001224.gencode.vH29,1::0,Capillary endothelial cell,1.0,celltypepilot
F21_B001225.gencode.vH29,1::0,Capillary endothelial cell,1.0,celltypepilot
F6_B001225.gencode.vH29,1::0,Capillary endothelial cell,1.0,celltypepilot
F8_B001235.gencode.vH29,1::0,Capillary endothelial cell,1.0,celltypepilot
F8_B001239.gencode.vH29,1::0,Capillary endothelial cell,1.0,celltypepilot
G19_B001234.gencode.vH29,1::0,Capillary endothelial cell,1.0,celltypepilot
G2_B001223.gencode.vH29,1::0,Capillary endothelial cell,1.0,celltypepilot
G7_B001239.gencode.vH29,1::0,Capillary endothelial cell,1.0,celltypepilot
H1_B001228.gencode.vH29,1::0,Capillary endothelial cell,1.0,celltypepilot
H10_B001237.gencode.vH29,1::0,Capillary endothelial cell,1.0,celltypepilot
H11_B001228.gencode.vH29,1::0,Capillary endothelial cell,1.0,celltypepilot
H17_B001224.gencode.vH29,1::0,Capillary endothelial cell,1.0,celltypepilot
H6_B001224.gencode.vH29,1::0,Capillary endothelial cell,1.0,celltypepilot
H6_B001229.gencode.vH29,1::0,Capillary endothelial cell,1.0,celltypepilot
I1_B001226.gencode.vH29,1::0,Capillary endothelial cell,1.0,celltypepilot
I1_B001239.gencode.vH29,1::0,Capillary endothelial cell,1.0,celltypepilot
I11_B001227.gencode.vH29,1::0,Capillary endothelial cell,1.0,celltypepilot
I11_B001237.gencode.vH29,1::0,Capillary endothelial cell,1.0,celltypepilot
I16_B001235.gencode.vH29,1::0,Capillary endothelial cell,1.0,celltypepilot
I4_B001225.gencode.vH29,1::0,Capillary endothelial cell,1.0,celltypepilot
I9_B001223.gencode.vH29,1::0,Capillary endothelial cell,1.0,celltypepilot
J12_B001239.gencode.vH29,1::0,Capillary endothelial cell,1.0,celltypepilot
J14_B001225.gencode.vH29,1::0,Capillary endothelial cell,1.0,celltypepilot
J14_B001239.gencode.vH29,1::0,Capillary endothelial cell,1.0,celltypepilot
J15_B001237.gencode.vH29,1::0,Capillary endothelial cell,1.0,celltypepilot
J16_B001224.gencode.vH29,1::0,Capillary endothelial cell,1.0,celltypepilot
J16_B001237.gencode.vH29,1::0,Capillary endothelial cell,1.0,celltypepilot
J17_B001235.gencode.vH29,1::0,Capillary endothelial cell,1.0,celltypepilot
J18_B001225.gencode.vH29,1::0,Capillary endothelial cell,1.0,celltypepilot
J19_B001234.gencode.vH29,1::0,Capillary endothelial cell,1.0,celltypepilot
J2_B001225.gencode.vH29,1::0,Capillary endothelial cell,1.0,celltypepilot
J3_B001223.gencode.vH29,1::0,Capillary endothelial cell,1.0,celltypepilot
J4_B001222.gencode.vH29,1::0,Capillary endothelial cell,1.0,celltypepilot
J4_B001239.gencode.vH29,1::0,Capillary endothelial cell,1.0,celltypepilot
J6_B001239.gencode.vH29,1::0,Capillary endothelial cell,1.0,celltypepilot
J8_B001223.gencode.vH29,1::0,Capillary endothelial cell,1.0,celltypepilot
J8_B001225.gencode.vH29,1::0,Capillary endothelial cell,1.0,celltypepilot
J9_B001223.gencode.vH29,1::0,Capillary endothelial cell,1.0,celltypepilot
K10_B001225.gencode.vH29,1::0,Capillary endothelial cell,1.0,celltypepilot
K10_B001239.gencode.vH29,1::0,Capillary endothelial cell,1.0,celltypepilot
K10_B002580.gencode.vH29,1::0,Capillary endothelial cell,1.0,celltypepilot
K11_B001223.gencode.vH29,1::0,Capillary endothelial cell,1.0,celltypepilot
K15_B001223.gencode.vH29,1::0,Capillary endothelial cell,1.0,celltypepilot
K15_B001224.gencode.vH29,1::0,Capillary endothelial cell,1.0,celltypepilot
K15_B001225.gencode.vH29,1::0,Capillary endothelial cell,1.0,celltypepilot
K17_B001222.gencode.vH29,1::0,Capillary endothelial cell,1.0,celltypepilot
K18_B001224.gencode.vH29,1::0,Capillary endothelial cell,1.0,celltypepilot
K3_B001224.gencode.vH29,1::0,Capillary endothelial cell,1.0,celltypepilot
K3_B001237.gencode.vH29,1::0,Capillary endothelial cell,1.0,celltypepilot
K4_B002580.gencode.vH29,1::0,Capillary endothelial cell,1.0,celltypepilot
K8_B001239.gencode.vH29,1::0,Capillary endothelial cell,1.0,celltypepilot
K9_B001227.gencode.vH29,1::0,Capillary endothelial cell,1.0,celltypepilot
L10_B001223.gencode.vH29,1::0,Capillary endothelial cell,1.0,celltypepilot
L10_B001225.gencode.vH29,1::0,Capillary endothelial cell,1.0,celltypepilot
L10_B001228.gencode.vH29,1::0,Capillary endothelial cell,1.0,celltypepilot
L10_B001237.gencode.vH29,1::0,Capillary endothelial cell,1.0,celltypepilot
L14_B001224.gencode.vH29,1::0,Capillary endothelial cell,1.0,celltypepilot
L21_B001224.gencode.vH29,1::0,Capillary endothelial cell,1.0,celltypepilot
L22_B001224.gencode.vH29,1::0,Capillary endothelial cell,1.0,celltypepilot
L4_B001239.gencode.vH29,1::0,Capillary endothelial cell,1.0,celltypepilot
L9_B001224.gencode.vH29,1::0,Capillary endothelial cell,1.0,celltypepilot
M10_B001235.gencode.vH29,1::0,Capillary endothelial cell,1.0,celltypepilot
M11_B001224.gencode.vH29,1::0,Capillary endothelial cell,1.0,celltypepilot
M11_B001226.gencode.vH29,1::0,Capillary endothelial cell,1.0,celltypepilot
M11_B001235.gencode.vH29,1::0,Capillary endothelial cell,1.0,celltypepilot
M2_B001239.gencode.vH29,1::0,Capillary endothelial cell,1.0,celltypepilot
M2_B002579.gencode.vH29,1::0,Capillary endothelial cell,1.0,celltypepilot
M20_B001223.gencode.vH29,1::0,Capillary endothelial cell,1.0,celltypepilot
M22_B001223.gencode.vH29,1::0,Capillary endothelial cell,1.0,celltypepilot
M7_B001239.gencode.vH29,1::0,Capillary endothelial cell,1.0,celltypepilot
M8_B001223.gencode.vH29,1::0,Capillary endothelial cell,1.0,celltypepilot
M8_B001225.gencode.vH29,1::0,Capillary endothelial cell,1.0,celltypepilot
M8_B001235.gencode.vH29,1::0,Capillary endothelial cell,1.0,celltypepilot
M8_B001239.gencode.vH29,1::0,Capillary endothelial cell,1.0,celltypepilot
N1_B001226.gencode.vH29,1::0,Capillary endothelial cell,1.0,celltypepilot
N16_B001224.gencode.vH29,1::0,Capillary endothelial cell,1.0,celltypepilot
N3_B001235.gencode.vH29,1::0,Capillary endothelial cell,1.0,celltypepilot
N4_B001225.gencode.vH29,1::0,Capillary endothelial cell,1.0,celltypepilot
O14_B001223.gencode.vH29,1::0,Capillary endothelial cell,1.0,celltypepilot
O17_B001223.gencode.vH29,1::0,Capillary endothelial cell,1.0,celltypepilot
O19_B001223.gencode.vH29,1::0,Capillary endothelial cell,1.0,celltypepilot
O20_B001237.gencode.vH29,1::0,Capillary endothelial cell,1.0,celltypepilot
O21_B001224.gencode.vH29,1::0,Capillary endothelial cell,1.0,celltypepilot
O5_B001239.gencode.vH29,1::0,Capillary endothelial cell,1.0,celltypepilot
O8_B001235.gencode.vH29,1::0,Capillary endothelial cell,1.0,celltypepilot
P10_B001239.gencode.vH29,1::0,Capillary endothelial cell,1.0,celltypepilot
P11_B001226.gencode.vH29,1::0,Capillary endothelial cell,1.0,celltypepilot
P14_B001224.gencode.vH29,1::0,Capillary endothelial cell,1.0,celltypepilot
P17_B001225.gencode.vH29,1::1,Unknown,0.5,celltypepilot
P21_B001235.gencode.vH29,1::0,Capillary endothelial cell,1.0,celltypepilot
P22_B001224.gencode.vH29,1::0,Capillary endothelial cell,1.0,celltypepilot
P3_B002579.gencode.vH29,1::0,Capillary endothelial cell,1.0,celltypepilot
H15_B001225.gencode.vH29,1::0,Capillary endothelial cell,1.0,celltypepilot
A13_B001225.gencode.vH29,1::0,Capillary endothelial cell,1.0,celltypepilot
A17_B001239.gencode.vH29,1::0,Capillary endothelial cell,1.0,celltypepilot
A2_B001235.gencode.vH29,1::0,Capillary endothelial cell,1.0,celltypepilot
B11_B001225.gencode.vH29,1::0,Capillary endothelial cell,1.0,celltypepilot
B13_B001223.gencode.vH29,1::0,Capillary endothelial cell,1.0,celltypepilot
B2_B001237.gencode.vH29,1::0,Capillary endothelial cell,1.0,celltypepilot
B6_B001235.gencode.vH29,1::0,Capillary endothelial cell,1.0,celltypepilot
B7_B001225.gencode.vH29,1::0,Capillary endothelial cell,1.0,celltypepilot
B9_B001223.gencode.vH29,1::0,Capillary endothelial cell,1.0,celltypepilot
C10_B001223.gencode.vH29,1::0,Capillary endothelial cell,1.0,celltypepilot
C16_B001234.gencode.vH29,1::0,Capillary endothelial cell,1.0,celltypepilot
C19_B001235.gencode.vH29,1::0,Capillary endothelial cell,1.0,celltypepilot
C7_B001239.gencode.vH29,1::0,Capillary endothelial cell,1.0,celltypepilot
D11_B001239.gencode.vH29,1::0,Capillary endothelial cell,1.0,celltypepilot
D17_B001239.gencode.vH29,1::0,Capillary endothelial cell,1.0,celltypepilot
D4_B001225.gencode.vH29,1::0,Capillary endothelial cell,1.0,celltypepilot
E10_B001223.gencode.vH29,1::0,Capillary endothelial cell,1.0,celltypepilot
E14_B001235.gencode.vH29,1::0,Capillary endothelial cell,1.0,celltypepilot
E17_B001228.gencode.vH29,1::0,Capillary endothelial cell,1.0,celltypepilot
E3_B001239.gencode.vH29,1::0,Capillary endothelial cell,1.0,celltypepilot
E4_B001225.gencode.vH29,1::0,Capillary endothelial cell,1.0,celltypepilot
E4_B001235.gencode.vH29,1::0,Capillary endothelial cell,1.0,celltypepilot
E7_B001239.gencode.vH29,1::0,Capillary endothelial cell,1.0,celltypepilot
E8_B001239.gencode.vH29,1::0,Capillary endothelial cell,1.0,celltypepilot
F11_B001223.gencode.vH29,1::0,Capillary endothelial cell,1.0,celltypepilot
F11_B001235.gencode.vH29,1::0,Capillary endothelial cell,1.0,celltypepilot
F16_B001225.gencode.vH29,1::0,Capillary endothelial cell,1.0,celltypepilot
F19_B001235.gencode.vH29,1::0,Capillary endothelial cell,1.0,celltypepilot
F3_B001224.gencode.vH29,1::0,Capillary endothelial cell,1.0,celltypepilot
G11_B002578.gencode.vH29,1::0,Capillary endothelial cell,1.0,celltypepilot
G15_B001225.gencode.vH29,1::0,Capillary endothelial cell,1.0,celltypepilot
G16_B001235.gencode.vH29,1::0,Capillary endothelial cell,1.0,celltypepilot
G17_B001223.gencode.vH29,1::0,Capillary endothelial cell,1.0,celltypepilot
G19_B001239.gencode.vH29,1::0,Capillary endothelial cell,1.0,celltypepilot
G22_B001239.gencode.vH29,1::0,Capillary endothelial cell,1.0,celltypepilot
G4_B001224.gencode.vH29,1::0,Capillary endothelial cell,1.0,celltypepilot
G6_B001235.gencode.vH29,1::0,Capillary endothelial cell,1.0,celltypepilot
H2_B001239.gencode.vH29,1::0,Capillary endothelial cell,1.0,celltypepilot
H21_B001224.gencode.vH29,1::0,Capillary endothelial cell,1.0,celltypepilot
H21_B001225.gencode.vH29,1::0,Capillary endothelial cell,1.0,celltypepilot
H21_B001237.gencode.vH29,1::0,Capillary endothelial cell,1.0,celltypepilot
H6_B001225.gencode.vH29,1::0,Capillary endothelial cell,1.0,celltypepilot
H8_B001224.gencode.vH29,1::0,Capillary endothelial cell,1.0,celltypepilot
H9_B001224.gencode.vH29,1::0,Capillary endothelial cell,1.0,celltypepilot
H9_B001239.gencode.vH29,1::0,Capillary endothelial cell,1.0,celltypepilot
H9_B002578.gencode.vH29,1::0,Capillary endothelial cell,1.0,celltypepilot
I12_B001237.gencode.vH29,1::0,Capillary endothelial cell,1.0,celltypepilot
I17_B001239.gencode.vH29,1::0,Capillary endothelial cell,1.0,celltypepilot
I18_B001223.gencode.vH29,1::0,Capillary endothelial cell,1.0,celltypepilot
I19_B001237.gencode.vH29,1::0,Capillary endothelial cell,1.0,celltypepilot
I2_B001225.gencode.vH29,1::0,Capillary endothelial cell,1.0,celltypepilot
I3_B001225.gencode.vH29,1::0,Capillary endothelial cell,1.0,celltypepilot
I6_B001224.gencode.vH29,1::0,Capillary endothelial cell,1.0,celltypepilot
I7_B001234.gencode.vH29,1::0,Capillary endothelial cell,1.0,celltypepilot
I8_B001235.gencode.vH29,1::0,Capillary endothelial cell,1.0,celltypepilot
J1_B001224.gencode.vH29,1::0,Capillary endothelial cell,1.0,celltypepilot
J17_B001237.gencode.vH29,1::0,Capillary endothelial cell,1.0,celltypepilot
J6_B001222.gencode.vH29,1::2,Club cell,1.0,celltypepilot
J8_B001237.gencode.vH29,1::0,Capillary endothelial cell,1.0,celltypepilot
K1_B001225.gencode.vH29,1::0,Capillary endothelial cell,1.0,celltypepilot
K1_B001237.gencode.vH29,1::0,Capillary endothelial cell,1.0,celltypepilot
K13_B001223.gencode.vH29,1::0,Capillary endothelial cell,1.0,celltypepilot
K14_B001224.gencode.vH29,1::0,Capillary endothelial cell,1.0,celltypepilot
K14_B001225.gencode.vH29,1::0,Capillary endothelial cell,1.0,celltypepilot
K16_B001225.gencode.vH29,1::0,Capillary endothelial cell,1.0,celltypepilot
K20_B001223.gencode.vH29,1::0,Capillary endothelial cell,1.0,celltypepilot
K21_B001223.gencode.vH29,1::0,Capillary endothelial cell,1.0,celltypepilot
K3_B001223.gencode.vH29,1::0,Capillary endothelial cell,1.0,celltypepilot
K5_B001239.gencode.vH29,1::0,Capillary endothelial cell,1.0,celltypepilot
K7_B001228.gencode.vH29,1::0,Capillary endothelial cell,1.0,celltypepilot
L15_B001237.gencode.vH29,1::0,Capillary endothelial cell,1.0,celltypepilot
L16_B001223.gencode.vH29,1::0,Capillary endothelial cell,1.0,celltypepilot
L16_B001237.gencode.vH29,1::0,Capillary endothelial cell,1.0,celltypepilot
L18_B001225.gencode.vH29,1::0,Capillary endothelial cell,1.0,celltypepilot
L19_B001235.gencode.vH29,1::0,Capillary endothelial cell,1.0,celltypepilot
L21_B001235.gencode.vH29,1::0,Capillary endothelial cell,1.0,celltypepilot
L6_B001222.gencode.vH29,1::0,Capillary endothelial cell,1.0,celltypepilot
L7_B001223.gencode.vH29,1::0,Capillary endothelial cell,1.0,celltypepilot
L8_B001239.gencode.vH29,1::0,Capillary endothelial cell,1.0,celltypepilot
L9_B001223.gencode.vH29,1::0,Capillary endothelial cell,1.0,celltypepilot
M11_B001228.gencode.vH29,1::0,Capillary endothelial cell,1.0,celltypepilot
M18_B001224.gencode.vH29,1::0,Capillary endothelial cell,1.0,celltypepilot
M22_B001225.gencode.vH29,1::0,Capillary endothelial cell,1.0,celltypepilot
N11_B001228.gencode.vH29,1::0,Capillary endothelial cell,1.0,celltypepilot
N12_B001223.gencode.vH29,1::0,Capillary endothelial cell,1.0,celltypepilot
N14_B001239.gencode.vH29,1::0,Capillary endothelial cell,1.0,celltypepilot
O1_B001237.gencode.vH29,1::0,Capillary endothelial cell,1.0,celltypepilot
O11_B001228.gencode.vH29,1::0,Capillary endothelial cell,1.0,celltypepilot
O11_B001235.gencode.vH29,1::0,Capillary endothelial cell,1.0,celltypepilot
O18_B001223.gencode.vH29,1::0,Capillary endothelial cell,1.0,celltypepilot
O2_B001223.gencode.vH29,1::0,Capillary endothelial cell,1.0,celltypepilot
O20_B001234.gencode.vH29,1::0,Capillary endothelial cell,1.0,celltypepilot
O4_B001224.gencode.vH29,1::0,Capillary endothelial cell,1.0,celltypepilot
O5_B001225.gencode.vH29,1::0,Capillary endothelial cell,1.0,celltypepilot
O7_B001224.gencode.vH29,1::0,Capillary endothelial cell,1.0,celltypepilot
O8_B001223.gencode.vH29,1::0,Capillary endothelial cell,1.0,celltypepilot
P1_B001223.gencode.vH29,1::0,Capillary endothelial cell,1.0,celltypepilot
P12_B001225.gencode.vH29,1::0,Capillary endothelial cell,1.0,celltypepilot
P18_B001224.gencode.vH29,1::0,Capillary endothelial cell,1.0,celltypepilot
P20_B001239.gencode.vH29,1::0,Capillary endothelial cell,1.0,celltypepilot
P21_B001223.gencode.vH29,1::0,Capillary endothelial cell,1.0,celltypepilot
P21_B001239.gencode.vH29,1::0,Capillary endothelial cell,1.0,celltypepilot
P7_B001223.gencode.vH29,1::0,Capillary endothelial cell,1.0,celltypepilot
M16_B001224.gencode.vH29,1::1,Unknown,0.5,celltypepilot
P15_B001225.gencode.vH29,1::1,Unknown,0.5,celltypepilot
P20_B001225.gencode.vH29,1::0,Capillary endothelial cell,1.0,celltypepilot
A5_B001239.gencode.vH29,1::0,Capillary endothelial cell,1.0,celltypepilot
A9_B001239.gencode.vH29,1::0,Capillary endothelial cell,1.0,celltypepilot
B4_B001227.gencode.vH29,1::0,Capillary endothelial cell,1.0,celltypepilot
C22_B001239.gencode.vH29,1::0,Capillary endothelial cell,1.0,celltypepilot
D1_B001239.gencode.vH29,1::0,Capillary endothelial cell,1.0,celltypepilot
D16_B001223.gencode.vH29,1::0,Capillary endothelial cell,1.0,celltypepilot
D4_B001223.gencode.vH29,1::0,Capillary endothelial cell,1.0,celltypepilot
D4_B001228.gencode.vH29,1::0,Capillary endothelial cell,1.0,celltypepilot
D5_B001223.gencode.vH29,1::0,Capillary endothelial cell,1.0,celltypepilot
E11_B001237.gencode.vH29,1::0,Capillary endothelial cell,1.0,celltypepilot
E15_B001239.gencode.vH29,1::0,Capillary endothelial cell,1.0,celltypepilot
F10_B001239.gencode.vH29,1::0,Capillary endothelial cell,1.0,celltypepilot
F16_B001237.gencode.vH29,1::0,Capillary endothelial cell,1.0,celltypepilot
F6_B001228.gencode.vH29,1::0,Capillary endothelial cell,1.0,celltypepilot
G1_B001223.gencode.vH29,1::0,Capillary endothelial cell,1.0,celltypepilot
G13_B001225.gencode.vH29,1::0,Capillary endothelial cell,1.0,celltypepilot
G13_B001239.gencode.vH29,1::0,Capillary endothelial cell,1.0,celltypepilot
G9_B001223.gencode.vH29,1::0,Capillary endothelial cell,1.0,celltypepilot
H1_B001239.gencode.vH29,1::0,Capillary endothelial cell,1.0,celltypepilot
H17_B001223.gencode.vH29,1::0,Capillary endothelial cell,1.0,celltypepilot
H20_B001239.gencode.vH29,1::0,Capillary endothelial cell,1.0,celltypepilot
H22_B001223.gencode.vH29,1::0,Capillary endothelial cell,1.0,celltypepilot
H5_B001224.gencode.vH29,1::0,Capillary endothelial cell,1.0,celltypepilot
I11_B001223.gencode.vH29,1::0,Capillary endothelial cell,1.0,celltypepilot
I11_B001224.gencode.vH29,1::0,Capillary endothelial cell,1.0,celltypepilot
I12_B001239.gencode.vH29,1::0,Capillary endothelial cell,1.0,celltypepilot
I16_B001237.gencode.vH29,1::0,Capillary endothelial cell,1.0,celltypepilot
I22_B001239.gencode.vH29,1::0,Capillary endothelial cell,1.0,celltypepilot
I3_B001223.gencode.vH29,1::0,Capillary endothelial cell,1.0,celltypepilot
I4_B001234.gencode.vH29,1::0,Capillary endothelial cell,1.0,celltypepilot
I7_B001225.gencode.vH29,1::0,Capillary endothelial cell,1.0,celltypepilot
J16_B001239.gencode.vH29,1::0,Capillary endothelial cell,1.0,celltypepilot
J19_B001223.gencode.vH29,1::0,Capillary endothelial cell,1.0,celltypepilot
K13_B001224.gencode.vH29,1::0,Capillary endothelial cell,1.0,celltypepilot
K17_B001239.gencode.vH29,1::0,Capillary endothelial cell,1.0,celltypepilot
K8_B002580.gencode.vH29,1::0,Capillary endothelial cell,1.0,celltypepilot
K9_B001239.gencode.vH29,1::0,Capillary endothelial cell,1.0,celltypepilot
L10_B002579.gencode.vH29,1::0,Capillary endothelial cell,1.0,celltypepilot
L13_B001224.gencode.vH29,1::0,Capillary endothelial cell,1.0,celltypepilot
M1_B001223.gencode.vH29,1::0,Capillary endothelial cell,1.0,celltypepilot
M20_B001225.gencode.vH29,1::0,Capillary endothelial cell,1.0,celltypepilot
N13_B001239.gencode.vH29,1::0,Capillary endothelial cell,1.0,celltypepilot
N19_B001223.gencode.vH29,1::0,Capillary endothelial cell,1.0,celltypepilot
N4_B001235.gencode.vH29,1::0,Capillary endothelial cell,1.0,celltypepilot
N4_B002579.gencode.vH29,1::0,Capillary endothelial cell,1.0,celltypepilot
O11_B001239.gencode.vH29,1::0,Capillary endothelial cell,1.0,celltypepilot
O2_B001225.gencode.vH29,1::0,Capillary endothelial cell,1.0,celltypepilot
P19_B001223.gencode.vH29,1::0,Capillary endothelial cell,1.0,celltypepilot
P9_B002578.gencode.vH29,1::0,Capillary endothelial cell,1.0,celltypepilot
A22_B001224.gencode.vH29,1::0,Capillary endothelial cell,1.0,celltypepilot
D8_B001224.gencode.vH29,1::0,Capillary endothelial cell,1.0,celltypepilot
E19_B001224.gencode.vH29,1::0,Capillary endothelial cell,1.0,celltypepilot
F18_B001224.gencode.vH29,1::0,Capillary endothelial cell,1.0,celltypepilot
H22_B001224.gencode.vH29,1::0,Capillary endothelial cell,1.0,celltypepilot
H3_B001223.gencode.vH29,1::0,Capillary endothelial cell,1.0,celltypepilot
H8_B001239.gencode.vH29,1::0,Capillary endothelial cell,1.0,celltypepilot
K12_B001225.gencode.vH29,1::0,Capillary endothelial cell,1.0,celltypepilot
K4_B001237.gencode.vH29,1::0,Capillary endothelial cell,1.0,celltypepilot
M9_B001235.gencode.vH29,1::0,Capillary endothelial cell,1.0,celltypepilot
N4_B001224.gencode.vH29,1::0,Capillary endothelial cell,1.0,celltypepilot
P11_B001225.gencode.vH29,1::0,Capillary endothelial cell,1.0,celltypepilot
C21_B001235.gencode.vH29,1::0,Capillary endothelial cell,1.0,celltypepilot
I14_B001223.gencode.vH29,1::0,Capillary endothelial cell,1.0,celltypepilot
K1_B001229.gencode.vH29,1::0,Capillary endothelial cell,1.0,celltypepilot
M19_B001235.gencode.vH29,1::0,Capillary endothelial cell,1.0,celltypepilot
N12_B001234.gencode.vH29,1::0,Capillary endothelial cell,1.0,celltypepilot
O17_B001235.gencode.vH29,1::0,Capillary endothelial cell,1.0,celltypepilot
O3_B002578.gencode.vH29,1::0,Capillary endothelial cell,1.0,celltypepilot
A1_B001227.gencode.vH29,1::0,Capillary endothelial cell,1.0,celltypepilot
A1_B002578.gencode.vH29,1::0,Capillary endothelial cell,1.0,celltypepilot
A10_B001225.gencode.vH29,1::0,Capillary endothelial cell,1.0,celltypepilot
A13_B001239.gencode.vH29,1::0,Capillary endothelial cell,1.0,celltypepilot
A14_B001224.gencode.vH29,1::0,Capillary endothelial cell,1.0,celltypepilot
A15_B001234.gencode.vH29,1::0,Capillary endothelial cell,1.0,celltypepilot
A18_B001235.gencode.vH29,1::0,Capillary endothelial cell,1.0,celltypepilot
A19_B001223.gencode.vH29,1::0,Capillary endothelial cell,1.0,celltypepilot
A19_B001224.gencode.vH29,1::0,Capillary endothelial cell,1.0,celltypepilot
A3_B001226.gencode.vH29,1::0,Capillary endothelial cell,1.0,celltypepilot
A6_B001225.gencode.vH29,1::0,Capillary endothelial cell,1.0,celltypepilot
A9_B001224.gencode.vH29,1::0,Capillary endothelial cell,1.0,celltypepilot
B10_B001227.gencode.vH29,1::0,Capillary endothelial cell,1.0,celltypepilot
B10_B001228.gencode.vH29,1::0,Capillary endothelial cell,1.0,celltypepilot
B10_B001237.gencode.vH29,1::0,Capillary endothelial cell,1.0,celltypepilot
B12_B001225.gencode.vH29,1::0,Capillary endothelial cell,1.0,celltypepilot
B12_B001234.gencode.vH29,1::0,Capillary endothelial cell,1.0,celltypepilot
B13_B001234.gencode.vH29,1::0,Capillary endothelial cell,1.0,celltypepilot
B13_B001239.gencode.vH29,1::0,Capillary endothelial cell,1.0,celltypepilot
B18_B001222.gencode.vH29,1::0,Capillary endothelial cell,1.0,celltypepilot
B4_B001225.gencode.vH29,1::0,Capillary endothelial cell,1.0,celltypepilot
B5_B001237.gencode.vH29,1::0,Capillary endothelial cell,1.0,celltypepilot
B6_B001223.gencode.vH29,1::0,Capillary endothelial cell,1.0,celltypepilot
B6_B001225.gencode.vH29,1::0,Capillary endothelial cell,1.0,celltypepilot
B7_B001224.gencode.vH29,1::0,Capillary endothelial cell,1.0,celltypepilot
B7_B001239.gencode.vH29,1::0,Capillary endothelial cell,1.0,celltypepilot
C1_B001224.gencode.vH29,1::0,Capillary endothelial cell,1.0,celltypepilot
C1_B002579.gencode.vH29,1::0,Capillary endothelial cell,1.0,celltypepilot
C12_B001223.gencode.vH29,1::0,Capillary endothelial cell,1.0,celltypepilot
C12_B001239.gencode.vH29,1::0,Capillary endothelial cell,1.0,celltypepilot
C13_B001234.gencode.vH29,1::0,Capillary endothelial cell,1.0,celltypepilot
C15_B001225.gencode.vH29,1::0,Capillary endothelial cell,1.0,celltypepilot
C15_B001239.gencode.vH29,1::0,Capillary endothelial cell,1.0,celltypepilot
C17_B001237.gencode.vH29,1::0,Capillary endothelial cell,1.0,celltypepilot
C2_B001224.gencode.vH29,1::0,Capillary endothelial cell,1.0,celltypepilot
C2_B001237.gencode.vH29,1::0,Capillary endothelial cell,1.0,celltypepilot
C20_B001225.gencode.vH29,1::0,Capillary endothelial cell,1.0,celltypepilot
C5_B002579.gencode.vH29,1::0,Capillary endothelial cell,1.0,celltypepilot
C6_B001225.gencode.vH29,1::0,Capillary endothelial cell,1.0,celltypepilot
C7_B001237.gencode.vH29,1::0,Capillary endothelial cell,1.0,celltypepilot
C8_B001235.gencode.vH29,1::0,Capillary endothelial cell,1.0,celltypepilot
C9_B001225.gencode.vH29,1::0,Capillary endothelial cell,1.0,celltypepilot
C9_B001234.gencode.vH29,1::0,Capillary endothelial cell,1.0,celltypepilot
D10_B001222.gencode.vH29,1::0,Capillary endothelial cell,1.0,celltypepilot
D10_B001226.gencode.vH29,1::0,Capillary endothelial cell,1.0,celltypepilot
D10_B001228.gencode.vH29,1::0,Capillary endothelial cell,1.0,celltypepilot
D13_B001235.gencode.vH29,1::0,Capillary endothelial cell,1.0,celltypepilot
D13_B001239.gencode.vH29,1::0,Capillary endothelial cell,1.0,celltypepilot
D20_B001237.gencode.vH29,1::0,Capillary endothelial cell,1.0,celltypepilot
D20_B001239.gencode.vH29,1::0,Capillary endothelial cell,1.0,celltypepilot
D22_B001237.gencode.vH29,1::0,Capillary endothelial cell,1.0,celltypepilot
D3_B001237.gencode.vH29,1::0,Capillary endothelial cell,1.0,celltypepilot
D4_B001237.gencode.vH29,1::0,Capillary endothelial cell,1.0,celltypepilot
D7_B001239.gencode.vH29,1::0,Capillary endothelial cell,1.0,celltypepilot
D8_B001237.gencode.vH29,1::0,Capillary endothelial cell,1.0,celltypepilot
D9_B001225.gencode.vH29,1::0,Capillary endothelial cell,1.0,celltypepilot
E10_B001225.gencode.vH29,1::0,Capillary endothelial cell,1.0,celltypepilot
E11_B001228.gencode.vH29,1::0,Capillary endothelial cell,1.0,celltypepilot
E13_B001223.gencode.vH29,1::0,Capillary endothelial cell,1.0,celltypepilot
E15_B001234.gencode.vH29,1::0,Capillary endothelial cell,1.0,celltypepilot
E16_B001237.gencode.vH29,1::0,Capillary endothelial cell,1.0,celltypepilot
E18_B001235.gencode.vH29,1::0,Capillary endothelial cell,1.0,celltypepilot
E19_B001225.gencode.vH29,1::0,Capillary endothelial cell,1.0,celltypepilot
E2_B001225.gencode.vH29,1::0,Capillary endothelial cell,1.0,celltypepilot
E21_B001223.gencode.vH29,1::0,Capillary endothelial cell,1.0,celltypepilot
E21_B001224.gencode.vH29,1::0,Capillary endothelial cell,1.0,celltypepilot
E21_B001235.gencode.vH29,1::0,Capillary endothelial cell,1.0,celltypepilot
E21_B001237.gencode.vH29,1::0,Capillary endothelial cell,1.0,celltypepilot
E22_B001239.gencode.vH29,1::0,Capillary endothelial cell,1.0,celltypepilot
E4_B001234.gencode.vH29,1::0,Capillary endothelial cell,1.0,celltypepilot
E4_B001237.gencode.vH29,1::0,Capillary endothelial cell,1.0,celltypepilot
E5_B001223.gencode.vH29,1::0,Capillary endothelial cell,1.0,celltypepilot
E5_B002578.gencode.vH29,1::0,Capillary endothelial cell,1.0,celltypepilot
E9_B001235.gencode.vH29,1::0,Capillary endothelial cell,1.0,celltypepilot
F1_B001225.gencode.vH29,1::0,Capillary endothelial cell,1.0,celltypepilot
F10_B001224.gencode.vH29,1::0,Capillary endothelial cell,1.0,celltypepilot
F13_B001225.gencode.vH29,1::0,Capillary endothelial cell,1.0,celltypepilot
F14_B001234.gencode.vH29,1::0,Capillary endothelial cell,1.0,celltypepilot
F16_B001235.gencode.vH29,1::0,Capillary endothelial cell,1.0,celltypepilot
F18_B001223.gencode.vH29,1::0,Capillary endothelial cell,1.0,celltypepilot
F19_B001224.gencode.vH29,1::0,Capillary endothelial cell,1.0,celltypepilot
F20_B001225.gencode.vH29,1::0,Capillary endothelial cell,1.0,celltypepilot
F3_B001235.gencode.vH29,1::0,Capillary endothelial cell,1.0,celltypepilot
F3_B002579.gencode.vH29,1::0,Capillary endothelial cell,1.0,celltypepilot
F5_B001223.gencode.vH29,1::0,Capillary endothelial cell,1.0,celltypepilot
F7_B002578.gencode.vH29,1::0,Capillary endothelial cell,1.0,celltypepilot
F8_B001223.gencode.vH29,1::0,Capillary endothelial cell,1.0,celltypepilot
G1_B001227.gencode.vH29,1::0,Capillary endothelial cell,1.0,celltypepilot
G11_B001222.gencode.vH29,1::0,Capillary endothelial cell,1.0,celltypepilot
G11_B001239.gencode.vH29,1::0,Capillary endothelial cell,1.0,celltypepilot
G12_B001239.gencode.vH29,1::0,Capillary endothelial cell,1.0,celltypepilot
G15_B001235.gencode.vH29,1::0,Capillary endothelial cell,1.0,celltypepilot
G18_B001225.gencode.vH29,1::0,Capillary endothelial cell,1.0,celltypepilot
G18_B001239.gencode.vH29,1::0,Capillary endothelial cell,1.0,celltypepilot
G2_B001239.gencode.vH29,1::0,Capillary endothelial cell,1.0,celltypepilot
G20_B001224.gencode.vH29,1::0,Capillary endothelial cell,1.0,celltypepilot
G22_B001223.gencode.vH29,1::0,Capillary endothelial cell,1.0,celltypepilot
G7_B002579.gencode.vH29,1::0,Capillary endothelial cell,1.0,celltypepilot
G8_B001225.gencode.vH29,1::0,Capillary endothelial cell,1.0,celltypepilot
H1_B001225.gencode.vH29,1::0,Capillary endothelial cell,1.0,celltypepilot
H1_B001226.gencode.vH29,1::0,Capillary endothelial cell,1.0,celltypepilot
H12_B001237.gencode.vH29,1::0,Capillary endothelial cell,1.0,celltypepilot
H12_B001239.gencode.vH29,1::0,Capillary endothelial cell,1.0,celltypepilot
H13_B001235.gencode.vH29,1::0,Capillary endothelial cell,1.0,celltypepilot
H14_B001237.gencode.vH29,1::0,Capillary endothelial cell,1.0,celltypepilot
H16_B001239.gencode.vH29,1::0,Capillary endothelial cell,1.0,celltypepilot
H17_B001237.gencode.vH29,1::0,Capillary endothelial cell,1.0,celltypepilot
H19_B001225.gencode.vH29,1::0,Capillary endothelial cell,1.0,celltypepilot
H2_B001225.gencode.vH29,1::0,Capillary endothelial cell,1.0,celltypepilot
H4_B001225.gencode.vH29,1::0,Capillary endothelial cell,1.0,celltypepilot
H4_B001235.gencode.vH29,1::1,Unknown,0.5,celltypepilot
H5_B002578.gencode.vH29,1::0,Capillary endothelial cell,1.0,celltypepilot
H6_B001228.gencode.vH29,1::1,Unknown,0.5,celltypepilot
H6_B001239.gencode.vH29,1::0,Capillary endothelial cell,1.0,celltypepilot
H7_B001235.gencode.vH29,1::0,Capillary endothelial cell,1.0,celltypepilot
H8_B001223.gencode.vH29,1::0,Capillary endothelial cell,1.0,celltypepilot
I1_B001225.gencode.vH29,1::0,Capillary endothelial cell,1.0,celltypepilot
I1_B002579.gencode.vH29,1::0,Capillary endothelial cell,1.0,celltypepilot
I12_B001224.gencode.vH29,1::0,Capillary endothelial cell,1.0,celltypepilot
I12_B001225.gencode.vH29,1::0,Capillary endothelial cell,1.0,celltypepilot
I12_B001234.gencode.vH29,1::0,Capillary endothelial cell,1.0,celltypepilot
I13_B001239.gencode.vH29,1::0,Capillary endothelial cell,1.0,celltypepilot
I17_B001235.gencode.vH29,1::0,Capillary endothelial cell,1.0,celltypepilot
I19_B001223.gencode.vH29,1::0,Capillary endothelial cell,1.0,celltypepilot
I21_B001223.gencode.vH29,1::0,Capillary endothelial cell,1.0,celltypepilot
I4_B001223.gencode.vH29,1::0,Capillary endothelial cell,1.0,celltypepilot
I5_B001239.gencode.vH29,1::0,Capillary endothelial cell,1.0,celltypepilot
I6_B001223.gencode.vH29,1::0,Capillary endothelial cell,1.0,celltypepilot
I6_B001237.gencode.vH29,1::0,Capillary endothelial cell,1.0,celltypepilot
I8_B002593.gencode.vH29,1::0,Capillary endothelial cell,1.0,celltypepilot
I9_B001226.gencode.vH29,1::0,Capillary endothelial cell,1.0,celltypepilot
J1_B001235.gencode.vH29,1::1,Unknown,0.5,celltypepilot
J15_B001225.gencode.vH29,1::0,Capillary endothelial cell,1.0,celltypepilot
J17_B001224.gencode.vH29,1::0,Capillary endothelial cell,1.0,celltypepilot
J18_B001237.gencode.vH29,1::0,Capillary endothelial cell,1.0,celltypepilot
J20_B001223.gencode.vH29,1::0,Capillary endothelial cell,1.0,celltypepilot
J21_B001225.gencode.vH29,1::0,Capillary endothelial cell,1.0,celltypepilot
J21_B001237.gencode.vH29,1::0,Capillary endothelial cell,1.0,celltypepilot
J3_B001225.gencode.vH29,1::0,Capillary endothelial cell,1.0,celltypepilot
J4_B001225.gencode.vH29,1::0,Capillary endothelial cell,1.0,celltypepilot
J4_B001235.gencode.vH29,1::0,Capillary endothelial cell,1.0,celltypepilot
J5_B001229.gencode.vH29,1::0,Capillary endothelial cell,1.0,celltypepilot
J6_B001224.gencode.vH29,1::0,Capillary endothelial cell,1.0,celltypepilot
J6_B002578.gencode.vH29,1::0,Capillary endothelial cell,1.0,celltypepilot
J7_B002580.gencode.vH29,1::0,Capillary endothelial cell,1.0,celltypepilot
J8_B001229.gencode.vH29,1::0,Capillary endothelial cell,1.0,celltypepilot
J9_B001239.gencode.vH29,1::0,Capillary endothelial cell,1.0,celltypepilot
K10_B001224.gencode.vH29,1::0,Capillary endothelial cell,1.0,celltypepilot
K11_B001225.gencode.vH29,1::0,Capillary endothelial cell,1.0,celltypepilot
K15_B001239.gencode.vH29,1::0,Capillary endothelial cell,1.0,celltypepilot
K17_B001223.gencode.vH29,1::0,Capillary endothelial cell,1.0,celltypepilot
K2_B001227.gencode.vH29,1::0,Capillary endothelial cell,1.0,celltypepilot
K2_B002580.gencode.vH29,1::0,Capillary endothelial cell,1.0,celltypepilot
K22_B001223.gencode.vH29,1::0,Capillary endothelial cell,1.0,celltypepilot
K22_B001225.gencode.vH29,1::0,Capillary endothelial cell,1.0,celltypepilot
K3_B001235.gencode.vH29,1::0,Capillary endothelial cell,1.0,celltypepilot
K4_B001224.gencode.vH29,1::0,Capillary endothelial cell,1.0,celltypepilot
K4_B001225.gencode.vH29,1::0,Capillary endothelial cell,1.0,celltypepilot
K5_B001224.gencode.vH29,1::0,Capillary endothelial cell,1.0,celltypepilot
L11_B001235.gencode.vH29,1::0,Capillary endothelial cell,1.0,celltypepilot
L13_B001223.gencode.vH29,1::0,Capillary endothelial cell,1.0,celltypepilot
L15_B001239.gencode.vH29,1::0,Capillary endothelial cell,1.0,celltypepilot
L16_B001234.gencode.vH29,1::0,Capillary endothelial cell,1.0,celltypepilot
L17_B001224.gencode.vH29,1::0,Capillary endothelial cell,1.0,celltypepilot
L17_B001234.gencode.vH29,1::0,Capillary endothelial cell,1.0,celltypepilot
L19_B001239.gencode.vH29,1::0,Capillary endothelial cell,1.0,celltypepilot
L2_B001224.gencode.vH29,1::0,Capillary endothelial cell,1.0,celltypepilot
L21_B001223.gencode.vH29,1::0,Capillary endothelial cell,1.0,celltypepilot
L22_B001234.gencode.vH29,1::0,Capillary endothelial cell,1.0,celltypepilot
L3_B001223.gencode.vH29,1::0,Capillary endothelial cell,1.0,celltypepilot
L3_B002579.gencode.vH29,1::0,Capillary endothelial cell,1.0,celltypepilot
L4_B001228.gencode.vH29,1::0,Capillary endothelial cell,1.0,celltypepilot
L4_B002579.gencode.vH29,1::0,Capillary endothelial cell,1.0,celltypepilot
L5_B001227.gencode.vH29,1::0,Capillary endothelial cell,1.0,celltypepilot
L5_B002578.gencode.vH29,1::0,Capillary endothelial cell,1.0,celltypepilot
L6_B001237.gencode.vH29,1::0,Capillary endothelial cell,1.0,celltypepilot
L7_B001237.gencode.vH29,1::0,Capillary endothelial cell,1.0,celltypepilot
L8_B002579.gencode.vH29,1::0,Capillary endothelial cell,1.0,celltypepilot
L9_B001228.gencode.vH29,1::0,Capillary endothelial cell,1.0,celltypepilot
M1_B001235.gencode.vH29,1::0,Capillary endothelial cell,1.0,celltypepilot
M13_B001223.gencode.vH29,1::0,Capillary endothelial cell,1.0,celltypepilot
M14_B001224.gencode.vH29,1::0,Capillary endothelial cell,1.0,celltypepilot
M15_B001225.gencode.vH29,1::0,Capillary endothelial cell,1.0,celltypepilot
M16_B001222.gencode.vH29,1::0,Capillary endothelial cell,1.0,celltypepilot
M18_B001234.gencode.vH29,1::0,Capillary endothelial cell,1.0,celltypepilot
M2_B001224.gencode.vH29,1::0,Capillary endothelial cell,1.0,celltypepilot
M20_B001224.gencode.vH29,1::0,Capillary endothelial cell,1.0,celltypepilot
M21_B001224.gencode.vH29,1::0,Capillary endothelial cell,1.0,celltypepilot
M21_B001235.gencode.vH29,1::0,Capillary endothelial cell,1.0,celltypepilot
M3_B001225.gencode.vH29,1::0,Capillary endothelial cell,1.0,celltypepilot
M5_B001239.gencode.vH29,1::0,Capillary endothelial cell,1.0,celltypepilot
M6_B001237.gencode.vH29,1::0,Capillary endothelial cell,1.0,celltypepilot
M7_B001224.gencode.vH29,1::0,Capillary endothelial cell,1.0,celltypepilot
M9_B001225.gencode.vH29,1::0,Capillary endothelial cell,1.0,celltypepilot
M9_B001234.gencode.vH29,1::0,Capillary endothelial cell,1.0,celltypepilot
N1_B001225.gencode.vH29,1::0,Capillary endothelial cell,1.0,celltypepilot
N10_B001223.gencode.vH29,1::0,Capillary endothelial cell,1.0,celltypepilot
N12_B001239.gencode.vH29,1::0,Capillary endothelial cell,1.0,celltypepilot
N14_B001225.gencode.vH29,1::0,Capillary endothelial cell,1.0,celltypepilot
N15_B001224.gencode.vH29,1::0,Capillary endothelial cell,1.0,celltypepilot
N16_B001235.gencode.vH29,1::0,Capillary endothelial cell,1.0,celltypepilot
N18_B001224.gencode.vH29,1::0,Capillary endothelial cell,1.0,celltypepilot
N2_B001223.gencode.vH29,1::0,Capillary endothelial cell,1.0,celltypepilot
N20_B001224.gencode.vH29,1::0,Capillary endothelial cell,1.0,celltypepilot
N20_B001234.gencode.vH29,1::0,Capillary endothelial cell,1.0,celltypepilot
N20_B001239.gencode.vH29,1::0,Capillary endothelial cell,1.0,celltypepilot
N21_B001237.gencode.vH29,1::0,Capillary endothelial cell,1.0,celltypepilot
N22_B001225.gencode.vH29,1::0,Capillary endothelial cell,1.0,celltypepilot
N6_B001224.gencode.vH29,1::0,Capillary endothelial cell,1.0,celltypepilot
N6_B001235.gencode.vH29,1::0,Capillary endothelial cell,1.0,celltypepilot
N7_B001223.gencode.vH29,1::0,Capillary endothelial cell,1.0,celltypepilot
N8_B001234.gencode.vH29,1::0,Capillary endothelial cell,1.0,celltypepilot
N9_B001225.gencode.vH29,1::0,Capillary endothelial cell,1.0,celltypepilot
O1_B001223.gencode.vH29,1::0,Capillary endothelial cell,1.0,celltypepilot
O10_B001225.gencode.vH29,1::1,Unknown,0.5,celltypepilot
O10_B001237.gencode.vH29,1::0,Capillary endothelial cell,1.0,celltypepilot
O11_B001227.gencode.vH29,1::0,Capillary endothelial cell,1.0,celltypepilot
O12_B001224.gencode.vH29,1::0,Capillary endothelial cell,1.0,celltypepilot
O16_B001235.gencode.vH29,1::0,Capillary endothelial cell,1.0,celltypepilot
O19_B001234.gencode.vH29,1::0,Capillary endothelial cell,1.0,celltypepilot
O19_B001235.gencode.vH29,1::0,Capillary endothelial cell,1.0,celltypepilot
O21_B001225.gencode.vH29,1::0,Capillary endothelial cell,1.0,celltypepilot
O3_B001227.gencode.vH29,1::0,Capillary endothelial cell,1.0,celltypepilot
O4_B001239.gencode.vH29,1::0,Capillary endothelial cell,1.0,celltypepilot
O5_B001237.gencode.vH29,1::1,Unknown,0.5,celltypepilot
O6_B001225.gencode.vH29,1::0,Capillary endothelial cell,1.0,celltypepilot
O7_B001239.gencode.vH29,1::0,Capillary endothelial cell,1.0,celltypepilot
O8_B001237.gencode.vH29,1::1,Unknown,0.5,celltypepilot
O9_B001224.gencode.vH29,1::0,Capillary endothelial cell,1.0,celltypepilot
P1_B001235.gencode.vH29,1::0,Capillary endothelial cell,1.0,celltypepilot
P10_B001222.gencode.vH29,1::0,Capillary endothelial cell,1.0,celltypepilot
P11_B001234.gencode.vH29,1::0,Capillary endothelial cell,1.0,celltypepilot
P11_B002580.gencode.vH29,1::0,Capillary endothelial cell,1.0,celltypepilot
P13_B001234.gencode.vH29,1::0,Capillary endothelial cell,1.0,celltypepilot
P14_B001223.gencode.vH29,1::0,Capillary endothelial cell,1.0,celltypepilot
P14_B001225.gencode.vH29,1::0,Capillary endothelial cell,1.0,celltypepilot
P15_B001237.gencode.vH29,1::0,Capillary endothelial cell,1.0,celltypepilot
P17_B001223.gencode.vH29,1::0,Capillary endothelial cell,1.0,celltypepilot
P18_B001239.gencode.vH29,1::0,Capillary endothelial cell,1.0,celltypepilot
P2_B001224.gencode.vH29,1::0,Capillary endothelial cell,1.0,celltypepilot
P20_B001224.gencode.vH29,1::0,Capillary endothelial cell,1.0,celltypepilot
P21_B001237.gencode.vH29,1::0,Capillary endothelial cell,1.0,celltypepilot
P3_B001223.gencode.vH29,1::0,Capillary endothelial cell,1.0,celltypepilot
P6_B001224.gencode.vH29,1::0,Capillary endothelial cell,1.0,celltypepilot
P6_B001235.gencode.vH29,1::0,Capillary endothelial cell,1.0,celltypepilot
P6_B001237.gencode.vH29,1::0,Capillary endothelial cell,1.0,celltypepilot
P6_B001239.gencode.vH29,1::0,Capillary endothelial cell,1.0,celltypepilot
P7_B002579.gencode.vH29,1::0,Capillary endothelial cell,1.0,celltypepilot
P8_B001234.gencode.vH29,1::0,Capillary endothelial cell,1.0,celltypepilot
P8_B001235.gencode.vH29,1::0,Capillary endothelial cell,1.0,celltypepilot
P9_B001225.gencode.vH29,1::0,Capillary endothelial cell,1.0,celltypepilot
P9_B001229.gencode.vH29,1::0,Capillary endothelial cell,1.0,celltypepilot
A1_B001235.gencode.vH29,1::4,Bronchial smooth muscle cell,1.0,celltypepilot
A11_B002579.gencode.vH29,1::4,Bronchial smooth muscle cell,1.0,celltypepilot
A12_B001234.gencode.vH29,1::4,Bronchial smooth muscle cell,1.0,celltypepilot
A13_B001223.gencode.vH29,1::4,Bronchial smooth muscle cell,1.0,celltypepilot
A13_B001235.gencode.vH29,1::4,Bronchial smooth muscle cell,1.0,celltypepilot
A13_B001237.gencode.vH29,1::4,Bronchial smooth muscle cell,1.0,celltypepilot
A14_B001225.gencode.vH29,1::4,Bronchial smooth muscle cell,1.0,celltypepilot
A14_B001235.gencode.vH29,1::4,Bronchial smooth muscle cell,1.0,celltypepilot
A16_B001237.gencode.vH29,1::4,Bronchial smooth muscle cell,1.0,celltypepilot
A17_B001234.gencode.vH29,1::4,Bronchial smooth muscle cell,1.0,celltypepilot
A17_B001237.gencode.vH29,1::4,Bronchial smooth muscle cell,1.0,celltypepilot
A2_B001223.gencode.vH29,1::4,Bronchial smooth muscle cell,1.0,celltypepilot
A2_B001234.gencode.vH29,1::4,Bronchial smooth muscle cell,1.0,celltypepilot
A2_B001237.gencode.vH29,1::4,Bronchial smooth muscle cell,1.0,celltypepilot
A20_B001223.gencode.vH29,1::4,Bronchial smooth muscle cell,1.0,celltypepilot
A3_B001225.gencode.vH29,1::4,Bronchial smooth muscle cell,1.0,celltypepilot
A4_B001225.gencode.vH29,1::4,Bronchial smooth muscle cell,1.0,celltypepilot
A5_B001223.gencode.vH29,1::4,Bronchial smooth muscle cell,1.0,celltypepilot
A5_B001225.gencode.vH29,1::4,Bronchial smooth muscle cell,1.0,celltypepilot
A5_B001227.gencode.vH29,1::4,Bronchial smooth muscle cell,1.0,celltypepilot
A5_B001229.gencode.vH29,1::4,Bronchial smooth muscle cell,1.0,celltypepilot
A6_B001226.gencode.vH29,1::4,Bronchial smooth muscle cell,1.0,celltypepilot
A7_B001226.gencode.vH29,1::4,Bronchial smooth muscle cell,1.0,celltypepilot
A8_B001223.gencode.vH29,1::4,Bronchial smooth muscle cell,1.0,celltypepilot
A8_B001235.gencode.vH29,1::4,Bronchial smooth muscle cell,1.0,celltypepilot
B1_B001237.gencode.vH29,1::4,Bronchial smooth muscle cell,1.0,celltypepilot
B10_B001223.gencode.vH29,1::4,Bronchial smooth muscle cell,1.0,celltypepilot
B10_B001235.gencode.vH29,1::4,Bronchial smooth muscle cell,1.0,celltypepilot
B10_B001239.gencode.vH29,1::4,Bronchial smooth muscle cell,1.0,celltypepilot
B10_B002580.gencode.vH29,1::4,Bronchial smooth muscle cell,1.0,celltypepilot
B11_B001235.gencode.vH29,1::4,Bronchial smooth muscle cell,1.0,celltypepilot
B12_B001235.gencode.vH29,1::4,Bronchial smooth muscle cell,1.0,celltypepilot
B14_B001237.gencode.vH29,1::4,Bronchial smooth muscle cell,1.0,celltypepilot
B16_B001225.gencode.vH29,1::4,Bronchial smooth muscle cell,1.0,celltypepilot
B16_B001235.gencode.vH29,1::1,Unknown,0.5,celltypepilot
B17_B001237.gencode.vH29,1::4,Bronchial smooth muscle cell,1.0,celltypepilot
B18_B001235.gencode.vH29,1::4,Bronchial smooth muscle cell,1.0,celltypepilot
B18_B001239.gencode.vH29,1::4,Bronchial smooth muscle cell,1.0,celltypepilot
B19_B001224.gencode.vH29,1::4,Bronchial smooth muscle cell,1.0,celltypepilot
B2_B001234.gencode.vH29,1::4,Bronchial smooth muscle cell,1.0,celltypepilot
B20_B001224.gencode.vH29,1::4,Bronchial smooth muscle cell,1.0,celltypepilot
B22_B001225.gencode.vH29,1::4,Bronchial smooth muscle cell,1.0,celltypepilot
B3_B001225.gencode.vH29,1::4,Bronchial smooth muscle cell,1.0,celltypepilot
B4_B002580.gencode.vH29,1::4,Bronchial smooth muscle cell,1.0,celltypepilot
B6_B001227.gencode.vH29,1::1,Unknown,0.5,celltypepilot
B7_B002579.gencode.vH29,1::4,Bronchial smooth muscle cell,1.0,celltypepilot
B8_B001235.gencode.vH29,1::4,Bronchial smooth muscle cell,1.0,celltypepilot
B9_B001228.gencode.vH29,1::4,Bronchial smooth muscle cell,1.0,celltypepilot
B9_B001235.gencode.vH29,1::4,Bronchial smooth muscle cell,1.0,celltypepilot
C1_B001223.gencode.vH29,1::4,Bronchial smooth muscle cell,1.0,celltypepilot
C10_B001237.gencode.vH29,1::1,Unknown,0.5,celltypepilot
C12_B001225.gencode.vH29,1::4,Bronchial smooth muscle cell,1.0,celltypepilot
C14_B001225.gencode.vH29,1::4,Bronchial smooth muscle cell,1.0,celltypepilot
C14_B001234.gencode.vH29,1::4,Bronchial smooth muscle cell,1.0,celltypepilot
C14_B001235.gencode.vH29,1::4,Bronchial smooth muscle cell,1.0,celltypepilot
C17_B001223.gencode.vH29,1::4,Bronchial smooth muscle cell,1.0,celltypepilot
C18_B001237.gencode.vH29,1::4,Bronchial smooth muscle cell,1.0,celltypepilot
C21_B001224.gencode.vH29,1::4,Bronchial smooth muscle cell,1.0,celltypepilot
C3_B001223.gencode.vH29,1::4,Bronchial smooth muscle cell,1.0,celltypepilot
C3_B001226.gencode.vH29,1::4,Bronchial smooth muscle cell,1.0,celltypepilot
C8_B001224.gencode.vH29,1::4,Bronchial smooth muscle cell,1.0,celltypepilot
D1_B001228.gencode.vH29,1::4,Bronchial smooth muscle cell,1.0,celltypepilot
D11_B001224.gencode.vH29,1::4,Bronchial smooth muscle cell,1.0,celltypepilot
D12_B001226.gencode.vH29,1::4,Bronchial smooth muscle cell,1.0,celltypepilot
D12_B001235.gencode.vH29,1::4,Bronchial smooth muscle cell,1.0,celltypepilot
D13_B001237.gencode.vH29,1::4,Bronchial smooth muscle cell,1.0,celltypepilot
D14_B001222.gencode.vH29,1::4,Bronchial smooth muscle cell,1.0,celltypepilot
D15_B001237.gencode.vH29,1::4,Bronchial smooth muscle cell,1.0,celltypepilot
D16_B001224.gencode.vH29,1::4,Bronchial smooth muscle cell,1.0,celltypepilot
D17_B001225.gencode.vH29,1::4,Bronchial smooth muscle cell,1.0,celltypepilot
D18_B001224.gencode.vH29,1::4,Bronchial smooth muscle cell,1.0,celltypepilot
D18_B001239.gencode.vH29,1::4,Bronchial smooth muscle cell,1.0,celltypepilot
D19_B001224.gencode.vH29,1::4,Bronchial smooth muscle cell,1.0,celltypepilot
D2_B001239.gencode.vH29,1::4,Bronchial smooth muscle cell,1.0,celltypepilot
D20_B001223.gencode.vH29,1::1,Unknown,0.5,celltypepilot
D21_B001223.gencode.vH29,1::4,Bronchial smooth muscle cell,1.0,celltypepilot
D4_B001235.gencode.vH29,1::4,Bronchial smooth muscle cell,1.0,celltypepilot
D5_B001225.gencode.vH29,1::4,Bronchial smooth muscle cell,1.0,celltypepilot
D6_B001224.gencode.vH29,1::4,Bronchial smooth muscle cell,1.0,celltypepilot
D7_B001237.gencode.vH29,1::4,Bronchial smooth muscle cell,1.0,celltypepilot
D9_B001223.gencode.vH29,1::4,Bronchial smooth muscle cell,1.0,celltypepilot
D9_B002579.gencode.vH29,1::4,Bronchial smooth muscle cell,1.0,celltypepilot
E11_B001225.gencode.vH29,1::4,Bronchial smooth muscle cell,1.0,celltypepilot
E11_B001239.gencode.vH29,1::4,Bronchial smooth muscle cell,1.0,celltypepilot
E13_B001235.gencode.vH29,1::4,Bronchial smooth muscle cell,1.0,celltypepilot
E15_B001237.gencode.vH29,1::4,Bronchial smooth muscle cell,1.0,celltypepilot
E16_B001223.gencode.vH29,1::4,Bronchial smooth muscle cell,1.0,celltypepilot
E17_B001223.gencode.vH29,1::4,Bronchial smooth muscle cell,1.0,celltypepilot
E17_B001224.gencode.vH29,1::4,Bronchial smooth muscle cell,1.0,celltypepilot
E17_B001234.gencode.vH29,1::4,Bronchial smooth muscle cell,1.0,celltypepilot
E22_B001224.gencode.vH29,1::4,Bronchial smooth muscle cell,1.0,celltypepilot
E4_B001223.gencode.vH29,1::4,Bronchial smooth muscle cell,1.0,celltypepilot
E4_B002578.gencode.vH29,1::4,Bronchial smooth muscle cell,1.0,celltypepilot
E6_B001239.gencode.vH29,1::4,Bronchial smooth muscle cell,1.0,celltypepilot
E8_B001235.gencode.vH29,1::4,Bronchial smooth muscle cell,1.0,celltypepilot
E8_B001237.gencode.vH29,1::4,Bronchial smooth muscle cell,1.0,celltypepilot
E9_B001228.gencode.vH29,1::4,Bronchial smooth muscle cell,1.0,celltypepilot
E9_B002591.gencode.vH29,1::4,Bronchial smooth muscle cell,1.0,celltypepilot
F1_B001229.gencode.vH29,1::4,Bronchial smooth muscle cell,1.0,celltypepilot
F14_B001223.gencode.vH29,1::4,Bronchial smooth muscle cell,1.0,celltypepilot
F14_B001225.gencode.vH29,1::4,Bronchial smooth muscle cell,1.0,celltypepilot
F17_B001237.gencode.vH29,1::4,Bronchial smooth muscle cell,1.0,celltypepilot
F22_B001235.gencode.vH29,1::4,Bronchial smooth muscle cell,1.0,celltypepilot
F3_B002580.gencode.vH29,1::4,Bronchial smooth muscle cell,1.0,celltypepilot
F4_B001225.gencode.vH29,1::1,Unknown,0.5,celltypepilot
F4_B001237.gencode.vH29,1::4,Bronchial smooth muscle cell,1.0,celltypepilot
F6_B001224.gencode.vH29,1::4,Bronchial smooth muscle cell,1.0,celltypepilot
F6_B001237.gencode.vH29,1::4,Bronchial smooth muscle cell,1.0,celltypepilot
F7_B001223.gencode.vH29,1::4,Bronchial smooth muscle cell,1.0,celltypepilot
F8_B001224.gencode.vH29,1::4,Bronchial smooth muscle cell,1.0,celltypepilot
F8_B002579.gencode.vH29,1::4,Bronchial smooth muscle cell,1.0,celltypepilot
F9_B001237.gencode.vH29,1::4,Bronchial smooth muscle cell,1.0,celltypepilot
G1_B001235.gencode.vH29,1::4,Bronchial smooth muscle cell,1.0,celltypepilot
G10_B001228.gencode.vH29,1::4,Bronchial smooth muscle cell,1.0,celltypepilot
G11_B001223.gencode.vH29,1::4,Bronchial smooth muscle cell,1.0,celltypepilot
G14_B001225.gencode.vH29,1::4,Bronchial smooth muscle cell,1.0,celltypepilot
G17_B001225.gencode.vH29,1::4,Bronchial smooth muscle cell,1.0,celltypepilot
G17_B001234.gencode.vH29,1::4,Bronchial smooth muscle cell,1.0,celltypepilot
G19_B001222.gencode.vH29,1::4,Bronchial smooth muscle cell,1.0,celltypepilot
G20_B001234.gencode.vH29,1::4,Bronchial smooth muscle cell,1.0,celltypepilot
G21_B001239.gencode.vH29,1::4,Bronchial smooth muscle cell,1.0,celltypepilot
G4_B001234.gencode.vH29,1::4,Bronchial smooth muscle cell,1.0,celltypepilot
G6_B001239.gencode.vH29,1::4,Bronchial smooth muscle cell,1.0,celltypepilot
G7_B002580.gencode.vH29,1::4,Bronchial smooth muscle cell,1.0,celltypepilot
H1_B001224.gencode.vH29,1::4,Bronchial smooth muscle cell,1.0,celltypepilot
H10_B001226.gencode.vH29,1::4,Bronchial smooth muscle cell,1.0,celltypepilot
H10_B001235.gencode.vH29,1::4,Bronchial smooth muscle cell,1.0,celltypepilot
H17_B001235.gencode.vH29,1::4,Bronchial smooth muscle cell,1.0,celltypepilot
H20_B001237.gencode.vH29,1::4,Bronchial smooth muscle cell,1.0,celltypepilot
H3_B002578.gencode.vH29,1::4,Bronchial smooth muscle cell,1.0,celltypepilot
H4_B001239.gencode.vH29,1::4,Bronchial smooth muscle cell,1.0,celltypepilot
H7_B001223.gencode.vH29,1::4,Bronchial smooth muscle cell,1.0,celltypepilot
H8_B001235.gencode.vH29,1::4,Bronchial smooth muscle cell,1.0,celltypepilot
H9_B001235.gencode.vH29,1::4,Bronchial smooth muscle cell,1.0,celltypepilot
I11_B001234.gencode.vH29,1::4,Bronchial smooth muscle cell,1.0,celltypepilot
I11_B002578.gencode.vH29,1::4,Bronchial smooth muscle cell,1.0,celltypepilot
I13_B001237.gencode.vH29,1::4,Bronchial smooth muscle cell,1.0,celltypepilot
I21_B001239.gencode.vH29,1::4,Bronchial smooth muscle cell,1.0,celltypepilot
I22_B001223.gencode.vH29,1::4,Bronchial smooth muscle cell,1.0,celltypepilot
I3_B001224.gencode.vH29,1::4,Bronchial smooth muscle cell,1.0,celltypepilot
I3_B001234.gencode.vH29,1::4,Bronchial smooth muscle cell,1.0,celltypepilot
I4_B002579.gencode.vH29,1::4,Bronchial smooth muscle cell,1.0,celltypepilot
I5_B001224.gencode.vH29,1::4,Bronchial smooth muscle cell,1.0,celltypepilot
I6_B001239.gencode.vH29,1::4,Bronchial smooth muscle cell,1.0,celltypepilot
I7_B001237.gencode.vH29,1::4,Bronchial smooth muscle cell,1.0,celltypepilot
I8_B001225.gencode.vH29,1::4,Bronchial smooth muscle cell,1.0,celltypepilot
I8_B001228.gencode.vH29,1::4,Bronchial smooth muscle cell,1.0,celltypepilot
I9_B002579.gencode.vH29,1::4,Bronchial smooth muscle cell,1.0,celltypepilot
J1_B001237.gencode.vH29,1::4,Bronchial smooth muscle cell,1.0,celltypepilot
J1_B002580.gencode.vH29,1::4,Bronchial smooth muscle cell,1.0,celltypepilot
J10_B001225.gencode.vH29,1::4,Bronchial smooth muscle cell,1.0,celltypepilot
J11_B001223.gencode.vH29,1::4,Bronchial smooth muscle cell,1.0,celltypepilot
J11_B001235.gencode.vH29,1::4,Bronchial smooth muscle cell,1.0,celltypepilot
J11_B001239.gencode.vH29,1::4,Bronchial smooth muscle cell,1.0,celltypepilot
J12_B001223.gencode.vH29,1::4,Bronchial smooth muscle cell,1.0,celltypepilot
J13_B001234.gencode.vH29,1::4,Bronchial smooth muscle cell,1.0,celltypepilot
J13_B001235.gencode.vH29,1::4,Bronchial smooth muscle cell,1.0,celltypepilot
J16_B001225.gencode.vH29,1::4,Bronchial smooth muscle cell,1.0,celltypepilot
J18_B001239.gencode.vH29,1::4,Bronchial smooth muscle cell,1.0,celltypepilot
J22_B001234.gencode.vH29,1::4,Bronchial smooth muscle cell,1.0,celltypepilot
J4_B001223.gencode.vH29,1::4,Bronchial smooth muscle cell,1.0,celltypepilot
J6_B001223.gencode.vH29,1::4,Bronchial smooth muscle cell,1.0,celltypepilot
J7_B001225.gencode.vH29,1::4,Bronchial smooth muscle cell,1.0,celltypepilot
J7_B001234.gencode.vH29,1::4,Bronchial smooth muscle cell,1.0,celltypepilot
J8_B001235.gencode.vH29,1::4,Bronchial smooth muscle cell,1.0,celltypepilot
K1_B001234.gencode.vH29,1::4,Bronchial smooth muscle cell,1.0,celltypepilot
K10_B001235.gencode.vH29,1::4,Bronchial smooth muscle cell,1.0,celltypepilot
K12_B001234.gencode.vH29,1::4,Bronchial smooth muscle cell,1.0,celltypepilot
K13_B001225.gencode.vH29,1::4,Bronchial smooth muscle cell,1.0,celltypepilot
K13_B001235.gencode.vH29,1::4,Bronchial smooth muscle cell,1.0,celltypepilot
K14_B001223.gencode.vH29,1::4,Bronchial smooth muscle cell,1.0,celltypepilot
K15_B001235.gencode.vH29,1::4,Bronchial smooth muscle cell,1.0,celltypepilot
K18_B002578.gencode.vH29,1::4,Bronchial smooth muscle cell,1.0,celltypepilot
K2_B001237.gencode.vH29,1::4,Bronchial smooth muscle cell,1.0,celltypepilot
K20_B001239.gencode.vH29,1::4,Bronchial smooth muscle cell,1.0,celltypepilot
K22_B001239.gencode.vH29,1::4,Bronchial smooth muscle cell,1.0,celltypepilot
K5_B001225.gencode.vH29,1::4,Bronchial smooth muscle cell,1.0,celltypepilot
K5_B001235.gencode.vH29,1::4,Bronchial smooth muscle cell,1.0,celltypepilot
K5_B001237.gencode.vH29,1::4,Bronchial smooth muscle cell,1.0,celltypepilot
K6_B001225.gencode.vH29,1::4,Bronchial smooth muscle cell,1.0,celltypepilot
K6_B001239.gencode.vH29,1::4,Bronchial smooth muscle cell,1.0,celltypepilot
K7_B001235.gencode.vH29,1::4,Bronchial smooth muscle cell,1.0,celltypepilot
K8_B001225.gencode.vH29,1::4,Bronchial smooth muscle cell,1.0,celltypepilot
L1_B001225.gencode.vH29,1::4,Bronchial smooth muscle cell,1.0,celltypepilot
L1_B001227.gencode.vH29,1::4,Bronchial smooth muscle cell,1.0,celltypepilot
L1_B002591.gencode.vH29,1::4,Bronchial smooth muscle cell,1.0,celltypepilot
L10_B001227.gencode.vH29,1::4,Bronchial smooth muscle cell,1.0,celltypepilot
L10_B001239.gencode.vH29,1::4,Bronchial smooth muscle cell,1.0,celltypepilot
L13_B001225.gencode.vH29,1::4,Bronchial smooth muscle cell,1.0,celltypepilot
L13_B001235.gencode.vH29,1::4,Bronchial smooth muscle cell,1.0,celltypepilot
L13_B001239.gencode.vH29,1::4,Bronchial smooth muscle cell,1.0,celltypepilot
L15_B001235.gencode.vH29,1::4,Bronchial smooth muscle cell,1.0,celltypepilot
L16_B001235.gencode.vH29,1::4,Bronchial smooth muscle cell,1.0,celltypepilot
L17_B001239.gencode.vH29,1::4,Bronchial smooth muscle cell,1.0,celltypepilot
L18_B001234.gencode.vH29,1::4,Bronchial smooth muscle cell,1.0,celltypepilot
L19_B001237.gencode.vH29,1::4,Bronchial smooth muscle cell,1.0,celltypepilot
L2_B001226.gencode.vH29,1::4,Bronchial smooth muscle cell,1.0,celltypepilot
L6_B001235.gencode.vH29,1::4,Bronchial smooth muscle cell,1.0,celltypepilot
L7_B001225.gencode.vH29,1::4,Bronchial smooth muscle cell,1.0,celltypepilot
L8_B001235.gencode.vH29,1::4,Bronchial smooth muscle cell,1.0,celltypepilot
M1_B001237.gencode.vH29,1::4,Bronchial smooth muscle cell,1.0,celltypepilot
M10_B001225.gencode.vH29,1::4,Bronchial smooth muscle cell,1.0,celltypepilot
M12_B001225.gencode.vH29,1::4,Bronchial smooth muscle cell,1.0,celltypepilot
M16_B001239.gencode.vH29,1::4,Bronchial smooth muscle cell,1.0,celltypepilot
M19_B001225.gencode.vH29,1::4,Bronchial smooth muscle cell,1.0,celltypepilot
M2_B001228.gencode.vH29,1::4,Bronchial smooth muscle cell,1.0,celltypepilot
M21_B001234.gencode.vH29,1::4,Bronchial smooth muscle cell,1.0,celltypepilot
M22_B001235.gencode.vH29,1::4,Bronchial smooth muscle cell,1.0,celltypepilot
M3_B001235.gencode.vH29,1::1,Unknown,0.5,celltypepilot
M4_B001224.gencode.vH29,1::4,Bronchial smooth muscle cell,1.0,celltypepilot
M4_B001239.gencode.vH29,1::4,Bronchial smooth muscle cell,1.0,celltypepilot
M9_B001223.gencode.vH29,1::4,Bronchial smooth muscle cell,1.0,celltypepilot
M9_B001239.gencode.vH29,1::4,Bronchial smooth muscle cell,1.0,celltypepilot
N1_B001223.gencode.vH29,1::4,Bronchial smooth muscle cell,1.0,celltypepilot
N1_B001239.gencode.vH29,1::4,Bronchial smooth muscle cell,1.0,celltypepilot
N11_B001223.gencode.vH29,1::4,Bronchial smooth muscle cell,1.0,celltypepilot
N12_B001225.gencode.vH29,1::4,Bronchial smooth muscle cell,1.0,celltypepilot
N13_B001234.gencode.vH29,1::4,Bronchial smooth muscle cell,1.0,celltypepilot
N14_B001223.gencode.vH29,1::4,Bronchial smooth muscle cell,1.0,celltypepilot
N14_B001224.gencode.vH29,1::4,Bronchial smooth muscle cell,1.0,celltypepilot
N15_B001225.gencode.vH29,1::4,Bronchial smooth muscle cell,1.0,celltypepilot
N18_B001225.gencode.vH29,1::4,Bronchial smooth muscle cell,1.0,celltypepilot
N19_B001225.gencode.vH29,1::4,Bronchial smooth muscle cell,1.0,celltypepilot
N22_B001239.gencode.vH29,1::4,Bronchial smooth muscle cell,1.0,celltypepilot
N3_B001223.gencode.vH29,1::4,Bronchial smooth muscle cell,1.0,celltypepilot
N3_B001239.gencode.vH29,1::4,Bronchial smooth muscle cell,1.0,celltypepilot
N5_B001235.gencode.vH29,1::4,Bronchial smooth muscle cell,1.0,celltypepilot
N8_B001223.gencode.vH29,1::4,Bronchial smooth muscle cell,1.0,celltypepilot
N8_B001226.gencode.vH29,1::4,Bronchial smooth muscle cell,1.0,celltypepilot
N9_B001235.gencode.vH29,1::4,Bronchial smooth muscle cell,1.0,celltypepilot
N9_B001239.gencode.vH29,1::4,Bronchial smooth muscle cell,1.0,celltypepilot
O10_B001235.gencode.vH29,1::1,Unknown,0.5,celltypepilot
O10_B001239.gencode.vH29,1::4,Bronchial smooth muscle cell,1.0,celltypepilot
O11_B001223.gencode.vH29,1::4,Bronchial smooth muscle cell,1.0,celltypepilot
O11_B001225.gencode.vH29,1::4,Bronchial smooth muscle cell,1.0,celltypepilot
O12_B001225.gencode.vH29,1::4,Bronchial smooth muscle cell,1.0,celltypepilot
O14_B001239.gencode.vH29,1::4,Bronchial smooth muscle cell,1.0,celltypepilot
O16_B001223.gencode.vH29,1::4,Bronchial smooth muscle cell,1.0,celltypepilot
O18_B001237.gencode.vH29,1::4,Bronchial smooth muscle cell,1.0,celltypepilot
O19_B001225.gencode.vH29,1::4,Bronchial smooth muscle cell,1.0,celltypepilot
O19_B001239.gencode.vH29,1::4,Bronchial smooth muscle cell,1.0,celltypepilot
O21_B001234.gencode.vH29,1::4,Bronchial smooth muscle cell,1.0,celltypepilot
O21_B001235.gencode.vH29,1::4,Bronchial smooth muscle cell,1.0,celltypepilot
O22_B001223.gencode.vH29,1::4,Bronchial smooth muscle cell,1.0,celltypepilot
O4_B001234.gencode.vH29,1::4,Bronchial smooth muscle cell,1.0,celltypepilot
O4_B001235.gencode.vH29,1::4,Bronchial smooth muscle cell,1.0,celltypepilot
O6_B001224.gencode.vH29,1::4,Bronchial smooth muscle cell,1.0,celltypepilot
P10_B001235.gencode.vH29,1::4,Bronchial smooth muscle cell,1.0,celltypepilot
P10_B001237.gencode.vH29,1::4,Bronchial smooth muscle cell,1.0,celltypepilot
P11_B001235.gencode.vH29,1::4,Bronchial smooth muscle cell,1.0,celltypepilot
P12_B001234.gencode.vH29,1::1,Unknown,0.5,celltypepilot
P13_B001237.gencode.vH29,1::4,Bronchial smooth muscle cell,1.0,celltypepilot
P13_B001239.gencode.vH29,1::4,Bronchial smooth muscle cell,1.0,celltypepilot
P15_B001235.gencode.vH29,1::4,Bronchial smooth muscle cell,1.0,celltypepilot
P17_B001239.gencode.vH29,1::4,Bronchial smooth muscle cell,1.0,celltypepilot
P18_B001225.gencode.vH29,1::4,Bronchial smooth muscle cell,1.0,celltypepilot
P18_B001235.gencode.vH29,1::4,Bronchial smooth muscle cell,1.0,celltypepilot
P19_B001224.gencode.vH29,1::4,Bronchial smooth muscle cell,1.0,celltypepilot
P2_B001223.gencode.vH29,1::4,Bronchial smooth muscle cell,1.0,celltypepilot
P21_B001234.gencode.vH29,1::4,Bronchial smooth muscle cell,1.0,celltypepilot
P22_B001239.gencode.vH29,1::4,Bronchial smooth muscle cell,1.0,celltypepilot
P5_B002578.gencode.vH29,1::4,Bronchial smooth muscle cell,1.0,celltypepilot
P7_B001235.gencode.vH29,1::4,Bronchial smooth muscle cell,1.0,celltypepilot
P9_B001224.gencode.vH29,1::4,Bronchial smooth muscle cell,1.0,celltypepilot
P9_B001235.gencode.vH29,1::4,Bronchial smooth muscle cell,1.0,celltypepilot
C13_B001225.gencode.vH29,1::4,Bronchial smooth muscle cell,1.0,celltypepilot
E12_B001237.gencode.vH29,1::4,Bronchial smooth muscle cell,1.0,celltypepilot
H2_B001223.gencode.vH29,1::4,Bronchial smooth muscle cell,1.0,celltypepilot
J19_B001237.gencode.vH29,1::4,Bronchial smooth muscle cell,1.0,celltypepilot
O5_B001224.gencode.vH29,1::4,Bronchial smooth muscle cell,1.0,celltypepilot
L17_B001225.gencode.vH29,1::4,Bronchial smooth muscle cell,1.0,celltypepilot
N5_B001222.gencode.vH29,1::1,Unknown,0.5,celltypepilot
A1_B001239.gencode.vH29,1::4,Bronchial smooth muscle cell,1.0,celltypepilot
A10_B001234.gencode.vH29,1::4,Bronchial smooth muscle cell,1.0,celltypepilot
A17_B001223.gencode.vH29,1::4,Bronchial smooth muscle cell,1.0,celltypepilot
A18_B001225.gencode.vH29,1::4,Bronchial smooth muscle cell,1.0,celltypepilot
A2_B002580.gencode.vH29,1::4,Bronchial smooth muscle cell,1.0,celltypepilot
A20_B001224.gencode.vH29,1::4,Bronchial smooth muscle cell,1.0,celltypepilot
A5_B002578.gencode.vH29,1::4,Bronchial smooth muscle cell,1.0,celltypepilot
A7_B001237.gencode.vH29,1::4,Bronchial smooth muscle cell,1.0,celltypepilot
A7_B002579.gencode.vH29,1::4,Bronchial smooth muscle cell,1.0,celltypepilot
A8_B002578.gencode.vH29,1::4,Bronchial smooth muscle cell,1.0,celltypepilot
A9_B001229.gencode.vH29,1::4,Bronchial smooth muscle cell,1.0,celltypepilot
B12_B001237.gencode.vH29,1::4,Bronchial smooth muscle cell,1.0,celltypepilot
B16_B001239.gencode.vH29,1::4,Bronchial smooth muscle cell,1.0,celltypepilot
B2_B001224.gencode.vH29,1::4,Bronchial smooth muscle cell,1.0,celltypepilot
B20_B001225.gencode.vH29,1::4,Bronchial smooth muscle cell,1.0,celltypepilot
B20_B001235.gencode.vH29,1::4,Bronchial smooth muscle cell,1.0,celltypepilot
B5_B001234.gencode.vH29,1::4,Bronchial smooth muscle cell,1.0,celltypepilot
B7_B001223.gencode.vH29,1::4,Bronchial smooth muscle cell,1.0,celltypepilot
B7_B001237.gencode.vH29,1::4,Bronchial smooth muscle cell,1.0,celltypepilot
C10_B001225.gencode.vH29,1::4,Bronchial smooth muscle cell,1.0,celltypepilot
C10_B002579.gencode.vH29,1::4,Bronchial smooth muscle cell,1.0,celltypepilot
C11_B001223.gencode.vH29,1::4,Bronchial smooth muscle cell,1.0,celltypepilot
C13_B001223.gencode.vH29,1::4,Bronchial smooth muscle cell,1.0,celltypepilot
C17_B001224.gencode.vH29,1::4,Bronchial smooth muscle cell,1.0,celltypepilot
C20_B001224.gencode.vH29,1::4,Bronchial smooth muscle cell,1.0,celltypepilot
C8_B001229.gencode.vH29,1::4,Bronchial smooth muscle cell,1.0,celltypepilot
C8_B001237.gencode.vH29,1::4,Bronchial smooth muscle cell,1.0,celltypepilot
C9_B001223.gencode.vH29,1::4,Bronchial smooth muscle cell,1.0,celltypepilot
D11_B002578.gencode.vH29,1::4,Bronchial smooth muscle cell,1.0,celltypepilot
D15_B001235.gencode.vH29,1::4,Bronchial smooth muscle cell,1.0,celltypepilot
D22_B001234.gencode.vH29,1::4,Bronchial smooth muscle cell,1.0,celltypepilot
D3_B001224.gencode.vH29,1::4,Bronchial smooth muscle cell,1.0,celltypepilot
D9_B001229.gencode.vH29,1::4,Bronchial smooth muscle cell,1.0,celltypepilot
E1_B001227.gencode.vH29,1::4,Bronchial smooth muscle cell,1.0,celltypepilot
E12_B001223.gencode.vH29,1::4,Bronchial smooth muscle cell,1.0,celltypepilot
E17_B001239.gencode.vH29,1::4,Bronchial smooth muscle cell,1.0,celltypepilot
E3_B001226.gencode.vH29,1::4,Bronchial smooth muscle cell,1.0,celltypepilot
E9_B001237.gencode.vH29,1::4,Bronchial smooth muscle cell,1.0,celltypepilot
F10_B001223.gencode.vH29,1::4,Bronchial smooth muscle cell,1.0,celltypepilot
F11_B001224.gencode.vH29,1::4,Bronchial smooth muscle cell,1.0,celltypepilot
F12_B001223.gencode.vH29,1::4,Bronchial smooth muscle cell,1.0,celltypepilot
F12_B001224.gencode.vH29,1::4,Bronchial smooth muscle cell,1.0,celltypepilot
F13_B001239.gencode.vH29,1::4,Bronchial smooth muscle cell,1.0,celltypepilot
F18_B001235.gencode.vH29,1::4,Bronchial smooth muscle cell,1.0,celltypepilot
F2_B001227.gencode.vH29,1::4,Bronchial smooth muscle cell,1.0,celltypepilot
F4_B001223.gencode.vH29,1::4,Bronchial smooth muscle cell,1.0,celltypepilot
F7_B001225.gencode.vH29,1::4,Bronchial smooth muscle cell,1.0,celltypepilot
F8_B001227.gencode.vH29,1::4,Bronchial smooth muscle cell,1.0,celltypepilot
G1_B001225.gencode.vH29,1::4,Bronchial smooth muscle cell,1.0,celltypepilot
G11_B001225.gencode.vH29,1::4,Bronchial smooth muscle cell,1.0,celltypepilot
G16_B001234.gencode.vH29,1::4,Bronchial smooth muscle cell,1.0,celltypepilot
G9_B001225.gencode.vH29,1::4,Bronchial smooth muscle cell,1.0,celltypepilot
H15_B001224.gencode.vH29,1::4,Bronchial smooth muscle cell,1.0,celltypepilot
H19_B001223.gencode.vH29,1::4,Bronchial smooth muscle cell,1.0,celltypepilot
H3_B001224.gencode.vH29,1::4,Bronchial smooth muscle cell,1.0,celltypepilot
H3_B001225.gencode.vH29,1::4,Bronchial smooth muscle cell,1.0,celltypepilot
H4_B001237.gencode.vH29,1::4,Bronchial smooth muscle cell,1.0,celltypepilot
I1_B001223.gencode.vH29,1::4,Bronchial smooth muscle cell,1.0,celltypepilot
I18_B001237.gencode.vH29,1::4,Bronchial smooth muscle cell,1.0,celltypepilot
I22_B001234.gencode.vH29,1::4,Bronchial smooth muscle cell,1.0,celltypepilot
I22_B001237.gencode.vH29,1::4,Bronchial smooth muscle cell,1.0,celltypepilot
I8_B001224.gencode.vH29,1::4,Bronchial smooth muscle cell,1.0,celltypepilot
J13_B001224.gencode.vH29,1::4,Bronchial smooth muscle cell,1.0,celltypepilot
J2_B001227.gencode.vH29,1::4,Bronchial smooth muscle cell,1.0,celltypepilot
J5_B001224.gencode.vH29,1::4,Bronchial smooth muscle cell,1.0,celltypepilot
J7_B001224.gencode.vH29,1::4,Bronchial smooth muscle cell,1.0,celltypepilot
K10_B001234.gencode.vH29,1::4,Bronchial smooth muscle cell,1.0,celltypepilot
K18_B001225.gencode.vH29,1::4,Bronchial smooth muscle cell,1.0,celltypepilot
K19_B001235.gencode.vH29,1::4,Bronchial smooth muscle cell,1.0,celltypepilot
K22_B001235.gencode.vH29,1::4,Bronchial smooth muscle cell,1.0,celltypepilot
K22_B001237.gencode.vH29,1::4,Bronchial smooth muscle cell,1.0,celltypepilot
K9_B001223.gencode.vH29,1::4,Bronchial smooth muscle cell,1.0,celltypepilot
L1_B001223.gencode.vH29,1::4,Bronchial smooth muscle cell,1.0,celltypepilot
L10_B001235.gencode.vH29,1::4,Bronchial smooth muscle cell,1.0,celltypepilot
L12_B001235.gencode.vH29,1::4,Bronchial smooth muscle cell,1.0,celltypepilot
L18_B001237.gencode.vH29,1::4,Bronchial smooth muscle cell,1.0,celltypepilot
M1_B001234.gencode.vH29,1::4,Bronchial smooth muscle cell,1.0,celltypepilot
M11_B001237.gencode.vH29,1::4,Bronchial smooth muscle cell,1.0,celltypepilot
M13_B001234.gencode.vH29,1::4,Bronchial smooth muscle cell,1.0,celltypepilot
M14_B001225.gencode.vH29,1::4,Bronchial smooth muscle cell,1.0,celltypepilot
M17_B001225.gencode.vH29,1::4,Bronchial smooth muscle cell,1.0,celltypepilot
M18_B001225.gencode.vH29,1::4,Bronchial smooth muscle cell,1.0,celltypepilot
M19_B001234.gencode.vH29,1::4,Bronchial smooth muscle cell,1.0,celltypepilot
M3_B001227.gencode.vH29,1::4,Bronchial smooth muscle cell,1.0,celltypepilot
M3_B002579.gencode.vH29,1::4,Bronchial smooth muscle cell,1.0,celltypepilot
M4_B001225.gencode.vH29,1::4,Bronchial smooth muscle cell,1.0,celltypepilot
M4_B001234.gencode.vH29,1::4,Bronchial smooth muscle cell,1.0,celltypepilot
M7_B001235.gencode.vH29,1::4,Bronchial smooth muscle cell,1.0,celltypepilot
N10_B001235.gencode.vH29,1::4,Bronchial smooth muscle cell,1.0,celltypepilot
N7_B001224.gencode.vH29,1::4,Bronchial smooth muscle cell,1.0,celltypepilot
N8_B001239.gencode.vH29,1::4,Bronchial smooth muscle cell,1.0,celltypepilot
O13_B001224.gencode.vH29,1::4,Bronchial smooth muscle cell,1.0,celltypepilot
O14_B001235.gencode.vH29,1::4,Bronchial smooth muscle cell,1.0,celltypepilot
O2_B001229.gencode.vH29,1::4,Bronchial smooth muscle cell,1.0,celltypepilot
O3_B001239.gencode.vH29,1::4,Bronchial smooth muscle cell,1.0,celltypepilot
P20_B001223.gencode.vH29,1::4,Bronchial smooth muscle cell,1.0,celltypepilot
P4_B001239.gencode.vH29,1::4,Bronchial smooth muscle cell,1.0,celltypepilot
P5_B001238.gencode.vH29,1::4,Bronchial smooth muscle cell,1.0,celltypepilot
P7_B002580.gencode.vH29,1::4,Bronchial smooth muscle cell,1.0,celltypepilot
A5_B001234.gencode.vH29,1::4,Bronchial smooth muscle cell,1.0,celltypepilot
C14_B001239.gencode.vH29,1::4,Bronchial smooth muscle cell,1.0,celltypepilot
F21_B001239.gencode.vH29,1::4,Bronchial smooth muscle cell,1.0,celltypepilot
I12_B001223.gencode.vH29,1::4,Bronchial smooth muscle cell,1.0,celltypepilot
N18_B001235.gencode.vH29,1::4,Bronchial smooth muscle cell,1.0,celltypepilot
A1_B002579.gencode.vH29,1::4,Bronchial smooth muscle cell,1.0,celltypepilot
A22_B001235.gencode.vH29,1::4,Bronchial smooth muscle cell,1.0,celltypepilot
C2_B001235.gencode.vH29,1::4,Bronchial smooth muscle cell,1.0,celltypepilot
D4_B002592.gencode.vH29,1::4,Bronchial smooth muscle cell,1.0,celltypepilot
E9_B001223.gencode.vH29,1::4,Bronchial smooth muscle cell,1.0,celltypepilot
H10_B001224.gencode.vH29,1::4,Bronchial smooth muscle cell,1.0,celltypepilot
H19_B001237.gencode.vH29,1::4,Bronchial smooth muscle cell,1.0,celltypepilot
M14_B001239.gencode.vH29,1::4,Bronchial smooth muscle cell,1.0,celltypepilot
M3_B001237.gencode.vH29,1::4,Bronchial smooth muscle cell,1.0,celltypepilot
P6_B001223.gencode.vH29,1::4,Bronchial smooth muscle cell,1.0,celltypepilot
E14_B001239.gencode.vH29,1::4,Bronchial smooth muscle cell,1.0,celltypepilot
P19_B001239.gencode.vH29,1::4,Bronchial smooth muscle cell,1.0,celltypepilot
A10_B001239.gencode.vH29,1::4,Bronchial smooth muscle cell,1.0,celltypepilot
A18_B001239.gencode.vH29,1::4,Bronchial smooth muscle cell,1.0,celltypepilot
A3_B001228.gencode.vH29,1::4,Bronchial smooth muscle cell,1.0,celltypepilot
A7_B001228.gencode.vH29,1::4,Bronchial smooth muscle cell,1.0,celltypepilot
B1_B001224.gencode.vH29,1::4,Bronchial smooth muscle cell,1.0,celltypepilot
B11_B002578.gencode.vH29,1::4,Bronchial smooth muscle cell,1.0,celltypepilot
B3_B001229.gencode.vH29,1::4,Bronchial smooth muscle cell,1.0,celltypepilot
B4_B001229.gencode.vH29,1::4,Bronchial smooth muscle cell,1.0,celltypepilot
B6_B001237.gencode.vH29,1::4,Bronchial smooth muscle cell,1.0,celltypepilot
B6_B002580.gencode.vH29,1::4,Bronchial smooth muscle cell,1.0,celltypepilot
B7_B001228.gencode.vH29,1::4,Bronchial smooth muscle cell,1.0,celltypepilot
B9_B002579.gencode.vH29,1::4,Bronchial smooth muscle cell,1.0,celltypepilot
C2_B001225.gencode.vH29,1::4,Bronchial smooth muscle cell,1.0,celltypepilot
C4_B002580.gencode.vH29,1::4,Bronchial smooth muscle cell,1.0,celltypepilot
C8_B001239.gencode.vH29,1::4,Bronchial smooth muscle cell,1.0,celltypepilot
D10_B001239.gencode.vH29,1::4,Bronchial smooth muscle cell,1.0,celltypepilot
D3_B002579.gencode.vH29,1::4,Bronchial smooth muscle cell,1.0,celltypepilot
E1_B001229.gencode.vH29,1::4,Bronchial smooth muscle cell,1.0,celltypepilot
E18_B001223.gencode.vH29,1::4,Bronchial smooth muscle cell,1.0,celltypepilot
E7_B002579.gencode.vH29,1::4,Bronchial smooth muscle cell,1.0,celltypepilot
E8_B001228.gencode.vH29,1::4,Bronchial smooth muscle cell,1.0,celltypepilot
F1_B002580.gencode.vH29,1::4,Bronchial smooth muscle cell,1.0,celltypepilot
F17_B001239.gencode.vH29,1::4,Bronchial smooth muscle cell,1.0,celltypepilot
F18_B001225.gencode.vH29,1::4,Bronchial smooth muscle cell,1.0,celltypepilot
F18_B001239.gencode.vH29,1::4,Bronchial smooth muscle cell,1.0,celltypepilot
F5_B002580.gencode.vH29,1::4,Bronchial smooth muscle cell,1.0,celltypepilot
F7_B001224.gencode.vH29,1::4,Bronchial smooth muscle cell,1.0,celltypepilot
F9_B002579.gencode.vH29,1::4,Bronchial smooth muscle cell,1.0,celltypepilot
G6_B002580.gencode.vH29,1::4,Bronchial smooth muscle cell,1.0,celltypepilot
H4_B001226.gencode.vH29,1::4,Bronchial smooth muscle cell,1.0,celltypepilot
H5_B002579.gencode.vH29,1::4,Bronchial smooth muscle cell,1.0,celltypepilot
I3_B001228.gencode.vH29,1::4,Bronchial smooth muscle cell,1.0,celltypepilot
I7_B001229.gencode.vH29,1::4,Bronchial smooth muscle cell,1.0,celltypepilot
J3_B001226.gencode.vH29,1::4,Bronchial smooth muscle cell,1.0,celltypepilot
J7_B001226.gencode.vH29,1::4,Bronchial smooth muscle cell,1.0,celltypepilot
K2_B001228.gencode.vH29,1::4,Bronchial smooth muscle cell,1.0,celltypepilot
K3_B001228.gencode.vH29,1::4,Bronchial smooth muscle cell,1.0,celltypepilot
K5_B002579.gencode.vH29,1::4,Bronchial smooth muscle cell,1.0,celltypepilot
K5_B002580.gencode.vH29,1::4,Bronchial smooth muscle cell,1.0,celltypepilot
K6_B001223.gencode.vH29,1::4,Bronchial smooth muscle cell,1.0,celltypepilot
K6_B001226.gencode.vH29,1::4,Bronchial smooth muscle cell,1.0,celltypepilot
L1_B001228.gencode.vH29,1::4,Bronchial smooth muscle cell,1.0,celltypepilot
L11_B002578.gencode.vH29,1::4,Bronchial smooth muscle cell,1.0,celltypepilot
L3_B001224.gencode.vH29,1::4,Bronchial smooth muscle cell,1.0,celltypepilot
L3_B001226.gencode.vH29,1::4,Bronchial smooth muscle cell,1.0,celltypepilot
L4_B002591.gencode.vH29,1::4,Bronchial smooth muscle cell,1.0,celltypepilot
L6_B001239.gencode.vH29,1::4,Bronchial smooth muscle cell,1.0,celltypepilot
L7_B002579.gencode.vH29,1::4,Bronchial smooth muscle cell,1.0,celltypepilot
L8_B001229.gencode.vH29,1::4,Bronchial smooth muscle cell,1.0,celltypepilot
M16_B002580.gencode.vH29,1::4,Bronchial smooth muscle cell,1.0,celltypepilot
M5_B001225.gencode.vH29,1::4,Bronchial smooth muscle cell,1.0,celltypepilot
M6_B001228.gencode.vH29,1::4,Bronchial smooth muscle cell,1.0,celltypepilot
M9_B002578.gencode.vH29,1::4,Bronchial smooth muscle cell,1.0,celltypepilot
N16_B001225.gencode.vH29,1::4,Bronchial smooth muscle cell,1.0,celltypepilot
N2_B001226.gencode.vH29,1::4,Bronchial smooth muscle cell,1.0,celltypepilot
N4_B001239.gencode.vH29,1::4,Bronchial smooth muscle cell,1.0,celltypepilot
O11_B002578.gencode.vH29,1::4,Bronchial smooth muscle cell,1.0,celltypepilot
O2_B002580.gencode.vH29,1::4,Bronchial smooth muscle cell,1.0,celltypepilot
O20_B001223.gencode.vH29,1::4,Bronchial smooth muscle cell,1.0,celltypepilot
O4_B002593.gencode.vH29,1::4,Bronchial smooth muscle cell,1.0,celltypepilot
O5_B001228.gencode.vH29,1::4,Bronchial smooth muscle cell,1.0,celltypepilot
O6_B001227.gencode.vH29,1::4,Bronchial smooth muscle cell,1.0,celltypepilot
O6_B001228.gencode.vH29,1::4,Bronchial smooth muscle cell,1.0,celltypepilot
O8_B001228.gencode.vH29,1::4,Bronchial smooth muscle cell,1.0,celltypepilot
O8_B001229.gencode.vH29,1::4,Bronchial smooth muscle cell,1.0,celltypepilot
P17_B001224.gencode.vH29,1::4,Bronchial smooth muscle cell,1.0,celltypepilot
P2_B001229.gencode.vH29,1::4,Bronchial smooth muscle cell,1.0,celltypepilot
P2_B002579.gencode.vH29,1::4,Bronchial smooth muscle cell,1.0,celltypepilot
P4_B001238.gencode.vH29,1::4,Bronchial smooth muscle cell,1.0,celltypepilot
P4_B002578.gencode.vH29,1::4,Bronchial smooth muscle cell,1.0,celltypepilot
P6_B001234.gencode.vH29,1::1,Unknown,0.5,celltypepilot
B10_B002579.gencode.vH29,1::1,Unknown,0.5,celltypepilot
B19_B001234.gencode.vH29,1::1,Unknown,0.5,celltypepilot
C8_B001234.gencode.vH29,1::5,Club cell,1.0,celltypepilot
D2_B001228.gencode.vH29,1::1,Unknown,0.5,celltypepilot
D6_B001235.gencode.vH29,1::1,Unknown,0.5,celltypepilot
E10_B001234.gencode.vH29,1::1,Unknown,0.5,celltypepilot
E19_B001239.gencode.vH29,1::1,Unknown,0.5,celltypepilot
F3_B001234.gencode.vH29,1::1,Unknown,0.5,celltypepilot
G16_B001237.gencode.vH29,1::1,Unknown,0.5,celltypepilot
H3_B001234.gencode.vH29,1::1,Unknown,0.5,celltypepilot
I20_B001225.gencode.vH29,1::1,Unknown,0.5,celltypepilot
K6_B001235.gencode.vH29,1::1,Unknown,0.5,celltypepilot
L6_B001225.gencode.vH29,1::5,Club cell,1.0,celltypepilot
N2_B001225.gencode.vH29,1::5,Club cell,1.0,celltypepilot
N21_B001239.gencode.vH29,1::5,Club cell,1.0,celltypepilot
N4_B001237.gencode.vH29,1::5,Club cell,1.0,celltypepilot
O9_B001239.gencode.vH29,1::1,Unknown,0.5,celltypepilot
P1_B001222.gencode.vH29,1::2,Club cell,1.0,celltypepilot
C16_B001237.gencode.vH29,1::2,Club cell,1.0,celltypepilot
A12_B001224.gencode.vH29,1::5,Club cell,1.0,celltypepilot
A12_B001225.gencode.vH29,1::5,Club cell,1.0,celltypepilot
A12_B001239.gencode.vH29,1::2,Club cell,1.0,celltypepilot
A20_B001237.gencode.vH29,1::5,Club cell,1.0,celltypepilot
A21_B001225.gencode.vH29,1::5,Club cell,1.0,celltypepilot
A7_B001224.gencode.vH29,1::2,Club cell,1.0,celltypepilot
B17_B001224.gencode.vH29,1::2,Club cell,1.0,celltypepilot
B18_B001237.gencode.vH29,1::5,Club cell,1.0,celltypepilot
B7_B001235.gencode.vH29,1::2,Club cell,1.0,celltypepilot
B9_B001225.gencode.vH29,1::2,Club cell,1.0,celltypepilot
C1_B001222.gencode.vH29,1::2,Club cell,1.0,celltypepilot
C1_B001225.gencode.vH29,1::5,Club cell,1.0,celltypepilot
C1_B001234.gencode.vH29,1::5,Club cell,1.0,celltypepilot
C15_B001222.gencode.vH29,1::2,Club cell,1.0,celltypepilot
C19_B001223.gencode.vH29,1::2,Club cell,1.0,celltypepilot
C4_B001239.gencode.vH29,1::5,Club cell,1.0,celltypepilot
C6_B002580.gencode.vH29,1::1,Unknown,0.5,celltypepilot
C7_B001234.gencode.vH29,1::5,Club cell,1.0,celltypepilot
D12_B001222.gencode.vH29,1::2,Club cell,1.0,celltypepilot
D22_B001223.gencode.vH29,1::5,Club cell,1.0,celltypepilot
D22_B001235.gencode.vH29,1::5,Club cell,1.0,celltypepilot
D5_B002579.gencode.vH29,1::2,Club cell,1.0,celltypepilot
E1_B001223.gencode.vH29,1::5,Club cell,1.0,celltypepilot
E11_B001235.gencode.vH29,1::5,Club cell,1.0,celltypepilot
E14_B001234.gencode.vH29,1::5,Club cell,1.0,celltypepilot
E3_B001224.gencode.vH29,1::2,Club cell,1.0,celltypepilot
F16_B001239.gencode.vH29,1::2,Club cell,1.0,celltypepilot
F19_B001223.gencode.vH29,1::5,Club cell,1.0,celltypepilot
F20_B001237.gencode.vH29,1::5,Club cell,1.0,celltypepilot
F5_B001235.gencode.vH29,1::5,Club cell,1.0,celltypepilot
F6_B002578.gencode.vH29,1::5,Club cell,1.0,celltypepilot
G10_B001222.gencode.vH29,1::5,Club cell,1.0,celltypepilot
G15_B001222.gencode.vH29,1::2,Club cell,1.0,celltypepilot
G20_B001239.gencode.vH29,1::5,Club cell,1.0,celltypepilot
G5_B001239.gencode.vH29,1::2,Club cell,1.0,celltypepilot
G9_B001224.gencode.vH29,1::2,Club cell,1.0,celltypepilot
H22_B001234.gencode.vH29,1::2,Club cell,1.0,celltypepilot
H3_B001222.gencode.vH29,1::2,Club cell,1.0,celltypepilot
H3_B001239.gencode.vH29,1::5,Club cell,1.0,celltypepilot
H4_B001234.gencode.vH29,1::2,Club cell,1.0,celltypepilot
H5_B001235.gencode.vH29,1::5,Club cell,1.0,celltypepilot
H6_B001234.gencode.vH29,1::5,Club cell,1.0,celltypepilot
H6_B001235.gencode.vH29,1::2,Club cell,1.0,celltypepilot
H7_B001239.gencode.vH29,1::2,Club cell,1.0,celltypepilot
I1_B001222.gencode.vH29,1::2,Club cell,1.0,celltypepilot
I12_B001235.gencode.vH29,1::5,Club cell,1.0,celltypepilot
I18_B001235.gencode.vH29,1::5,Club cell,1.0,celltypepilot
I4_B001235.gencode.vH29,1::5,Club cell,1.0,celltypepilot
I7_B001224.gencode.vH29,1::5,Club cell,1.0,celltypepilot
I9_B001237.gencode.vH29,1::5,Club cell,1.0,celltypepilot
J1_B001223.gencode.vH29,1::2,Club cell,1.0,celltypepilot
J18_B001235.gencode.vH29,1::5,Club cell,1.0,celltypepilot
J19_B001235.gencode.vH29,1::2,Club cell,1.0,celltypepilot
J3_B001237.gencode.vH29,1::5,Club cell,1.0,celltypepilot
J5_B001223.gencode.vH29,1::5,Club cell,1.0,celltypepilot
K18_B001237.gencode.vH29,1::2,Club cell,1.0,celltypepilot
K20_B001237.gencode.vH29,1::5,Club cell,1.0,celltypepilot
K3_B001239.gencode.vH29,1::2,Club cell,1.0,celltypepilot
L19_B001234.gencode.vH29,1::5,Club cell,1.0,celltypepilot
L2_B001222.gencode.vH29,1::2,Club cell,1.0,celltypepilot
L2_B001225.gencode.vH29,1::2,Club cell,1.0,celltypepilot
L22_B001237.gencode.vH29,1::2,Club cell,1.0,celltypepilot
L8_B001224.gencode.vH29,1::2,Club cell,1.0,celltypepilot
M9_B001224.gencode.vH29,1::5,Club cell,1.0,celltypepilot
N14_B001235.gencode.vH29,1::5,Club cell,1.0,celltypepilot
N20_B001237.gencode.vH29,1::5,Club cell,1.0,celltypepilot
N22_B001234.gencode.vH29,1::2,Club cell,1.0,celltypepilot
N5_B001237.gencode.vH29,1::5,Club cell,1.0,celltypepilot
N8_B001235.gencode.vH29,1::5,Club cell,1.0,celltypepilot
O14_B001237.gencode.vH29,1::5,Club cell,1.0,celltypepilot
O15_B001237.gencode.vH29,1::5,Club cell,1.0,celltypepilot
O17_B001237.gencode.vH29,1::5,Club cell,1.0,celltypepilot
O18_B001234.gencode.vH29,1::5,Club cell,1.0,celltypepilot
O21_B001223.gencode.vH29,1::5,Club cell,1.0,celltypepilot
O5_B001222.gencode.vH29,1::2,Club cell,1.0,celltypepilot
O5_B002579.gencode.vH29,1::5,Club cell,1.0,celltypepilot
O9_B001225.gencode.vH29,1::5,Club cell,1.0,celltypepilot
O9_B001234.gencode.vH29,1::5,Club cell,1.0,celltypepilot
O9_B001235.gencode.vH29,1::5,Club cell,1.0,celltypepilot
P11_B001239.gencode.vH29,1::2,Club cell,1.0,celltypepilot
P15_B001234.gencode.vH29,1::5,Club cell,1.0,celltypepilot
P2_B001237.gencode.vH29,1::5,Club cell,1.0,celltypepilot
A11_B002578.gencode.vH29,1::4,Bronchial smooth muscle cell,1.0,celltypepilot
A14_B001234.gencode.vH29,1::4,Bronchial smooth muscle cell,1.0,celltypepilot
A15_B001237.gencode.vH29,1::4,Bronchial smooth muscle cell,1.0,celltypepilot
A4_B001229.gencode.vH29,1::4,Bronchial smooth muscle cell,1.0,celltypepilot
A6_B001239.gencode.vH29,1::4,Bronchial smooth muscle cell,1.0,celltypepilot
A8_B001229.gencode.vH29,1::4,Bronchial smooth muscle cell,1.0,celltypepilot
B1_B001235.gencode.vH29,1::4,Bronchial smooth muscle cell,1.0,celltypepilot
B1_B002591.gencode.vH29,1::4,Bronchial smooth muscle cell,1.0,celltypepilot
B15_B001237.gencode.vH29,1::4,Bronchial smooth muscle cell,1.0,celltypepilot
B2_B001226.gencode.vH29,1::4,Bronchial smooth muscle cell,1.0,celltypepilot
B22_B001234.gencode.vH29,1::4,Bronchial smooth muscle cell,1.0,celltypepilot
B4_B001234.gencode.vH29,1::4,Bronchial smooth muscle cell,1.0,celltypepilot
C19_B001224.gencode.vH29,1::4,Bronchial smooth muscle cell,1.0,celltypepilot
C2_B002580.gencode.vH29,1::1,Unknown,0.5,celltypepilot
C21_B001239.gencode.vH29,1::4,Bronchial smooth muscle cell,1.0,celltypepilot
C4_B001235.gencode.vH29,1::4,Bronchial smooth muscle cell,1.0,celltypepilot
C4_B002579.gencode.vH29,1::4,Bronchial smooth muscle cell,1.0,celltypepilot
C7_B002580.gencode.vH29,1::4,Bronchial smooth muscle cell,1.0,celltypepilot
C9_B002580.gencode.vH29,1::4,Bronchial smooth muscle cell,1.0,celltypepilot
D1_B002579.gencode.vH29,1::4,Bronchial smooth muscle cell,1.0,celltypepilot
D14_B001239.gencode.vH29,1::4,Bronchial smooth muscle cell,1.0,celltypepilot
D21_B001239.gencode.vH29,1::4,Bronchial smooth muscle cell,1.0,celltypepilot
D6_B001239.gencode.vH29,1::4,Bronchial smooth muscle cell,1.0,celltypepilot
E10_B001224.gencode.vH29,1::4,Bronchial smooth muscle cell,1.0,celltypepilot
E3_B001235.gencode.vH29,1::4,Bronchial smooth muscle cell,1.0,celltypepilot
E7_B001223.gencode.vH29,1::4,Bronchial smooth muscle cell,1.0,celltypepilot
E7_B001228.gencode.vH29,1::1,Unknown,0.5,celltypepilot
F1_B001226.gencode.vH29,1::4,Bronchial smooth muscle cell,1.0,celltypepilot
F12_B001239.gencode.vH29,1::4,Bronchial smooth muscle cell,1.0,celltypepilot
F21_B001224.gencode.vH29,1::4,Bronchial smooth muscle cell,1.0,celltypepilot
F5_B001239.gencode.vH29,1::4,Bronchial smooth muscle cell,1.0,celltypepilot
F6_B001226.gencode.vH29,1::4,Bronchial smooth muscle cell,1.0,celltypepilot
F9_B001235.gencode.vH29,1::4,Bronchial smooth muscle cell,1.0,celltypepilot
G14_B001223.gencode.vH29,1::4,Bronchial smooth muscle cell,1.0,celltypepilot
G3_B002578.gencode.vH29,1::4,Bronchial smooth muscle cell,1.0,celltypepilot
G4_B001222.gencode.vH29,1::4,Bronchial smooth muscle cell,1.0,celltypepilot
G5_B001235.gencode.vH29,1::4,Bronchial smooth muscle cell,1.0,celltypepilot
G8_B002578.gencode.vH29,1::4,Bronchial smooth muscle cell,1.0,celltypepilot
G8_B002579.gencode.vH29,1::4,Bronchial smooth muscle cell,1.0,celltypepilot
G9_B001234.gencode.vH29,1::4,Bronchial smooth muscle cell,1.0,celltypepilot
I11_B002579.gencode.vH29,1::1,Unknown,0.5,celltypepilot
I15_B001223.gencode.vH29,1::4,Bronchial smooth muscle cell,1.0,celltypepilot
I21_B001237.gencode.vH29,1::4,Bronchial smooth muscle cell,1.0,celltypepilot
I3_B001229.gencode.vH29,1::4,Bronchial smooth muscle cell,1.0,celltypepilot
I3_B001239.gencode.vH29,1::4,Bronchial smooth muscle cell,1.0,celltypepilot
I5_B002578.gencode.vH29,1::4,Bronchial smooth muscle cell,1.0,celltypepilot
J12_B001222.gencode.vH29,1::4,Bronchial smooth muscle cell,1.0,celltypepilot
J15_B001224.gencode.vH29,1::4,Bronchial smooth muscle cell,1.0,celltypepilot
J15_B001235.gencode.vH29,1::4,Bronchial smooth muscle cell,1.0,celltypepilot
J2_B002579.gencode.vH29,1::4,Bronchial smooth muscle cell,1.0,celltypepilot
J4_B001229.gencode.vH29,1::4,Bronchial smooth muscle cell,1.0,celltypepilot
J6_B002579.gencode.vH29,1::4,Bronchial smooth muscle cell,1.0,celltypepilot
K1_B001227.gencode.vH29,1::1,Unknown,0.5,celltypepilot
K11_B001224.gencode.vH29,1::4,Bronchial smooth muscle cell,1.0,celltypepilot
K11_B001238.gencode.vH29,1::4,Bronchial smooth muscle cell,1.0,celltypepilot
K20_B001224.gencode.vH29,1::4,Bronchial smooth muscle cell,1.0,celltypepilot
K4_B001239.gencode.vH29,1::4,Bronchial smooth muscle cell,1.0,celltypepilot
K8_B002579.gencode.vH29,1::4,Bronchial smooth muscle cell,1.0,celltypepilot
L1_B001239.gencode.vH29,1::4,Bronchial smooth muscle cell,1.0,celltypepilot
L14_B001223.gencode.vH29,1::4,Bronchial smooth muscle cell,1.0,celltypepilot
L16_B001224.gencode.vH29,1::4,Bronchial smooth muscle cell,1.0,celltypepilot
L6_B001224.gencode.vH29,1::4,Bronchial smooth muscle cell,1.0,celltypepilot
L8_B001226.gencode.vH29,1::4,Bronchial smooth muscle cell,1.0,celltypepilot
L9_B001226.gencode.vH29,1::4,Bronchial smooth muscle cell,1.0,celltypepilot
M11_B002593.gencode.vH29,1::4,Bronchial smooth muscle cell,1.0,celltypepilot
M12_B001224.gencode.vH29,1::4,Bronchial smooth muscle cell,1.0,celltypepilot
M8_B001228.gencode.vH29,1::4,Bronchial smooth muscle cell,1.0,celltypepilot
N2_B001235.gencode.vH29,1::4,Bronchial smooth muscle cell,1.0,celltypepilot
N21_B001225.gencode.vH29,1::4,Bronchial smooth muscle cell,1.0,celltypepilot
N5_B001239.gencode.vH29,1::4,Bronchial smooth muscle cell,1.0,celltypepilot
N7_B001226.gencode.vH29,1::4,Bronchial smooth muscle cell,1.0,celltypepilot
N8_B002579.gencode.vH29,1::4,Bronchial smooth muscle cell,1.0,celltypepilot
N9_B002579.gencode.vH29,1::4,Bronchial smooth muscle cell,1.0,celltypepilot
P13_B001224.gencode.vH29,1::4,Bronchial smooth muscle cell,1.0,celltypepilot
P14_B001234.gencode.vH29,1::1,Unknown,0.5,celltypepilot
P16_B001239.gencode.vH29,1::4,Bronchial smooth muscle cell,1.0,celltypepilot
P2_B001239.gencode.vH29,1::4,Bronchial smooth muscle cell,1.0,celltypepilot
P3_B001239.gencode.vH29,1::4,Bronchial smooth muscle cell,1.0,celltypepilot
P5_B002586.gencode.vH29,1::4,Bronchial smooth muscle cell,1.0,celltypepilot
P8_B002579.gencode.vH29,1::4,Bronchial smooth muscle cell,1.0,celltypepilot
C2_B002586.gencode.vH29,1::4,Bronchial smooth muscle cell,1.0,celltypepilot
G5_B001226.gencode.vH29,1::4,Bronchial smooth muscle cell,1.0,celltypepilot
K4_B001223.gencode.vH29,1::4,Bronchial smooth muscle cell,1.0,celltypepilot
A11_B002580.gencode.vH29,1::4,Bronchial smooth muscle cell,1.0,celltypepilot
A2_B001225.gencode.vH29,1::4,Bronchial smooth muscle cell,1.0,celltypepilot
B11_B002580.gencode.vH29,1::4,Bronchial smooth muscle cell,1.0,celltypepilot
B18_B001225.gencode.vH29,1::4,Bronchial smooth muscle cell,1.0,celltypepilot
B21_B001223.gencode.vH29,1::4,Bronchial smooth muscle cell,1.0,celltypepilot
C10_B001224.gencode.vH29,1::4,Bronchial smooth muscle cell,1.0,celltypepilot
C20_B001235.gencode.vH29,1::4,Bronchial smooth muscle cell,1.0,celltypepilot
C5_B001225.gencode.vH29,1::4,Bronchial smooth muscle cell,1.0,celltypepilot
C6_B002586.gencode.vH29,1::4,Bronchial smooth muscle cell,1.0,celltypepilot
D1_B001225.gencode.vH29,1::4,Bronchial smooth muscle cell,1.0,celltypepilot
D11_B002592.gencode.vH29,1::4,Bronchial smooth muscle cell,1.0,celltypepilot
D3_B001223.gencode.vH29,1::4,Bronchial smooth muscle cell,1.0,celltypepilot
D5_B002578.gencode.vH29,1::4,Bronchial smooth muscle cell,1.0,celltypepilot
D8_B001223.gencode.vH29,1::4,Bronchial smooth muscle cell,1.0,celltypepilot
D8_B001239.gencode.vH29,1::4,Bronchial smooth muscle cell,1.0,celltypepilot
E6_B002580.gencode.vH29,1::4,Bronchial smooth muscle cell,1.0,celltypepilot
E8_B001223.gencode.vH29,1::4,Bronchial smooth muscle cell,1.0,celltypepilot
E9_B001227.gencode.vH29,1::4,Bronchial smooth muscle cell,1.0,celltypepilot
F22_B001225.gencode.vH29,1::4,Bronchial smooth muscle cell,1.0,celltypepilot
F9_B001223.gencode.vH29,1::4,Bronchial smooth muscle cell,1.0,celltypepilot
F9_B001227.gencode.vH29,1::4,Bronchial smooth muscle cell,1.0,celltypepilot
G2_B001229.gencode.vH29,1::4,Bronchial smooth muscle cell,1.0,celltypepilot
G4_B002580.gencode.vH29,1::4,Bronchial smooth muscle cell,1.0,celltypepilot
G6_B001225.gencode.vH29,1::4,Bronchial smooth muscle cell,1.0,celltypepilot
I13_B001223.gencode.vH29,1::4,Bronchial smooth muscle cell,1.0,celltypepilot
I2_B001239.gencode.vH29,1::4,Bronchial smooth muscle cell,1.0,celltypepilot
I4_B001229.gencode.vH29,1::4,Bronchial smooth muscle cell,1.0,celltypepilot
J11_B002579.gencode.vH29,1::4,Bronchial smooth muscle cell,1.0,celltypepilot
K1_B001226.gencode.vH29,1::4,Bronchial smooth muscle cell,1.0,celltypepilot
K12_B001224.gencode.vH29,1::4,Bronchial smooth muscle cell,1.0,celltypepilot
K5_B001227.gencode.vH29,1::4,Bronchial smooth muscle cell,1.0,celltypepilot
K6_B002593.gencode.vH29,1::4,Bronchial smooth muscle cell,1.0,celltypepilot
L11_B001225.gencode.vH29,1::4,Bronchial smooth muscle cell,1.0,celltypepilot
L11_B002579.gencode.vH29,1::4,Bronchial smooth muscle cell,1.0,celltypepilot
L11_B002586.gencode.vH29,1::4,Bronchial smooth muscle cell,1.0,celltypepilot
L2_B001227.gencode.vH29,1::4,Bronchial smooth muscle cell,1.0,celltypepilot
L7_B002580.gencode.vH29,1::4,Bronchial smooth muscle cell,1.0,celltypepilot
M11_B001229.gencode.vH29,1::4,Bronchial smooth muscle cell,1.0,celltypepilot
M13_B001239.gencode.vH29,1::2,Club cell,1.0,celltypepilot
M3_B002593.gencode.vH29,1::4,Bronchial smooth muscle cell,1.0,celltypepilot
M4_B001227.gencode.vH29,1::4,Bronchial smooth muscle cell,1.0,celltypepilot
N13_B001225.gencode.vH29,1::4,Bronchial smooth muscle cell,1.0,celltypepilot
N2_B001239.gencode.vH29,1::4,Bronchial smooth muscle cell,1.0,celltypepilot
N5_B001229.gencode.vH29,1::4,Bronchial smooth muscle cell,1.0,celltypepilot
O12_B001223.gencode.vH29,1::4,Bronchial smooth muscle cell,1.0,celltypepilot
O15_B001223.gencode.vH29,1::4,Bronchial smooth muscle cell,1.0,celltypepilot
O16_B001239.gencode.vH29,1::4,Bronchial smooth muscle cell,1.0,celltypepilot
O17_B001224.gencode.vH29,1::4,Bronchial smooth muscle cell,1.0,celltypepilot
O4_B002586.gencode.vH29,1::4,Bronchial smooth muscle cell,1.0,celltypepilot
P10_B001228.gencode.vH29,1::4,Bronchial smooth muscle cell,1.0,celltypepilot
P4_B001223.gencode.vH29,1::4,Bronchial smooth muscle cell,1.0,celltypepilot
N20_B001238.gencode.vH29,1::5,Club cell,1.0,celltypepilot
A12_B002592.gencode.vH29,1::1,Unknown,0.5,celltypepilot
P1_B001234.gencode.vH29,1::1,Unknown,0.5,celltypepilot
A13_B002591.gencode.vH29,1::1,Unknown,0.5,celltypepilot
A13_B002593.gencode.vH29,1::1,Unknown,0.5,celltypepilot
A15_B002580.gencode.vH29,1::1,Unknown,0.5,celltypepilot
A19_B001228.gencode.vH29,1::1,Unknown,0.5,celltypepilot
A19_B002579.gencode.vH29,1::1,Unknown,0.5,celltypepilot
A3_BP1_wbc.gencode.vH29,1::1,Unknown,0.5,celltypepilot
B12_B002579.gencode.vH29,1::1,Unknown,0.5,celltypepilot
B15_B002591.gencode.vH29,1::1,Unknown,0.5,celltypepilot
B17_B002580.gencode.vH29,1::1,Unknown,0.5,celltypepilot
B21_B002593.gencode.vH29,1::1,Unknown,0.5,celltypepilot
C12_B002578.gencode.vH29,1::1,Unknown,0.5,celltypepilot
C16_B002593.gencode.vH29,1::1,Unknown,0.5,celltypepilot
C19_B001238.gencode.vH29,1::1,Unknown,0.5,celltypepilot
C20_B002593.gencode.vH29,1::1,Unknown,0.5,celltypepilot
C22_B002580.gencode.vH29,1::1,Unknown,0.5,celltypepilot
C22_B002593.gencode.vH29,1::1,Unknown,0.5,celltypepilot
C9_BP3.gencode.vH29,1::1,Unknown,0.5,celltypepilot
D13_B002592.gencode.vH29,1::1,Unknown,0.5,celltypepilot
D17_B002592.gencode.vH29,1::1,Unknown,0.5,celltypepilot
D19_B002579.gencode.vH29,1::1,Unknown,0.5,celltypepilot
D19_B002586.gencode.vH29,1::1,Unknown,0.5,celltypepilot
D21_B002593.gencode.vH29,1::1,Unknown,0.5,celltypepilot
D22_B001238.gencode.vH29,1::1,Unknown,0.5,celltypepilot
D22_B002591.gencode.vH29,1::1,Unknown,0.5,celltypepilot
E1_BP1_wbc.gencode.vH29,1::1,Unknown,0.5,celltypepilot
E15_B002591.gencode.vH29,1::1,Unknown,0.5,celltypepilot
E22_B002593.gencode.vH29,1::1,Unknown,0.5,celltypepilot
F14_B002592.gencode.vH29,1::1,Unknown,0.5,celltypepilot
F17_B002586.gencode.vH29,1::1,Unknown,0.5,celltypepilot
G17_B002593.gencode.vH29,1::1,Unknown,0.5,celltypepilot
H12_B002593.gencode.vH29,1::1,Unknown,0.5,celltypepilot
H16_B002578.gencode.vH29,1::1,Unknown,0.5,celltypepilot
H18_B001228.gencode.vH29,1::1,Unknown,0.5,celltypepilot
H19_B002592.gencode.vH29,1::1,Unknown,0.5,celltypepilot
H22_B002586.gencode.vH29,1::1,Unknown,0.5,celltypepilot
H22_B002593.gencode.vH29,1::1,Unknown,0.5,celltypepilot
H9_BP3.gencode.vH29,1::1,Unknown,0.5,celltypepilot
I17_B002586.gencode.vH29,1::1,Unknown,0.5,celltypepilot
I21_B002578.gencode.vH29,1::1,Unknown,0.5,celltypepilot
I22_B002593.gencode.vH29,1::1,Unknown,0.5,celltypepilot
J17_B002593.gencode.vH29,1::1,Unknown,0.5,celltypepilot
J22_B002591.gencode.vH29,1::1,Unknown,0.5,celltypepilot
J22_B002593.gencode.vH29,1::1,Unknown,0.5,celltypepilot
K13_B002593.gencode.vH29,1::1,Unknown,0.5,celltypepilot
K17_B002593.gencode.vH29,1::1,Unknown,0.5,celltypepilot
K18_B002593.gencode.vH29,1::1,Unknown,0.5,celltypepilot
K2_BP1_wbc.gencode.vH29,1::1,Unknown,0.5,celltypepilot
K21_B002586.gencode.vH29,1::1,Unknown,0.5,celltypepilot
K21_B002592.gencode.vH29,1::1,Unknown,0.5,celltypepilot
L14_B002591.gencode.vH29,1::1,Unknown,0.5,celltypepilot
L17_B002593.gencode.vH29,1::1,Unknown,0.5,celltypepilot
L2_BP1_wbc.gencode.vH29,1::1,Unknown,0.5,celltypepilot
L20_B002593.gencode.vH29,1::1,Unknown,0.5,celltypepilot
L22_B002592.gencode.vH29,1::1,Unknown,0.5,celltypepilot
L7_BP3.gencode.vH29,1::1,Unknown,0.5,celltypepilot
M13_B002578.gencode.vH29,1::1,Unknown,0.5,celltypepilot
M13_B002591.gencode.vH29,1::1,Unknown,0.5,celltypepilot
M17_B002579.gencode.vH29,1::1,Unknown,0.5,celltypepilot
M20_B002578.gencode.vH29,1::1,Unknown,0.5,celltypepilot
M20_B002586.gencode.vH29,1::1,Unknown,0.5,celltypepilot
M20_B002593.gencode.vH29,1::1,Unknown,0.5,celltypepilot
M22_B002579.gencode.vH29,1::1,Unknown,0.5,celltypepilot
N12_B001226.gencode.vH29,1::1,Unknown,0.5,celltypepilot
N12_B001238.gencode.vH29,1::5,Club cell,1.0,celltypepilot
N14_B002578.gencode.vH29,1::1,Unknown,0.5,celltypepilot
N15_B002593.gencode.vH29,1::1,Unknown,0.5,celltypepilot
N16_B001238.gencode.vH29,1::5,Club cell,1.0,celltypepilot
N19_B002593.gencode.vH29,1::1,Unknown,0.5,celltypepilot
N22_B001238.gencode.vH29,1::5,Club cell,1.0,celltypepilot
N22_B002591.gencode.vH29,1::1,Unknown,0.5,celltypepilot
N22_B002593.gencode.vH29,1::1,Unknown,0.5,celltypepilot
N4_BP1_wbc.gencode.vH29,1::1,Unknown,0.5,celltypepilot
N7_BP3.gencode.vH29,1::1,Unknown,0.5,celltypepilot
O1_BP1_wbc.gencode.vH29,1::1,Unknown,0.5,celltypepilot
O12_B001228.gencode.vH29,1::1,Unknown,0.5,celltypepilot
O13_B002593.gencode.vH29,1::1,Unknown,0.5,celltypepilot
O15_B002593.gencode.vH29,1::1,Unknown,0.5,celltypepilot
O16_B002578.gencode.vH29,1::1,Unknown,0.5,celltypepilot
O18_B001238.gencode.vH29,1::1,Unknown,0.5,celltypepilot
O19_B001228.gencode.vH29,1::1,Unknown,0.5,celltypepilot
O19_B002593.gencode.vH29,1::1,Unknown,0.5,celltypepilot
O20_B001226.gencode.vH29,1::1,Unknown,0.5,celltypepilot
O20_B002593.gencode.vH29,1::1,Unknown,0.5,celltypepilot
O21_B002586.gencode.vH29,1::1,Unknown,0.5,celltypepilot
O21_B002593.gencode.vH29,1::1,Unknown,0.5,celltypepilot
P15_B002591.gencode.vH29,1::1,Unknown,0.5,celltypepilot
P17_B001238.gencode.vH29,1::1,Unknown,0.5,celltypepilot
P17_B002586.gencode.vH29,1::1,Unknown,0.5,celltypepilot
P18_B002578.gencode.vH29,1::1,Unknown,0.5,celltypepilot
P18_B002579.gencode.vH29,1::1,Unknown,0.5,celltypepilot
P18_B002591.gencode.vH29,1::1,Unknown,0.5,celltypepilot
P19_B002593.gencode.vH29,1::1,Unknown,0.5,celltypepilot
P2_BP1_wbc.gencode.vH29,1::1,Unknown,0.5,celltypepilot
P20_B001238.gencode.vH29,1::1,Unknown,0.5,celltypepilot
P20_B002591.gencode.vH29,1::1,Unknown,0.5,celltypepilot
P21_B001238.gencode.vH29,1::1,Unknown,0.5,celltypepilot
P21_B002579.gencode.vH29,1::1,Unknown,0.5,celltypepilot
P21_B002593.gencode.vH29,1::1,Unknown,0.5,celltypepilot
A1_BP12_wbc.gencode.vH29,1::1,Unknown,0.5,celltypepilot
A16_BP6_cd4.gencode.vH29,1::1,Unknown,0.5,celltypepilot
A18_B001228.gencode.vH29,1::3,NK cell,1.0,celltypepilot
A20_BP6_cd4.gencode.vH29,1::1,Unknown,0.5,celltypepilot
A23_BP7_cd8.gencode.vH29,1::1,Unknown,0.5,celltypepilot
A3_BP12_wbc.gencode.vH29,1::1,Unknown,0.5,celltypepilot
A3_BP7_cd8.gencode.vH29,1::1,Unknown,0.5,celltypepilot
B10_BP4.gencode.vH29,1::1,Unknown,0.5,celltypepilot
B18_BP6_cd4.gencode.vH29,1::1,Unknown,0.5,celltypepilot
B19_BP6_cd4.gencode.vH29,1::1,Unknown,0.5,celltypepilot
B2_BP7_cd8.gencode.vH29,1::1,Unknown,0.5,celltypepilot
B20_BP11_wbc.gencode.vH29,1::1,Unknown,0.5,celltypepilot
B20_BP6_cd4.gencode.vH29,1::1,Unknown,0.5,celltypepilot
B21_BP6_cd4.gencode.vH29,1::1,Unknown,0.5,celltypepilot
B24_BP12_wbc.gencode.vH29,1::1,Unknown,0.5,celltypepilot
B3_BP12_wbc.gencode.vH29,1::1,Unknown,0.5,celltypepilot
B4_BP1_wbc.gencode.vH29,1::3,NK cell,1.0,celltypepilot
C1_BP7_cd8.gencode.vH29,1::1,Unknown,0.5,celltypepilot
C18_BP6_cd4.gencode.vH29,1::1,Unknown,0.5,celltypepilot
C20_BP11_wbc.gencode.vH29,1::1,Unknown,0.5,celltypepilot
C20_BP6_cd4.gencode.vH29,1::1,Unknown,0.5,celltypepilot
C22_BP7_cd8.gencode.vH29,1::1,Unknown,0.5,celltypepilot
C23_BP11_wbc.gencode.vH29,1::1,Unknown,0.5,celltypepilot
C24_BP12_wbc.gencode.vH29,1::1,Unknown,0.5,celltypepilot
C5_BP2_wbc.gencode.vH29,1::1,Unknown,0.5,celltypepilot
D1_BP12_wbc.gencode.vH29,1::3,NK cell,1.0,celltypepilot
D14_BP5_wbc.gencode.vH29,1::1,Unknown,0.5,celltypepilot
D16_BP6_cd4.gencode.vH29,1::1,Unknown,0.5,celltypepilot
D17_BP6_cd4.gencode.vH29,1::1,Unknown,0.5,celltypepilot
D20_BP6_cd4.gencode.vH29,1::1,Unknown,0.5,celltypepilot
D3_BP12_wbc.gencode.vH29,1::3,NK cell,1.0,celltypepilot
D4_BP1_wbc.gencode.vH29,1::1,Unknown,0.5,celltypepilot
D5_BP2_wbc.gencode.vH29,1::1,Unknown,0.5,celltypepilot
D7_BP3.gencode.vH29,1::1,Unknown,0.5,celltypepilot
E14_BP5_wbc.gencode.vH29,1::1,Unknown,0.5,celltypepilot
E15_BP5_wbc.gencode.vH29,1::1,Unknown,0.5,celltypepilot
E17_BP6_cd4.gencode.vH29,1::1,Unknown,0.5,celltypepilot
E19_BP6_cd4.gencode.vH29,1::1,Unknown,0.5,celltypepilot
E21_BP6_cd4.gencode.vH29,1::1,Unknown,0.5,celltypepilot
E6_BP2_wbc.gencode.vH29,1::1,Unknown,0.5,celltypepilot
E7_BP3.gencode.vH29,1::1,Unknown,0.5,celltypepilot
F11_BP4.gencode.vH29,1::1,Unknown,0.5,celltypepilot
F16_BP6_cd4.gencode.vH29,1::1,Unknown,0.5,celltypepilot
F19_BP11_wbc.gencode.vH29,1::1,Unknown,0.5,celltypepilot
F19_BP6_cd4.gencode.vH29,1::1,Unknown,0.5,celltypepilot
F4_BP1_wbc.gencode.vH29,1::1,Unknown,0.5,celltypepilot
F9_BP3.gencode.vH29,1::3,NK cell,1.0,celltypepilot
G14_BP5_wbc.gencode.vH29,1::1,Unknown,0.5,celltypepilot
G17_BP6_cd4.gencode.vH29,1::1,Unknown,0.5,celltypepilot
G18_BP6_cd4.gencode.vH29,1::1,Unknown,0.5,celltypepilot
G19_BP6_cd4.gencode.vH29,1::1,Unknown,0.5,celltypepilot
G20_BP6_cd4.gencode.vH29,1::1,Unknown,0.5,celltypepilot
G24_BP12_wbc.gencode.vH29,1::3,NK cell,1.0,celltypepilot
G7_BP3.gencode.vH29,1::1,Unknown,0.5,celltypepilot
H15_BP6_cd4.gencode.vH29,1::1,Unknown,0.5,celltypepilot
H17_BP6_cd4.gencode.vH29,1::1,Unknown,0.5,celltypepilot
H18_BP6_cd4.gencode.vH29,1::1,Unknown,0.5,celltypepilot
H20_BP11_wbc.gencode.vH29,1::1,Unknown,0.5,celltypepilot
H23_BP11_wbc.gencode.vH29,1::1,Unknown,0.5,celltypepilot
H7_BP3.gencode.vH29,1::3,NK cell,1.0,celltypepilot
I1_BP12_wbc.gencode.vH29,1::3,NK cell,1.0,celltypepilot
I10_BP4.gencode.vH29,1::1,Unknown,0.5,celltypepilot
I15_BP6_cd4.gencode.vH29,1::1,Unknown,0.5,celltypepilot
I17_BP6_cd4.gencode.vH29,1::1,Unknown,0.5,celltypepilot
I20_BP6_cd4.gencode.vH29,1::1,Unknown,0.5,celltypepilot
I23_BP7_cd8.gencode.vH29,1::1,Unknown,0.5,celltypepilot
I7_BP3.gencode.vH29,1::1,Unknown,0.5,celltypepilot
I9_BP3.gencode.vH29,1::1,Unknown,0.5,celltypepilot
J11_BP4.gencode.vH29,1::1,Unknown,0.5,celltypepilot
J16_BP6_cd4.gencode.vH29,1::1,Unknown,0.5,celltypepilot
J2_BP7_cd8.gencode.vH29,1::1,Unknown,0.5,celltypepilot
J22_BP11_wbc.gencode.vH29,1::1,Unknown,0.5,celltypepilot
J24_BP12_wbc.gencode.vH29,1::3,NK cell,1.0,celltypepilot
K1_BP12_wbc.gencode.vH29,1::1,Unknown,0.5,celltypepilot
K12_BP4.gencode.vH29,1::1,Unknown,0.5,celltypepilot
K2_BP7_cd8.gencode.vH29,1::1,Unknown,0.5,celltypepilot
K21_BP11_wbc.gencode.vH29,1::3,NK cell,1.0,celltypepilot
K22_BP11_wbc.gencode.vH29,1::1,Unknown,0.5,celltypepilot
L1_BP12_wbc.gencode.vH29,1::3,NK cell,1.0,celltypepilot
L11_BP4.gencode.vH29,1::1,Unknown,0.5,celltypepilot
L13_BP5_wbc.gencode.vH29,1::1,Unknown,0.5,celltypepilot
L16_BP6_cd4.gencode.vH29,1::1,Unknown,0.5,celltypepilot
L17_BP6_cd4.gencode.vH29,1::1,Unknown,0.5,celltypepilot
L19_BP6_cd4.gencode.vH29,1::1,Unknown,0.5,celltypepilot
L20_BP11_wbc.gencode.vH29,1::1,Unknown,0.5,celltypepilot
L21_BP11_wbc.gencode.vH29,1::1,Unknown,0.5,celltypepilot
L3_BP1_wbc.gencode.vH29,1::1,Unknown,0.5,celltypepilot
M1_BP7_cd8.gencode.vH29,1::1,Unknown,0.5,celltypepilot
M13_BP5_wbc.gencode.vH29,1::1,Unknown,0.5,celltypepilot
M14_BP5_wbc.gencode.vH29,1::1,Unknown,0.5,celltypepilot
M18_BP11_wbc.gencode.vH29,1::1,Unknown,0.5,celltypepilot
M19_BP11_wbc.gencode.vH29,1::1,Unknown,0.5,celltypepilot
M19_BP6_cd4.gencode.vH29,1::1,Unknown,0.5,celltypepilot
M2_BP12_wbc.gencode.vH29,1::1,Unknown,0.5,celltypepilot
M20_BP6_cd4.gencode.vH29,1::1,Unknown,0.5,celltypepilot
M5_BP2_wbc.gencode.vH29,1::1,Unknown,0.5,celltypepilot
M7_BP3.gencode.vH29,1::1,Unknown,0.5,celltypepilot
M9_BP3.gencode.vH29,1::1,Unknown,0.5,celltypepilot
N16_BP6_cd4.gencode.vH29,1::1,Unknown,0.5,celltypepilot
N20_BP6_cd4.gencode.vH29,1::1,Unknown,0.5,celltypepilot
N21_BP7_cd8.gencode.vH29,1::1,Unknown,0.5,celltypepilot
N24_BP12_wbc.gencode.vH29,1::1,Unknown,0.5,celltypepilot
O12_BP5_wbc.gencode.vH29,1::1,Unknown,0.5,celltypepilot
O17_BP6_cd4.gencode.vH29,1::1,Unknown,0.5,celltypepilot
O4_BP1_wbc.gencode.vH29,1::3,NK cell,1.0,celltypepilot
O8_BP3.gencode.vH29,1::1,Unknown,0.5,celltypepilot
P11_BP4.gencode.vH29,1::1,Unknown,0.5,celltypepilot
P15_BP6_cd4.gencode.vH29,1::3,NK cell,1.0,celltypepilot
P17_BP6_cd4.gencode.vH29,1::1,Unknown,0.5,celltypepilot
P19_BP6_cd4.gencode.vH29,1::1,Unknown,0.5,celltypepilot
P20_BP6_cd4.gencode.vH29,1::1,Unknown,0.5,celltypepilot
P21_BP11_wbc.gencode.vH29,1::1,Unknown,0.5,celltypepilot
P5_BP2_wbc.gencode.vH29,1::1,Unknown,0.5,celltypepilot
E12_B002586.gencode.vH29,1::3,NK cell,1.0,celltypepilot
F20_B001228.gencode.vH29,1::3,NK cell,1.0,celltypepilot
I22_B001229.gencode.vH29,1::3,NK cell,1.0,celltypepilot
J15_B002593.gencode.vH29,1::3,NK cell,1.0,celltypepilot
P15_B002578.gencode.vH29,1::3,NK cell,1.0,celltypepilot
A12_B002593.gencode.vH29,1::3,NK cell,1.0,celltypepilot
K13_B002591.gencode.vH29,1::3,NK cell,1.0,celltypepilot
K22_B002579.gencode.vH29,1::3,NK cell,1.0,celltypepilot
N18_B001229.gencode.vH29,1::3,NK cell,1.0,celltypepilot
A12_BP4.gencode.vH29,1::1,Unknown,0.5,celltypepilot
A17_BP6_cd4.gencode.vH29,1::1,Unknown,0.5,celltypepilot
A19_BP11_wbc.gencode.vH29,1::3,NK cell,1.0,celltypepilot
A19_BP6_cd4.gencode.vH29,1::1,Unknown,0.5,celltypepilot
A21_BP11_wbc.gencode.vH29,1::3,NK cell,1.0,celltypepilot
B1_BP7_cd8.gencode.vH29,1::1,Unknown,0.5,celltypepilot
B15_BP5_wbc.gencode.vH29,1::3,NK cell,1.0,celltypepilot
B16_BP6_cd4.gencode.vH29,1::3,NK cell,1.0,celltypepilot
B17_BP6_cd4.gencode.vH29,1::1,Unknown,0.5,celltypepilot
B22_BP7_cd8.gencode.vH29,1::1,Unknown,0.5,celltypepilot
B9_BP3.gencode.vH29,1::3,NK cell,1.0,celltypepilot
C13_BP5_wbc.gencode.vH29,1::3,NK cell,1.0,celltypepilot
C16_BP6_cd4.gencode.vH29,1::1,Unknown,0.5,celltypepilot
C17_BP6_cd4.gencode.vH29,1::1,Unknown,0.5,celltypepilot
C19_BP6_cd4.gencode.vH29,1::1,Unknown,0.5,celltypepilot
C2_BP7_cd8.gencode.vH29,1::1,Unknown,0.5,celltypepilot
C21_BP6_cd4.gencode.vH29,1::1,Unknown,0.5,celltypepilot
C22_BP11_wbc.gencode.vH29,1::1,Unknown,0.5,celltypepilot
C6_BP2_wbc.gencode.vH29,1::1,Unknown,0.5,celltypepilot
D19_BP6_cd4.gencode.vH29,1::1,Unknown,0.5,celltypepilot
D21_BP6_cd4.gencode.vH29,1::1,Unknown,0.5,celltypepilot
D9_BP3.gencode.vH29,1::3,NK cell,1.0,celltypepilot
E16_BP6_cd4.gencode.vH29,1::1,Unknown,0.5,celltypepilot
E18_BP6_cd4.gencode.vH29,1::1,Unknown,0.5,celltypepilot
E20_BP6_cd4.gencode.vH29,1::1,Unknown,0.5,celltypepilot
E22_BP11_wbc.gencode.vH29,1::1,Unknown,0.5,celltypepilot
F15_BP5_wbc.gencode.vH29,1::1,Unknown,0.5,celltypepilot
F17_BP6_cd4.gencode.vH29,1::1,Unknown,0.5,celltypepilot
F20_BP11_wbc.gencode.vH29,1::3,NK cell,1.0,celltypepilot
F20_BP6_cd4.gencode.vH29,1::1,Unknown,0.5,celltypepilot
F21_BP6_cd4.gencode.vH29,1::1,Unknown,0.5,celltypepilot
F23_BP11_wbc.gencode.vH29,1::3,NK cell,1.0,celltypepilot
F6_BP2_wbc.gencode.vH29,1::1,Unknown,0.5,celltypepilot
G16_BP6_cd4.gencode.vH29,1::1,Unknown,0.5,celltypepilot
G2_BP1_wbc.gencode.vH29,1::3,NK cell,1.0,celltypepilot
G2_BP12_wbc.gencode.vH29,1::3,NK cell,1.0,celltypepilot
G21_BP11_wbc.gencode.vH29,1::3,NK cell,1.0,celltypepilot
G21_BP6_cd4.gencode.vH29,1::1,Unknown,0.5,celltypepilot
H16_BP6_cd4.gencode.vH29,1::3,NK cell,1.0,celltypepilot
H2_BP12_wbc.gencode.vH29,1::3,NK cell,1.0,celltypepilot
H20_BP6_cd4.gencode.vH29,1::1,Unknown,0.5,celltypepilot
H21_BP11_wbc.gencode.vH29,1::3,NK cell,1.0,celltypepilot
I11_BP4.gencode.vH29,1::1,Unknown,0.5,celltypepilot
I16_BP6_cd4.gencode.vH29,1::1,Unknown,0.5,celltypepilot
I18_BP6_cd4.gencode.vH29,1::1,Unknown,0.5,celltypepilot
I19_BP6_cd4.gencode.vH29,1::1,Unknown,0.5,celltypepilot
I4_BP1_wbc.gencode.vH29,1::3,NK cell,1.0,celltypepilot
J1_BP12_wbc.gencode.vH29,1::3,NK cell,1.0,celltypepilot
J15_BP6_cd4.gencode.vH29,1::1,Unknown,0.5,celltypepilot
J17_BP6_cd4.gencode.vH29,1::3,NK cell,1.0,celltypepilot
J18_BP6_cd4.gencode.vH29,1::1,Unknown,0.5,celltypepilot
J19_BP6_cd4.gencode.vH29,1::1,Unknown,0.5,celltypepilot
J2_BP12_wbc.gencode.vH29,1::3,NK cell,1.0,celltypepilot
J20_BP6_cd4.gencode.vH29,1::1,Unknown,0.5,celltypepilot
J5_BP2_wbc.gencode.vH29,1::3,NK cell,1.0,celltypepilot
K15_BP6_cd4.gencode.vH29,1::1,Unknown,0.5,celltypepilot
K16_BP6_cd4.gencode.vH29,1::3,NK cell,1.0,celltypepilot
K17_BP6_cd4.gencode.vH29,1::1,Unknown,0.5,celltypepilot
K19_BP6_cd4.gencode.vH29,1::1,Unknown,0.5,celltypepilot
K20_BP6_cd4.gencode.vH29,1::1,Unknown,0.5,celltypepilot
K24_BP12_wbc.gencode.vH29,1::3,NK cell,1.0,celltypepilot
L1_BP1_wbc.gencode.vH29,1::3,NK cell,1.0,celltypepilot
L10_BP4.gencode.vH29,1::3,NK cell,1.0,celltypepilot
L15_BP6_cd4.gencode.vH29,1::1,Unknown,0.5,celltypepilot
L18_BP6_cd4.gencode.vH29,1::1,Unknown,0.5,celltypepilot
L20_BP6_cd4.gencode.vH29,1::1,Unknown,0.5,celltypepilot
L4_BP1_wbc.gencode.vH29,1::3,NK cell,1.0,celltypepilot
M16_BP6_cd4.gencode.vH29,1::1,Unknown,0.5,celltypepilot
M17_BP6_cd4.gencode.vH29,1::1,Unknown,0.5,celltypepilot
M21_BP11_wbc.gencode.vH29,1::3,NK cell,1.0,celltypepilot
N15_BP6_cd4.gencode.vH29,1::1,Unknown,0.5,celltypepilot
N17_BP6_cd4.gencode.vH29,1::1,Unknown,0.5,celltypepilot
N18_BP11_wbc.gencode.vH29,1::3,NK cell,1.0,celltypepilot
N18_BP6_cd4.gencode.vH29,1::1,Unknown,0.5,celltypepilot
N19_BP6_cd4.gencode.vH29,1::1,Unknown,0.5,celltypepilot
N22_BP11_wbc.gencode.vH29,1::3,NK cell,1.0,celltypepilot
N3_BP1_wbc.gencode.vH29,1::3,NK cell,1.0,celltypepilot
O16_BP6_cd4.gencode.vH29,1::1,Unknown,0.5,celltypepilot
O18_BP6_cd4.gencode.vH29,1::1,Unknown,0.5,celltypepilot
O19_BP6_cd4.gencode.vH29,1::1,Unknown,0.5,celltypepilot
O2_BP1_wbc.gencode.vH29,1::3,NK cell,1.0,celltypepilot
O20_BP11_wbc.gencode.vH29,1::3,NK cell,1.0,celltypepilot
O20_BP6_cd4.gencode.vH29,1::1,Unknown,0.5,celltypepilot
O24_BP12_wbc.gencode.vH29,1::3,NK cell,1.0,celltypepilot
P18_BP11_wbc.gencode.vH29,1::3,NK cell,1.0,celltypepilot
P18_BP6_cd4.gencode.vH29,1::1,Unknown,0.5,celltypepilot
P23_BP12_wbc.gencode.vH29,1::3,NK cell,1.0,celltypepilot
P9_BP4.gencode.vH29,1::1,Unknown,0.5,celltypepilot
O21_BP11_wbc.gencode.vH29,1::3,NK cell,1.0,celltypepilot
P7_B001227.gencode.vH29,1::1,Unknown,0.5,celltypepilot
A15_B002578.gencode.vH29,1::3,NK cell,1.0,celltypepilot
A21_BP6_cd4.gencode.vH29,1::3,NK cell,1.0,celltypepilot
A22_B002578.gencode.vH29,1::3,NK cell,1.0,celltypepilot
A22_BP11_wbc.gencode.vH29,1::3,NK cell,1.0,celltypepilot
B12_B002586.gencode.vH29,1::3,NK cell,1.0,celltypepilot
C14_BP5_wbc.gencode.vH29,1::3,NK cell,1.0,celltypepilot
C22_B002591.gencode.vH29,1::3,NK cell,1.0,celltypepilot
D15_BP5_wbc.gencode.vH29,1::3,NK cell,1.0,celltypepilot
D3_BP1_wbc.gencode.vH29,1::3,NK cell,1.0,celltypepilot
E16_B002593.gencode.vH29,1::3,NK cell,1.0,celltypepilot
E23_BP11_wbc.gencode.vH29,1::3,NK cell,1.0,celltypepilot
F22_B002580.gencode.vH29,1::3,NK cell,1.0,celltypepilot
F3_BP7_cd8.gencode.vH29,1::3,NK cell,1.0,celltypepilot
G17_B001229.gencode.vH29,1::3,NK cell,1.0,celltypepilot
G23_BP11_wbc.gencode.vH29,1::3,NK cell,1.0,celltypepilot
G3_BP7_cd8.gencode.vH29,1::3,NK cell,1.0,celltypepilot
H12_B002578.gencode.vH29,1::3,NK cell,1.0,celltypepilot
H18_B002579.gencode.vH29,1::3,NK cell,1.0,celltypepilot
I1_BP7_cd8.gencode.vH29,1::1,Unknown,0.5,celltypepilot
J17_B001226.gencode.vH29,1::3,NK cell,1.0,celltypepilot
J21_B001238.gencode.vH29,1::3,NK cell,1.0,celltypepilot
K21_BP7_cd8.gencode.vH29,1::3,NK cell,1.0,celltypepilot
K4_BP1_wbc.gencode.vH29,1::3,NK cell,1.0,celltypepilot
K7_BP3.gencode.vH29,1::3,NK cell,1.0,celltypepilot
M1_BP12_wbc.gencode.vH29,1::3,NK cell,1.0,celltypepilot
N1_BP7_cd8.gencode.vH29,1::1,Unknown,0.5,celltypepilot
N13_BP5_wbc.gencode.vH29,1::3,NK cell,1.0,celltypepilot
N19_BP11_wbc.gencode.vH29,1::3,NK cell,1.0,celltypepilot
N24_BP7_cd8.gencode.vH29,1::3,NK cell,1.0,celltypepilot
N6_BP2_wbc.gencode.vH29,1::3,NK cell,1.0,celltypepilot
P13_BP5_wbc.gencode.vH29,1::3,NK cell,1.0,celltypepilot
E20_B002586.gencode.vH29,1::3,NK cell,1.0,celltypepilot
G15_BP10_NK.gencode.vH29,1::3,NK cell,1.0,celltypepilot
D2_BP12_wbc.gencode.vH29,1::3,NK cell,1.0,celltypepilot
K23_BP12_wbc.gencode.vH29,1::3,NK cell,1.0,celltypepilot
L24_BP12_wbc.gencode.vH29,1::3,NK cell,1.0,celltypepilot
D18_BP6_cd4.gencode.vH29,1::1,Unknown,0.5,celltypepilot
D22_BP7_cd8.gencode.vH29,1::1,Unknown,0.5,celltypepilot
F22_BP7_cd8.gencode.vH29,1::1,Unknown,0.5,celltypepilot
H24_BP7_cd8.gencode.vH29,1::1,Unknown,0.5,celltypepilot
H6_BP2_wbc.gencode.vH29,1::1,Unknown,0.5,celltypepilot
I21_BP7_cd8.gencode.vH29,1::1,Unknown,0.5,celltypepilot
K18_BP6_cd4.gencode.vH29,1::1,Unknown,0.5,celltypepilot
L6_BP2_wbc.gencode.vH29,1::1,Unknown,0.5,celltypepilot
M10_BP4.gencode.vH29,1::1,Unknown,0.5,celltypepilot
M18_BP6_cd4.gencode.vH29,1::1,Unknown,0.5,celltypepilot
O15_BP6_cd4.gencode.vH29,1::1,Unknown,0.5,celltypepilot
P22_BP11_wbc.gencode.vH29,1::1,Unknown,0.5,celltypepilot
D11_BP4.gencode.vH29,1::1,Unknown,0.5,celltypepilot
F13_BP5_wbc.gencode.vH29,1::3,NK cell,1.0,celltypepilot
G22_BP7_cd8.gencode.vH29,1::1,Unknown,0.5,celltypepilot
J12_BP4.gencode.vH29,1::1,Unknown,0.5,celltypepilot
L9_BP3.gencode.vH29,1::3,NK cell,1.0,celltypepilot
N8_BP3.gencode.vH29,1::3,NK cell,1.0,celltypepilot
A22_BP7_cd8.gencode.vH29,1::1,Unknown,0.5,celltypepilot
A6_BP2_wbc.gencode.vH29,1::1,Unknown,0.5,celltypepilot
C23_BP7_cd8.gencode.vH29,1::1,Unknown,0.5,celltypepilot
C24_BP7_cd8.gencode.vH29,1::1,Unknown,0.5,celltypepilot
C3_BP12_wbc.gencode.vH29,1::3,NK cell,1.0,celltypepilot
D3_BP7_cd8.gencode.vH29,1::1,Unknown,0.5,celltypepilot
D6_BP2_wbc.gencode.vH29,1::1,Unknown,0.5,celltypepilot
E2_BP7_cd8.gencode.vH29,1::1,Unknown,0.5,celltypepilot
E23_BP7_cd8.gencode.vH29,1::1,Unknown,0.5,celltypepilot
E24_BP7_cd8.gencode.vH29,1::1,Unknown,0.5,celltypepilot
E3_BP7_cd8.gencode.vH29,1::1,Unknown,0.5,celltypepilot
F23_BP7_cd8.gencode.vH29,1::1,Unknown,0.5,celltypepilot
G2_BP7_cd8.gencode.vH29,1::3,NK cell,1.0,celltypepilot
G24_BP7_cd8.gencode.vH29,1::1,Unknown,0.5,celltypepilot
H2_BP1_wbc.gencode.vH29,1::1,Unknown,0.5,celltypepilot
H2_BP7_cd8.gencode.vH29,1::1,Unknown,0.5,celltypepilot
H5_BP2_wbc.gencode.vH29,1::1,Unknown,0.5,celltypepilot
I20_BP11_wbc.gencode.vH29,1::3,NK cell,1.0,celltypepilot
I22_BP7_cd8.gencode.vH29,1::1,Unknown,0.5,celltypepilot
I5_BP2_wbc.gencode.vH29,1::1,Unknown,0.5,celltypepilot
I6_BP2_wbc.gencode.vH29,1::1,Unknown,0.5,celltypepilot
J21_BP7_cd8.gencode.vH29,1::1,Unknown,0.5,celltypepilot
J23_BP7_cd8.gencode.vH29,1::3,NK cell,1.0,celltypepilot
J24_BP7_cd8.gencode.vH29,1::1,Unknown,0.5,celltypepilot
J6_BP2_wbc.gencode.vH29,1::1,Unknown,0.5,celltypepilot
K1_BP7_cd8.gencode.vH29,1::1,Unknown,0.5,celltypepilot
K24_BP7_cd8.gencode.vH29,1::1,Unknown,0.5,celltypepilot
L21_BP7_cd8.gencode.vH29,1::3,NK cell,1.0,celltypepilot
L24_BP7_cd8.gencode.vH29,1::1,Unknown,0.5,celltypepilot
M2_BP7_cd8.gencode.vH29,1::3,NK cell,1.0,celltypepilot
M23_BP7_cd8.gencode.vH29,1::1,Unknown,0.5,celltypepilot
M24_BP7_cd8.gencode.vH29,1::1,Unknown,0.5,celltypepilot
N22_BP7_cd8.gencode.vH29,1::1,Unknown,0.5,celltypepilot
O1_BP7_cd8.gencode.vH29,1::1,Unknown,0.5,celltypepilot
O18_BP11_wbc.gencode.vH29,1::1,Unknown,0.5,celltypepilot
O21_BP7_cd8.gencode.vH29,1::1,Unknown,0.5,celltypepilot
O7_BP3.gencode.vH29,1::3,NK cell,1.0,celltypepilot
P10_BP4.gencode.vH29,1::1,Unknown,0.5,celltypepilot
P22_BP7_cd8.gencode.vH29,1::1,Unknown,0.5,celltypepilot
G13_BP5_wbc.gencode.vH29,1::3,NK cell,1.0,celltypepilot
N13_BP10_NK.gencode.vH29,1::1,Unknown,0.5,celltypepilot
J20_B002592.gencode.vH29,1::3,NK cell,1.0,celltypepilot
A1_BP7_cd8.gencode.vH29,1::1,Unknown,0.5,celltypepilot
A14_B002580.gencode.vH29,1::3,NK cell,1.0,celltypepilot
A14_BP10_NK.gencode.vH29,1::3,NK cell,1.0,celltypepilot
A15_B001227.gencode.vH29,1::3,NK cell,1.0,celltypepilot
A17_B001227.gencode.vH29,1::3,NK cell,1.0,celltypepilot
A18_B001227.gencode.vH29,1::3,NK cell,1.0,celltypepilot
A2_BP7_cd8.gencode.vH29,1::1,Unknown,0.5,celltypepilot
A24_BP7_cd8.gencode.vH29,1::3,NK cell,1.0,celltypepilot
A9_BP3.gencode.vH29,1::3,NK cell,1.0,celltypepilot
B11_BP4.gencode.vH29,1::3,NK cell,1.0,celltypepilot
B12_BP4.gencode.vH29,1::3,NK cell,1.0,celltypepilot
B22_BP11_wbc.gencode.vH29,1::3,NK cell,1.0,celltypepilot
B23_BP7_cd8.gencode.vH29,1::3,NK cell,1.0,celltypepilot
B24_BP7_cd8.gencode.vH29,1::3,NK cell,1.0,celltypepilot
B3_BP7_cd8.gencode.vH29,1::1,Unknown,0.5,celltypepilot
B6_BP2_wbc.gencode.vH29,1::3,NK cell,1.0,celltypepilot
C17_B002592.gencode.vH29,1::3,NK cell,1.0,celltypepilot
C20_B001227.gencode.vH29,1::3,NK cell,1.0,celltypepilot
C21_BP11_wbc.gencode.vH29,1::3,NK cell,1.0,celltypepilot
C22_B002578.gencode.vH29,1::3,NK cell,1.0,celltypepilot
C3_BP7_cd8.gencode.vH29,1::3,NK cell,1.0,celltypepilot
D1_BP7_cd8.gencode.vH29,1::3,NK cell,1.0,celltypepilot
D18_B002592.gencode.vH29,1::3,NK cell,1.0,celltypepilot
D2_BP7_cd8.gencode.vH29,1::3,NK cell,1.0,celltypepilot
D23_BP11_wbc.gencode.vH29,1::3,NK cell,1.0,celltypepilot
D23_BP7_cd8.gencode.vH29,1::1,Unknown,0.5,celltypepilot
D24_BP7_cd8.gencode.vH29,1::3,NK cell,1.0,celltypepilot
E1_BP7_cd8.gencode.vH29,1::3,NK cell,1.0,celltypepilot
E10_BP4.gencode.vH29,1::3,NK cell,1.0,celltypepilot
E12_B002580.gencode.vH29,1::3,NK cell,1.0,celltypepilot
E15_B002580.gencode.vH29,1::3,NK cell,1.0,celltypepilot
E16_B002580.gencode.vH29,1::3,NK cell,1.0,celltypepilot
E22_BP7_cd8.gencode.vH29,1::3,NK cell,1.0,celltypepilot
E5_BP2_wbc.gencode.vH29,1::3,NK cell,1.0,celltypepilot
F1_BP7_cd8.gencode.vH29,1::3,NK cell,1.0,celltypepilot
F12_BP4.gencode.vH29,1::3,NK cell,1.0,celltypepilot
F16_B001227.gencode.vH29,1::3,NK cell,1.0,celltypepilot
F16_B002580.gencode.vH29,1::3,NK cell,1.0,celltypepilot
F2_BP7_cd8.gencode.vH29,1::1,Unknown,0.5,celltypepilot
F24_BP7_cd8.gencode.vH29,1::1,Unknown,0.5,celltypepilot
G1_BP7_cd8.gencode.vH29,1::3,NK cell,1.0,celltypepilot
G14_B002580.gencode.vH29,1::3,NK cell,1.0,celltypepilot
G20_BP11_wbc.gencode.vH29,1::3,NK cell,1.0,celltypepilot
G23_BP7_cd8.gencode.vH29,1::3,NK cell,1.0,celltypepilot
H1_BP7_cd8.gencode.vH29,1::3,NK cell,1.0,celltypepilot
H14_BP5_wbc.gencode.vH29,1::3,NK cell,1.0,celltypepilot
H18_B002580.gencode.vH29,1::3,NK cell,1.0,celltypepilot
H21_BP7_cd8.gencode.vH29,1::3,NK cell,1.0,celltypepilot
H22_B002580.gencode.vH29,1::3,NK cell,1.0,celltypepilot
H23_BP7_cd8.gencode.vH29,1::3,NK cell,1.0,celltypepilot
I12_BP4.gencode.vH29,1::1,Unknown,0.5,celltypepilot
I14_B002580.gencode.vH29,1::3,NK cell,1.0,celltypepilot
I2_BP7_cd8.gencode.vH29,1::3,NK cell,1.0,celltypepilot
I20_B002580.gencode.vH29,1::3,NK cell,1.0,celltypepilot
I24_BP7_cd8.gencode.vH29,1::3,NK cell,1.0,celltypepilot
J1_BP7_cd8.gencode.vH29,1::3,NK cell,1.0,celltypepilot
J16_B002580.gencode.vH29,1::3,NK cell,1.0,celltypepilot
J22_BP7_cd8.gencode.vH29,1::3,NK cell,1.0,celltypepilot
K13_B002580.gencode.vH29,1::3,NK cell,1.0,celltypepilot
K22_BP7_cd8.gencode.vH29,1::3,NK cell,1.0,celltypepilot
K23_BP7_cd8.gencode.vH29,1::1,Unknown,0.5,celltypepilot
K5_BP2_wbc.gencode.vH29,1::3,NK cell,1.0,celltypepilot
K9_BP3.gencode.vH29,1::3,NK cell,1.0,celltypepilot
L1_BP7_cd8.gencode.vH29,1::3,NK cell,1.0,celltypepilot
L18_B001227.gencode.vH29,1::3,NK cell,1.0,celltypepilot
L2_BP7_cd8.gencode.vH29,1::3,NK cell,1.0,celltypepilot
L21_B002580.gencode.vH29,1::3,NK cell,1.0,celltypepilot
L22_BP7_cd8.gencode.vH29,1::3,NK cell,1.0,celltypepilot
L23_BP7_cd8.gencode.vH29,1::3,NK cell,1.0,celltypepilot
M11_BP4.gencode.vH29,1::1,Unknown,0.5,celltypepilot
M13_B002580.gencode.vH29,1::3,NK cell,1.0,celltypepilot
M21_B002580.gencode.vH29,1::3,NK cell,1.0,celltypepilot
M21_BP7_cd8.gencode.vH29,1::3,NK cell,1.0,celltypepilot
M22_BP7_cd8.gencode.vH29,1::3,NK cell,1.0,celltypepilot
N13_B002592.gencode.vH29,1::3,NK cell,1.0,celltypepilot
N14_B002592.gencode.vH29,1::3,NK cell,1.0,celltypepilot
N18_B002578.gencode.vH29,1::1,Unknown,0.5,celltypepilot
N18_B002591.gencode.vH29,1::3,NK cell,1.0,celltypepilot
N2_BP7_cd8.gencode.vH29,1::3,NK cell,1.0,celltypepilot
N23_BP7_cd8.gencode.vH29,1::3,NK cell,1.0,celltypepilot
N5_BP2_wbc.gencode.vH29,1::3,NK cell,1.0,celltypepilot
O10_BP4.gencode.vH29,1::1,Unknown,0.5,celltypepilot
O11_BP4.gencode.vH29,1::1,Unknown,0.5,celltypepilot
O17_B002580.gencode.vH29,1::3,NK cell,1.0,celltypepilot
O19_BP11_wbc.gencode.vH29,1::3,NK cell,1.0,celltypepilot
O2_BP7_cd8.gencode.vH29,1::3,NK cell,1.0,celltypepilot
O21_B001227.gencode.vH29,1::3,NK cell,1.0,celltypepilot
O22_BP7_cd8.gencode.vH29,1::3,NK cell,1.0,celltypepilot
O23_BP7_cd8.gencode.vH29,1::3,NK cell,1.0,celltypepilot
O24_BP7_cd8.gencode.vH29,1::1,Unknown,0.5,celltypepilot
P1_BP7_cd8.gencode.vH29,1::3,NK cell,1.0,celltypepilot
P13_B001227.gencode.vH29,1::3,NK cell,1.0,celltypepilot
P13_B001238.gencode.vH29,1::3,NK cell,1.0,celltypepilot
P18_B002580.gencode.vH29,1::3,NK cell,1.0,celltypepilot
P19_B001238.gencode.vH29,1::3,NK cell,1.0,celltypepilot
P19_B002592.gencode.vH29,1::1,Unknown,0.5,celltypepilot
P2_BP7_cd8.gencode.vH29,1::3,NK cell,1.0,celltypepilot
P20_B002580.gencode.vH29,1::3,NK cell,1.0,celltypepilot
P21_B002580.gencode.vH29,1::3,NK cell,1.0,celltypepilot
P21_BP7_cd8.gencode.vH29,1::3,NK cell,1.0,celltypepilot
P23_BP7_cd8.gencode.vH29,1::3,NK cell,1.0,celltypepilot
P24_BP7_cd8.gencode.vH29,1::3,NK cell,1.0,celltypepilot
P7_BP3.gencode.vH29,1::3,NK cell,1.0,celltypepilot
A14_B002578.gencode.vH29,1::3,NK cell,1.0,celltypepilot
A5_BP2_wbc.gencode.vH29,1::3,NK cell,1.0,celltypepilot
C12_B001229.gencode.vH29,1::3,NK cell,1.0,celltypepilot
C19_B002579.gencode.vH29,1::1,Unknown,0.5,celltypepilot
D19_B002578.gencode.vH29,1::3,NK cell,1.0,celltypepilot
F13_B001227.gencode.vH29,1::3,NK cell,1.0,celltypepilot
G18_B002593.gencode.vH29,1::3,NK cell,1.0,celltypepilot
H22_BP7_cd8.gencode.vH29,1::1,Unknown,0.5,celltypepilot
I18_B001227.gencode.vH29,1::3,NK cell,1.0,celltypepilot
J18_B002593.gencode.vH29,1::3,NK cell,1.0,celltypepilot
K15_B002591.gencode.vH29,1::3,NK cell,1.0,celltypepilot
K18_BP11_wbc.gencode.vH29,1::3,NK cell,1.0,celltypepilot
L19_B002578.gencode.vH29,1::3,NK cell,1.0,celltypepilot
L22_B001227.gencode.vH29,1::3,NK cell,1.0,celltypepilot
M6_BP2_wbc.gencode.vH29,1::1,Unknown,0.5,celltypepilot
N15_B001227.gencode.vH29,1::3,NK cell,1.0,celltypepilot
P2_BP12_wbc.gencode.vH29,1::3,NK cell,1.0,celltypepilot
A13_B001226.gencode.vH29,1::3,NK cell,1.0,celltypepilot
A13_B001229.gencode.vH29,1::3,NK cell,1.0,celltypepilot
A13_B001238.gencode.vH29,1::3,NK cell,1.0,celltypepilot
A13_B002592.gencode.vH29,1::3,NK cell,1.0,celltypepilot
A14_B001228.gencode.vH29,1::3,NK cell,1.0,celltypepilot
A14_BP5_wbc.gencode.vH29,1::3,NK cell,1.0,celltypepilot
A15_B001229.gencode.vH29,1::3,NK cell,1.0,celltypepilot
A16_B002579.gencode.vH29,1::3,NK cell,1.0,celltypepilot
A17_B001226.gencode.vH29,1::3,NK cell,1.0,celltypepilot
A19_B002593.gencode.vH29,1::3,NK cell,1.0,celltypepilot
A20_B001228.gencode.vH29,1::3,NK cell,1.0,celltypepilot
A21_B002579.gencode.vH29,1::3,NK cell,1.0,celltypepilot
A22_B001226.gencode.vH29,1::3,NK cell,1.0,celltypepilot
A23_BP11_wbc.gencode.vH29,1::3,NK cell,1.0,celltypepilot
B12_B001229.gencode.vH29,1::3,NK cell,1.0,celltypepilot
B13_B001228.gencode.vH29,1::3,NK cell,1.0,celltypepilot
B13_B002593.gencode.vH29,1::3,NK cell,1.0,celltypepilot
B15_B001228.gencode.vH29,1::3,NK cell,1.0,celltypepilot
B15_B002578.gencode.vH29,1::3,NK cell,1.0,celltypepilot
B17_B001228.gencode.vH29,1::3,NK cell,1.0,celltypepilot
B17_B002578.gencode.vH29,1::3,NK cell,1.0,celltypepilot
B18_B002578.gencode.vH29,1::3,NK cell,1.0,celltypepilot
B18_B002579.gencode.vH29,1::3,NK cell,1.0,celltypepilot
B19_B001229.gencode.vH29,1::3,NK cell,1.0,celltypepilot
B19_B002578.gencode.vH29,1::3,NK cell,1.0,celltypepilot
B20_B002579.gencode.vH29,1::3,NK cell,1.0,celltypepilot
B20_B002593.gencode.vH29,1::3,NK cell,1.0,celltypepilot
B21_B001228.gencode.vH29,1::3,NK cell,1.0,celltypepilot
B22_B002579.gencode.vH29,1::3,NK cell,1.0,celltypepilot
C1_BP1_wbc.gencode.vH29,1::3,NK cell,1.0,celltypepilot
C13_B001238.gencode.vH29,1::3,NK cell,1.0,celltypepilot
C13_B002578.gencode.vH29,1::3,NK cell,1.0,celltypepilot
C15_B001226.gencode.vH29,1::3,NK cell,1.0,celltypepilot
C15_B002586.gencode.vH29,1::3,NK cell,1.0,celltypepilot
C15_B002591.gencode.vH29,1::3,NK cell,1.0,celltypepilot
C17_B001228.gencode.vH29,1::3,NK cell,1.0,celltypepilot
C17_B002579.gencode.vH29,1::3,NK cell,1.0,celltypepilot
C17_B002586.gencode.vH29,1::3,NK cell,1.0,celltypepilot
C19_B001228.gencode.vH29,1::3,NK cell,1.0,celltypepilot
C19_B001229.gencode.vH29,1::3,NK cell,1.0,celltypepilot
C20_B001238.gencode.vH29,1::3,NK cell,1.0,celltypepilot
C20_B002586.gencode.vH29,1::3,NK cell,1.0,celltypepilot
C21_B001226.gencode.vH29,1::3,NK cell,1.0,celltypepilot
C21_B001238.gencode.vH29,1::3,NK cell,1.0,celltypepilot
D12_B002579.gencode.vH29,1::3,NK cell,1.0,celltypepilot
D13_B002593.gencode.vH29,1::3,NK cell,1.0,celltypepilot
D14_B001238.gencode.vH29,1::3,NK cell,1.0,celltypepilot
D14_B002578.gencode.vH29,1::3,NK cell,1.0,celltypepilot
D14_B002579.gencode.vH29,1::3,NK cell,1.0,celltypepilot
D14_B002592.gencode.vH29,1::3,NK cell,1.0,celltypepilot
D15_B001227.gencode.vH29,1::3,NK cell,1.0,celltypepilot
D16_B001238.gencode.vH29,1::3,NK cell,1.0,celltypepilot
D17_B001229.gencode.vH29,1::3,NK cell,1.0,celltypepilot
D17_B001238.gencode.vH29,1::3,NK cell,1.0,celltypepilot
D19_BP11_wbc.gencode.vH29,1::3,NK cell,1.0,celltypepilot
D20_B001229.gencode.vH29,1::3,NK cell,1.0,celltypepilot
D20_B002578.gencode.vH29,1::3,NK cell,1.0,celltypepilot
D21_B002586.gencode.vH29,1::3,NK cell,1.0,celltypepilot
D22_B001226.gencode.vH29,1::3,NK cell,1.0,celltypepilot
D24_BP12_wbc.gencode.vH29,1::3,NK cell,1.0,celltypepilot
E14_B001229.gencode.vH29,1::3,NK cell,1.0,celltypepilot
E14_B002593.gencode.vH29,1::3,NK cell,1.0,celltypepilot
E15_B001226.gencode.vH29,1::3,NK cell,1.0,celltypepilot
E15_B002593.gencode.vH29,1::3,NK cell,1.0,celltypepilot
E16_B002592.gencode.vH29,1::3,NK cell,1.0,celltypepilot
E17_B002591.gencode.vH29,1::3,NK cell,1.0,celltypepilot
E18_B002586.gencode.vH29,1::3,NK cell,1.0,celltypepilot
E18_B002591.gencode.vH29,1::3,NK cell,1.0,celltypepilot
E19_B001227.gencode.vH29,1::3,NK cell,1.0,celltypepilot
E19_B001228.gencode.vH29,1::3,NK cell,1.0,celltypepilot
E2_BP12_wbc.gencode.vH29,1::3,NK cell,1.0,celltypepilot
E20_B001226.gencode.vH29,1::3,NK cell,1.0,celltypepilot
E21_B001226.gencode.vH29,1::3,NK cell,1.0,celltypepilot
E21_B002591.gencode.vH29,1::3,NK cell,1.0,celltypepilot
E22_B002579.gencode.vH29,1::3,NK cell,1.0,celltypepilot
E8_BP3.gencode.vH29,1::3,NK cell,1.0,celltypepilot
F12_B001229.gencode.vH29,1::3,NK cell,1.0,celltypepilot
F12_B002578.gencode.vH29,1::3,NK cell,1.0,celltypepilot
F14_B002578.gencode.vH29,1::3,NK cell,1.0,celltypepilot
F15_B001226.gencode.vH29,1::3,NK cell,1.0,celltypepilot
F15_B001228.gencode.vH29,1::3,NK cell,1.0,celltypepilot
F15_B001229.gencode.vH29,1::3,NK cell,1.0,celltypepilot
F16_B002578.gencode.vH29,1::3,NK cell,1.0,celltypepilot
F18_B001238.gencode.vH29,1::3,NK cell,1.0,celltypepilot
F19_B002579.gencode.vH29,1::3,NK cell,1.0,celltypepilot
F19_B002586.gencode.vH29,1::3,NK cell,1.0,celltypepilot
F19_B002591.gencode.vH29,1::3,NK cell,1.0,celltypepilot
F20_B001227.gencode.vH29,1::3,NK cell,1.0,celltypepilot
F20_B002586.gencode.vH29,1::3,NK cell,1.0,celltypepilot
F21_B001229.gencode.vH29,1::3,NK cell,1.0,celltypepilot
F21_B001238.gencode.vH29,1::3,NK cell,1.0,celltypepilot
F8_BP3.gencode.vH29,1::3,NK cell,1.0,celltypepilot
G12_B001228.gencode.vH29,1::3,NK cell,1.0,celltypepilot
G13_B001228.gencode.vH29,1::3,NK cell,1.0,celltypepilot
G13_B001229.gencode.vH29,1::3,NK cell,1.0,celltypepilot
G13_B002578.gencode.vH29,1::3,NK cell,1.0,celltypepilot
G14_B001226.gencode.vH29,1::3,NK cell,1.0,celltypepilot
G14_B001227.gencode.vH29,1::3,NK cell,1.0,celltypepilot
G15_B001227.gencode.vH29,1::3,NK cell,1.0,celltypepilot
G15_B001229.gencode.vH29,1::3,NK cell,1.0,celltypepilot
G16_B002591.gencode.vH29,1::3,NK cell,1.0,celltypepilot
G18_B002579.gencode.vH29,1::3,NK cell,1.0,celltypepilot
G18_B002586.gencode.vH29,1::3,NK cell,1.0,celltypepilot
G19_B001229.gencode.vH29,1::3,NK cell,1.0,celltypepilot
H12_B002586.gencode.vH29,1::3,NK cell,1.0,celltypepilot
H13_B002578.gencode.vH29,1::3,NK cell,1.0,celltypepilot
H13_BP5_wbc.gencode.vH29,1::3,NK cell,1.0,celltypepilot
H14_B002586.gencode.vH29,1::3,NK cell,1.0,celltypepilot
H14_B002591.gencode.vH29,1::3,NK cell,1.0,celltypepilot
H15_B001226.gencode.vH29,1::3,NK cell,1.0,celltypepilot
H16_B002579.gencode.vH29,1::3,NK cell,1.0,celltypepilot
H16_B002592.gencode.vH29,1::3,NK cell,1.0,celltypepilot
H17_B002586.gencode.vH29,1::3,NK cell,1.0,celltypepilot
H18_B001229.gencode.vH29,1::3,NK cell,1.0,celltypepilot
H19_B001229.gencode.vH29,1::3,NK cell,1.0,celltypepilot
H19_BP11_wbc.gencode.vH29,1::3,NK cell,1.0,celltypepilot
H20_B001228.gencode.vH29,1::3,NK cell,1.0,celltypepilot
H20_B001229.gencode.vH29,1::3,NK cell,1.0,celltypepilot
H20_B002592.gencode.vH29,1::3,NK cell,1.0,celltypepilot
H21_B001228.gencode.vH29,1::3,NK cell,1.0,celltypepilot
H21_B002591.gencode.vH29,1::3,NK cell,1.0,celltypepilot
H22_B002578.gencode.vH29,1::3,NK cell,1.0,celltypepilot
H22_B002591.gencode.vH29,1::3,NK cell,1.0,celltypepilot
H24_BP12_wbc.gencode.vH29,1::3,NK cell,1.0,celltypepilot
I12_B001227.gencode.vH29,1::3,NK cell,1.0,celltypepilot
I13_B001227.gencode.vH29,1::3,NK cell,1.0,celltypepilot
I13_B002586.gencode.vH29,1::3,NK cell,1.0,celltypepilot
I15_B001228.gencode.vH29,1::3,NK cell,1.0,celltypepilot
I15_B002579.gencode.vH29,1::3,NK cell,1.0,celltypepilot
I16_B002578.gencode.vH29,1::3,NK cell,1.0,celltypepilot
I16_B002592.gencode.vH29,1::3,NK cell,1.0,celltypepilot
I17_B001228.gencode.vH29,1::3,NK cell,1.0,celltypepilot
I18_B002592.gencode.vH29,1::3,NK cell,1.0,celltypepilot
I19_B001229.gencode.vH29,1::3,NK cell,1.0,celltypepilot
I20_B001227.gencode.vH29,1::3,NK cell,1.0,celltypepilot
I23_BP12_wbc.gencode.vH29,1::3,NK cell,1.0,celltypepilot
I24_BP12_wbc.gencode.vH29,1::3,NK cell,1.0,celltypepilot
J12_B002579.gencode.vH29,1::3,NK cell,1.0,celltypepilot
J13_B002580.gencode.vH29,1::3,NK cell,1.0,celltypepilot
J13_B002591.gencode.vH29,1::3,NK cell,1.0,celltypepilot
J14_B001229.gencode.vH29,1::3,NK cell,1.0,celltypepilot
J14_B002579.gencode.vH29,1::3,NK cell,1.0,celltypepilot
J14_B002592.gencode.vH29,1::3,NK cell,1.0,celltypepilot
J17_B001228.gencode.vH29,1::3,NK cell,1.0,celltypepilot
J19_B002580.gencode.vH29,1::3,NK cell,1.0,celltypepilot
J19_B002593.gencode.vH29,1::3,NK cell,1.0,celltypepilot
J20_B001226.gencode.vH29,1::3,NK cell,1.0,celltypepilot
J20_B002578.gencode.vH29,1::3,NK cell,1.0,celltypepilot
J20_B002586.gencode.vH29,1::3,NK cell,1.0,celltypepilot
J22_B002578.gencode.vH29,1::3,NK cell,1.0,celltypepilot
J22_B002586.gencode.vH29,1::3,NK cell,1.0,celltypepilot
K1_BP1_wbc.gencode.vH29,1::3,NK cell,1.0,celltypepilot
K12_B001229.gencode.vH29,1::3,NK cell,1.0,celltypepilot
K12_B001238.gencode.vH29,1::3,NK cell,1.0,celltypepilot
K13_B001227.gencode.vH29,1::3,NK cell,1.0,celltypepilot
K13_B001229.gencode.vH29,1::3,NK cell,1.0,celltypepilot
K14_B002579.gencode.vH29,1::3,NK cell,1.0,celltypepilot
K15_B002586.gencode.vH29,1::3,NK cell,1.0,celltypepilot
K16_B002586.gencode.vH29,1::3,NK cell,1.0,celltypepilot
K16_B002591.gencode.vH29,1::3,NK cell,1.0,celltypepilot
K19_B002586.gencode.vH29,1::3,NK cell,1.0,celltypepilot
K2_BP12_wbc.gencode.vH29,1::3,NK cell,1.0,celltypepilot
K20_BP11_wbc.gencode.vH29,1::3,NK cell,1.0,celltypepilot
K22_B002586.gencode.vH29,1::3,NK cell,1.0,celltypepilot
K22_B002591.gencode.vH29,1::3,NK cell,1.0,celltypepilot
L13_B001226.gencode.vH29,1::3,NK cell,1.0,celltypepilot
L13_B002586.gencode.vH29,1::3,NK cell,1.0,celltypepilot
L14_B002578.gencode.vH29,1::3,NK cell,1.0,celltypepilot
L16_B002586.gencode.vH29,1::3,NK cell,1.0,celltypepilot
L17_B002592.gencode.vH29,1::3,NK cell,1.0,celltypepilot
L18_B002578.gencode.vH29,1::3,NK cell,1.0,celltypepilot
L18_BP11_wbc.gencode.vH29,1::3,NK cell,1.0,celltypepilot
L19_B001238.gencode.vH29,1::3,NK cell,1.0,celltypepilot
L19_B002591.gencode.vH29,1::3,NK cell,1.0,celltypepilot
L20_B002578.gencode.vH29,1::3,NK cell,1.0,celltypepilot
L20_B002580.gencode.vH29,1::3,NK cell,1.0,celltypepilot
L20_B002586.gencode.vH29,1::3,NK cell,1.0,celltypepilot
L21_B002593.gencode.vH29,1::3,NK cell,1.0,celltypepilot
L23_BP12_wbc.gencode.vH29,1::3,NK cell,1.0,celltypepilot
M12_B002591.gencode.vH29,1::3,NK cell,1.0,celltypepilot
M13_B001227.gencode.vH29,1::3,NK cell,1.0,celltypepilot
M13_B002586.gencode.vH29,1::3,NK cell,1.0,celltypepilot
M14_B001238.gencode.vH29,1::3,NK cell,1.0,celltypepilot
M14_B002592.gencode.vH29,1::3,NK cell,1.0,celltypepilot
M15_B001226.gencode.vH29,1::3,NK cell,1.0,celltypepilot
M15_B001228.gencode.vH29,1::3,NK cell,1.0,celltypepilot
M15_B001229.gencode.vH29,1::3,NK cell,1.0,celltypepilot
M15_B002592.gencode.vH29,1::3,NK cell,1.0,celltypepilot
M16_B002591.gencode.vH29,1::3,NK cell,1.0,celltypepilot
M17_B001226.gencode.vH29,1::3,NK cell,1.0,celltypepilot
M18_B001228.gencode.vH29,1::3,NK cell,1.0,celltypepilot
M19_B001229.gencode.vH29,1::3,NK cell,1.0,celltypepilot
M20_BP11_wbc.gencode.vH29,1::3,NK cell,1.0,celltypepilot
M21_B002593.gencode.vH29,1::3,NK cell,1.0,celltypepilot
N1_BP12_wbc.gencode.vH29,1::3,NK cell,1.0,celltypepilot
N12_B001228.gencode.vH29,1::3,NK cell,1.0,celltypepilot
N12_B002591.gencode.vH29,1::3,NK cell,1.0,celltypepilot
N13_B002591.gencode.vH29,1::3,NK cell,1.0,celltypepilot
N14_BP5_wbc.gencode.vH29,1::3,NK cell,1.0,celltypepilot
N16_B002578.gencode.vH29,1::3,NK cell,1.0,celltypepilot
N18_B001226.gencode.vH29,1::3,NK cell,1.0,celltypepilot
N18_B002593.gencode.vH29,1::3,NK cell,1.0,celltypepilot
N19_B001227.gencode.vH29,1::3,NK cell,1.0,celltypepilot
N19_B001228.gencode.vH29,1::3,NK cell,1.0,celltypepilot
N19_B002586.gencode.vH29,1::3,NK cell,1.0,celltypepilot
N20_B002578.gencode.vH29,1::3,NK cell,1.0,celltypepilot
N20_B002586.gencode.vH29,1::3,NK cell,1.0,celltypepilot
N21_B002578.gencode.vH29,1::3,NK cell,1.0,celltypepilot
N21_B002579.gencode.vH29,1::3,NK cell,1.0,celltypepilot
N22_B001229.gencode.vH29,1::3,NK cell,1.0,celltypepilot
N23_BP12_wbc.gencode.vH29,1::3,NK cell,1.0,celltypepilot
O1_BP12_wbc.gencode.vH29,1::3,NK cell,1.0,celltypepilot
O12_B002579.gencode.vH29,1::3,NK cell,1.0,celltypepilot
O13_B002586.gencode.vH29,1::3,NK cell,1.0,celltypepilot
O14_B001226.gencode.vH29,1::3,NK cell,1.0,celltypepilot
O14_B002586.gencode.vH29,1::3,NK cell,1.0,celltypepilot
O17_B001228.gencode.vH29,1::3,NK cell,1.0,celltypepilot
O18_B001228.gencode.vH29,1::3,NK cell,1.0,celltypepilot
O20_B002579.gencode.vH29,1::3,NK cell,1.0,celltypepilot
O21_B001228.gencode.vH29,1::3,NK cell,1.0,celltypepilot
O21_B002578.gencode.vH29,1::3,NK cell,1.0,celltypepilot
O21_B002579.gencode.vH29,1::3,NK cell,1.0,celltypepilot
O22_B002579.gencode.vH29,1::3,NK cell,1.0,celltypepilot
P12_B002591.gencode.vH29,1::3,NK cell,1.0,celltypepilot
P14_B002586.gencode.vH29,1::3,NK cell,1.0,celltypepilot
P16_B002579.gencode.vH29,1::3,NK cell,1.0,celltypepilot
P16_B002593.gencode.vH29,1::3,NK cell,1.0,celltypepilot
P17_B001228.gencode.vH29,1::3,NK cell,1.0,celltypepilot
P19_BP11_wbc.gencode.vH29,1::3,NK cell,1.0,celltypepilot
P20_B002579.gencode.vH29,1::3,NK cell,1.0,celltypepilot
P20_BP11_wbc.gencode.vH29,1::3,NK cell,1.0,celltypepilot
P22_B002591.gencode.vH29,1::3,NK cell,1.0,celltypepilot
C20_B001226.gencode.vH29,1::3,NK cell,1.0,celltypepilot
E12_B002578.gencode.vH29,1::3,NK cell,1.0,celltypepilot
I17_B001226.gencode.vH29,1::3,NK cell,1.0,celltypepilot
J21_B001229.gencode.vH29,1::3,NK cell,1.0,celltypepilot
L17_B002578.gencode.vH29,1::3,NK cell,1.0,celltypepilot
M14_B001226.gencode.vH29,1::3,NK cell,1.0,celltypepilot
N14_B002579.gencode.vH29,1::3,NK cell,1.0,celltypepilot
P18_B002586.gencode.vH29,1::3,NK cell,1.0,celltypepilot
P22_B002578.gencode.vH29,1::3,NK cell,1.0,celltypepilot
A16_B002580.gencode.vH29,1::1,Unknown,0.5,celltypepilot
J21_BP11_wbc.gencode.vH29,1::1,Unknown,0.5,celltypepilot
M12_BP5_wbc.gencode.vH29,1::1,Unknown,0.5,celltypepilot
A10_BP4.gencode.vH29,1::3,NK cell,1.0,celltypepilot
A11_BP4.gencode.vH29,1::3,NK cell,1.0,celltypepilot
A13_BP10_NK.gencode.vH29,1::3,NK cell,1.0,celltypepilot
A15_BP10_NK.gencode.vH29,1::3,NK cell,1.0,celltypepilot
A16_BP10_NK.gencode.vH29,1::1,Unknown,0.5,celltypepilot
A17_BP10_NK.gencode.vH29,1::1,Unknown,0.5,celltypepilot
A18_BP10_NK.gencode.vH29,1::3,NK cell,1.0,celltypepilot
A21_B002578.gencode.vH29,1::3,NK cell,1.0,celltypepilot
A8_BP3.gencode.vH29,1::3,NK cell,1.0,celltypepilot
B13_BP10_NK.gencode.vH29,1::3,NK cell,1.0,celltypepilot
B15_BP10_NK.gencode.vH29,1::3,NK cell,1.0,celltypepilot
B16_BP10_NK.gencode.vH29,1::3,NK cell,1.0,celltypepilot
B17_BP10_NK.gencode.vH29,1::3,NK cell,1.0,celltypepilot
B18_BP10_NK.gencode.vH29,1::3,NK cell,1.0,celltypepilot
C13_BP10_NK.gencode.vH29,1::1,Unknown,0.5,celltypepilot
C15_B002580.gencode.vH29,1::3,NK cell,1.0,celltypepilot
C15_BP10_NK.gencode.vH29,1::3,NK cell,1.0,celltypepilot
C16_BP10_NK.gencode.vH29,1::3,NK cell,1.0,celltypepilot
C17_B002580.gencode.vH29,1::3,NK cell,1.0,celltypepilot
C17_BP10_NK.gencode.vH29,1::3,NK cell,1.0,celltypepilot
C18_BP10_NK.gencode.vH29,1::1,Unknown,0.5,celltypepilot
C19_B002591.gencode.vH29,1::3,NK cell,1.0,celltypepilot
C20_B002580.gencode.vH29,1::3,NK cell,1.0,celltypepilot
C4_BP1_wbc.gencode.vH29,1::3,NK cell,1.0,celltypepilot
D12_BP4.gencode.vH29,1::3,NK cell,1.0,celltypepilot
D13_BP10_NK.gencode.vH29,1::3,NK cell,1.0,celltypepilot
D16_BP10_NK.gencode.vH29,1::3,NK cell,1.0,celltypepilot
D17_BP10_NK.gencode.vH29,1::3,NK cell,1.0,celltypepilot
D18_BP10_NK.gencode.vH29,1::1,Unknown,0.5,celltypepilot
D21_B002580.gencode.vH29,1::3,NK cell,1.0,celltypepilot
E13_BP10_NK.gencode.vH29,1::1,Unknown,0.5,celltypepilot
E14_BP10_NK.gencode.vH29,1::3,NK cell,1.0,celltypepilot
E16_BP10_NK.gencode.vH29,1::1,Unknown,0.5,celltypepilot
E17_B001227.gencode.vH29,1::3,NK cell,1.0,celltypepilot
E17_BP10_NK.gencode.vH29,1::3,NK cell,1.0,celltypepilot
E18_BP10_NK.gencode.vH29,1::3,NK cell,1.0,celltypepilot
E21_B002580.gencode.vH29,1::3,NK cell,1.0,celltypepilot
F12_B002580.gencode.vH29,1::3,NK cell,1.0,celltypepilot
F13_BP10_NK.gencode.vH29,1::3,NK cell,1.0,celltypepilot
F14_BP10_NK.gencode.vH29,1::3,NK cell,1.0,celltypepilot
F15_BP10_NK.gencode.vH29,1::3,NK cell,1.0,celltypepilot
F16_BP10_NK.gencode.vH29,1::3,NK cell,1.0,celltypepilot
F17_BP10_NK.gencode.vH29,1::3,NK cell,1.0,celltypepilot
F18_BP10_NK.gencode.vH29,1::3,NK cell,1.0,celltypepilot
G12_BP4.gencode.vH29,1::3,NK cell,1.0,celltypepilot
G13_B002580.gencode.vH29,1::3,NK cell,1.0,celltypepilot
G13_BP10_NK.gencode.vH29,1::3,NK cell,1.0,celltypepilot
G14_BP10_NK.gencode.vH29,1::1,Unknown,0.5,celltypepilot
G18_BP10_NK.gencode.vH29,1::3,NK cell,1.0,celltypepilot
G20_B002580.gencode.vH29,1::3,NK cell,1.0,celltypepilot
H10_B001225.gencode.vH29,1::0,Capillary endothelial cell,1.0,celltypepilot
H12_BP4.gencode.vH29,1::3,NK cell,1.0,celltypepilot
H13_BP10_NK.gencode.vH29,1::3,NK cell,1.0,celltypepilot
H14_BP10_NK.gencode.vH29,1::1,Unknown,0.5,celltypepilot
H15_BP10_NK.gencode.vH29,1::3,NK cell,1.0,celltypepilot
H16_BP10_NK.gencode.vH29,1::3,NK cell,1.0,celltypepilot
H18_BP10_NK.gencode.vH29,1::1,Unknown,0.5,celltypepilot
I13_B002593.gencode.vH29,1::1,Unknown,0.5,celltypepilot
I13_BP10_NK.gencode.vH29,1::3,NK cell,1.0,celltypepilot
I14_BP10_NK.gencode.vH29,1::3,NK cell,1.0,celltypepilot
I15_BP10_NK.gencode.vH29,1::3,NK cell,1.0,celltypepilot
I16_BP10_NK.gencode.vH29,1::1,Unknown,0.5,celltypepilot
I17_BP10_NK.gencode.vH29,1::3,NK cell,1.0,celltypepilot
I22_B001238.gencode.vH29,1::3,NK cell,1.0,celltypepilot
J12_BP10_NK.gencode.vH29,1::3,NK cell,1.0,celltypepilot
J13_BP10_NK.gencode.vH29,1::3,NK cell,1.0,celltypepilot
J15_BP10_NK.gencode.vH29,1::3,NK cell,1.0,celltypepilot
J16_BP10_NK.gencode.vH29,1::3,NK cell,1.0,celltypepilot
J17_BP10_NK.gencode.vH29,1::3,NK cell,1.0,celltypepilot
K12_BP10_NK.gencode.vH29,1::3,NK cell,1.0,celltypepilot
K13_BP10_NK.gencode.vH29,1::3,NK cell,1.0,celltypepilot
K14_BP10_NK.gencode.vH29,1::3,NK cell,1.0,celltypepilot
K16_BP10_NK.gencode.vH29,1::3,NK cell,1.0,celltypepilot
K17_B002580.gencode.vH29,1::3,NK cell,1.0,celltypepilot
K17_BP10_NK.gencode.vH29,1::3,NK cell,1.0,celltypepilot
K19_B002580.gencode.vH29,1::3,NK cell,1.0,celltypepilot
K19_BP11_wbc.gencode.vH29,1::3,NK cell,1.0,celltypepilot
L12_BP10_NK.gencode.vH29,1::3,NK cell,1.0,celltypepilot
L14_BP10_NK.gencode.vH29,1::3,NK cell,1.0,celltypepilot
L15_BP10_NK.gencode.vH29,1::1,Unknown,0.5,celltypepilot
L16_BP10_NK.gencode.vH29,1::1,Unknown,0.5,celltypepilot
L17_BP10_NK.gencode.vH29,1::3,NK cell,1.0,celltypepilot
L18_B002580.gencode.vH29,1::3,NK cell,1.0,celltypepilot
L22_B002580.gencode.vH29,1::3,NK cell,1.0,celltypepilot
M12_BP10_NK.gencode.vH29,1::3,NK cell,1.0,celltypepilot
M14_BP10_NK.gencode.vH29,1::3,NK cell,1.0,celltypepilot
M15_BP10_NK.gencode.vH29,1::3,NK cell,1.0,celltypepilot
M16_BP10_NK.gencode.vH29,1::3,NK cell,1.0,celltypepilot
M17_BP10_NK.gencode.vH29,1::3,NK cell,1.0,celltypepilot
N12_BP10_NK.gencode.vH29,1::3,NK cell,1.0,celltypepilot
N13_B002580.gencode.vH29,1::3,NK cell,1.0,celltypepilot
N15_BP10_NK.gencode.vH29,1::3,NK cell,1.0,celltypepilot
N16_BP10_NK.gencode.vH29,1::3,NK cell,1.0,celltypepilot
N17_B002580.gencode.vH29,1::3,NK cell,1.0,celltypepilot
N17_BP10_NK.gencode.vH29,1::1,Unknown,0.5,celltypepilot
N21_BP11_wbc.gencode.vH29,1::3,NK cell,1.0,celltypepilot
O12_BP10_NK.gencode.vH29,1::3,NK cell,1.0,celltypepilot
O13_BP10_NK.gencode.vH29,1::3,NK cell,1.0,celltypepilot
O14_BP10_NK.gencode.vH29,1::3,NK cell,1.0,celltypepilot
O15_BP10_NK.gencode.vH29,1::3,NK cell,1.0,celltypepilot
O16_BP10_NK.gencode.vH29,1::3,NK cell,1.0,celltypepilot
O17_BP10_NK.gencode.vH29,1::3,NK cell,1.0,celltypepilot
O18_B001227.gencode.vH29,1::3,NK cell,1.0,celltypepilot
O18_B002580.gencode.vH29,1::3,NK cell,1.0,celltypepilot
P12_BP10_NK.gencode.vH29,1::3,NK cell,1.0,celltypepilot
P13_BP10_NK.gencode.vH29,1::3,NK cell,1.0,celltypepilot
P14_BP10_NK.gencode.vH29,1::3,NK cell,1.0,celltypepilot
P15_B002580.gencode.vH29,1::3,NK cell,1.0,celltypepilot
P15_BP10_NK.gencode.vH29,1::3,NK cell,1.0,celltypepilot
P16_BP10_NK.gencode.vH29,1::1,Unknown,0.5,celltypepilot
P17_B001227.gencode.vH29,1::3,NK cell,1.0,celltypepilot
P19_B002580.gencode.vH29,1::3,NK cell,1.0,celltypepilot
P21_B002578.gencode.vH29,1::3,NK cell,1.0,celltypepilot
P3_BP1_wbc.gencode.vH29,1::3,NK cell,1.0,celltypepilot
F10_BP4.gencode.vH29,1::3,NK cell,1.0,celltypepilot
O6_BP2_wbc.gencode.vH29,1::3,NK cell,1.0,celltypepilot
G16_B001229.gencode.vH29,1::3,NK cell,1.0,celltypepilot
H14_B001228.gencode.vH29,1::3,NK cell,1.0,celltypepilot
K15_B001238.gencode.vH29,1::3,NK cell,1.0,celltypepilot
C14_BP10_NK.gencode.vH29,1::3,NK cell,1.0,celltypepilot
E1_BP12_wbc.gencode.vH29,1::3,NK cell,1.0,celltypepilot
F24_BP12_wbc.gencode.vH29,1::3,NK cell,1.0,celltypepilot
H17_BP10_NK.gencode.vH29,1::3,NK cell,1.0,celltypepilot
I13_BP5_wbc.gencode.vH29,1::3,NK cell,1.0,celltypepilot
I19_BP11_wbc.gencode.vH29,1::3,NK cell,1.0,celltypepilot
J21_B001226.gencode.vH29,1::3,NK cell,1.0,celltypepilot
K20_B002578.gencode.vH29,1::3,NK cell,1.0,celltypepilot
L13_BP10_NK.gencode.vH29,1::3,NK cell,1.0,celltypepilot
L2_BP12_wbc.gencode.vH29,1::3,NK cell,1.0,celltypepilot
M1_BP1_wbc.gencode.vH29,1::3,NK cell,1.0,celltypepilot
N1_BP1_wbc.gencode.vH29,1::3,NK cell,1.0,celltypepilot
O12_B002586.gencode.vH29,1::3,NK cell,1.0,celltypepilot
A13_B001228.gencode.vH29,1::3,NK cell,1.0,celltypepilot
A13_B002586.gencode.vH29,1::3,NK cell,1.0,celltypepilot
A15_BP5_wbc.gencode.vH29,1::3,NK cell,1.0,celltypepilot
A16_B002591.gencode.vH29,1::3,NK cell,1.0,celltypepilot
A17_B002578.gencode.vH29,1::3,NK cell,1.0,celltypepilot
A17_B002593.gencode.vH29,1::3,NK cell,1.0,celltypepilot
A18_B001226.gencode.vH29,1::3,NK cell,1.0,celltypepilot
A18_B002591.gencode.vH29,1::3,NK cell,1.0,celltypepilot
A21_B001227.gencode.vH29,1::3,NK cell,1.0,celltypepilot
A21_B002591.gencode.vH29,1::3,NK cell,1.0,celltypepilot
A22_B001238.gencode.vH29,1::3,NK cell,1.0,celltypepilot
A22_B002579.gencode.vH29,1::3,NK cell,1.0,celltypepilot
A4_BP1_wbc.gencode.vH29,1::3,NK cell,1.0,celltypepilot
B14_B002586.gencode.vH29,1::3,NK cell,1.0,celltypepilot
B15_B001229.gencode.vH29,1::3,NK cell,1.0,celltypepilot
B16_B002578.gencode.vH29,1::3,NK cell,1.0,celltypepilot
B16_B002593.gencode.vH29,1::3,NK cell,1.0,celltypepilot
B17_B002579.gencode.vH29,1::3,NK cell,1.0,celltypepilot
B19_B002593.gencode.vH29,1::3,NK cell,1.0,celltypepilot
B21_BP11_wbc.gencode.vH29,1::3,NK cell,1.0,celltypepilot
C12_B001228.gencode.vH29,1::3,NK cell,1.0,celltypepilot
C14_B001227.gencode.vH29,1::3,NK cell,1.0,celltypepilot
C14_B001229.gencode.vH29,1::3,NK cell,1.0,celltypepilot
C14_B002586.gencode.vH29,1::3,NK cell,1.0,celltypepilot
C15_B002593.gencode.vH29,1::3,NK cell,1.0,celltypepilot
C16_B002578.gencode.vH29,1::3,NK cell,1.0,celltypepilot
C18_B002578.gencode.vH29,1::3,NK cell,1.0,celltypepilot
C18_B002592.gencode.vH29,1::3,NK cell,1.0,celltypepilot
C19_BP11_wbc.gencode.vH29,1::3,NK cell,1.0,celltypepilot
C20_B002579.gencode.vH29,1::3,NK cell,1.0,celltypepilot
C21_B002579.gencode.vH29,1::3,NK cell,1.0,celltypepilot
C21_B002593.gencode.vH29,1::3,NK cell,1.0,celltypepilot
D12_B002591.gencode.vH29,1::3,NK cell,1.0,celltypepilot
D13_B002579.gencode.vH29,1::3,NK cell,1.0,celltypepilot
D14_BP10_NK.gencode.vH29,1::3,NK cell,1.0,celltypepilot
D15_B001229.gencode.vH29,1::3,NK cell,1.0,celltypepilot
D15_B002592.gencode.vH29,1::3,NK cell,1.0,celltypepilot
D15_BP10_NK.gencode.vH29,1::3,NK cell,1.0,celltypepilot
D16_B001228.gencode.vH29,1::3,NK cell,1.0,celltypepilot
D17_B002586.gencode.vH29,1::3,NK cell,1.0,celltypepilot
D18_B001229.gencode.vH29,1::3,NK cell,1.0,celltypepilot
D18_B001238.gencode.vH29,1::3,NK cell,1.0,celltypepilot
D18_B002593.gencode.vH29,1::3,NK cell,1.0,celltypepilot
D19_B001228.gencode.vH29,1::3,NK cell,1.0,celltypepilot
D19_B002591.gencode.vH29,1::3,NK cell,1.0,celltypepilot
D20_B001226.gencode.vH29,1::3,NK cell,1.0,celltypepilot
D20_B002593.gencode.vH29,1::3,NK cell,1.0,celltypepilot
D21_B002578.gencode.vH29,1::3,NK cell,1.0,celltypepilot
D21_B002591.gencode.vH29,1::3,NK cell,1.0,celltypepilot
D22_B002578.gencode.vH29,1::3,NK cell,1.0,celltypepilot
E14_B001226.gencode.vH29,1::3,NK cell,1.0,celltypepilot
E15_BP10_NK.gencode.vH29,1::3,NK cell,1.0,celltypepilot
E16_B001226.gencode.vH29,1::3,NK cell,1.0,celltypepilot
E16_B001228.gencode.vH29,1::3,NK cell,1.0,celltypepilot
E16_B002586.gencode.vH29,1::3,NK cell,1.0,celltypepilot
E18_B001227.gencode.vH29,1::3,NK cell,1.0,celltypepilot
E2_BP1_wbc.gencode.vH29,1::3,NK cell,1.0,celltypepilot
E20_B001228.gencode.vH29,1::3,NK cell,1.0,celltypepilot
E24_BP12_wbc.gencode.vH29,1::3,NK cell,1.0,celltypepilot
F13_B001226.gencode.vH29,1::3,NK cell,1.0,celltypepilot
F13_B001228.gencode.vH29,1::3,NK cell,1.0,celltypepilot
F13_B001229.gencode.vH29,1::3,NK cell,1.0,celltypepilot
F13_B002578.gencode.vH29,1::3,NK cell,1.0,celltypepilot
F13_B002580.gencode.vH29,1::3,NK cell,1.0,celltypepilot
F13_B002592.gencode.vH29,1::3,NK cell,1.0,celltypepilot
F15_B002591.gencode.vH29,1::3,NK cell,1.0,celltypepilot
F16_B002591.gencode.vH29,1::3,NK cell,1.0,celltypepilot
F18_B002579.gencode.vH29,1::3,NK cell,1.0,celltypepilot
F2_BP12_wbc.gencode.vH29,1::3,NK cell,1.0,celltypepilot
F20_B001238.gencode.vH29,1::3,NK cell,1.0,celltypepilot
F22_B002591.gencode.vH29,1::3,NK cell,1.0,celltypepilot
G12_B002586.gencode.vH29,1::3,NK cell,1.0,celltypepilot
G14_B002579.gencode.vH29,1::3,NK cell,1.0,celltypepilot
G14_B002593.gencode.vH29,1::3,NK cell,1.0,celltypepilot
G15_B001228.gencode.vH29,1::3,NK cell,1.0,celltypepilot
G15_B002578.gencode.vH29,1::3,NK cell,1.0,celltypepilot
G15_BP5_wbc.gencode.vH29,1::3,NK cell,1.0,celltypepilot
G16_B001226.gencode.vH29,1::3,NK cell,1.0,celltypepilot
G16_B002586.gencode.vH29,1::3,NK cell,1.0,celltypepilot
G16_BP10_NK.gencode.vH29,1::3,NK cell,1.0,celltypepilot
G17_BP10_NK.gencode.vH29,1::3,NK cell,1.0,celltypepilot
G18_B001226.gencode.vH29,1::3,NK cell,1.0,celltypepilot
G18_B002578.gencode.vH29,1::3,NK cell,1.0,celltypepilot
G19_B002580.gencode.vH29,1::3,NK cell,1.0,celltypepilot
G19_B002591.gencode.vH29,1::3,NK cell,1.0,celltypepilot
G20_B001226.gencode.vH29,1::3,NK cell,1.0,celltypepilot
G20_B001229.gencode.vH29,1::3,NK cell,1.0,celltypepilot
G20_B002586.gencode.vH29,1::3,NK cell,1.0,celltypepilot
G21_B001226.gencode.vH29,1::3,NK cell,1.0,celltypepilot
G21_B002578.gencode.vH29,1::3,NK cell,1.0,celltypepilot
G21_B002579.gencode.vH29,1::3,NK cell,1.0,celltypepilot
G22_B002591.gencode.vH29,1::3,NK cell,1.0,celltypepilot
G22_B002593.gencode.vH29,1::3,NK cell,1.0,celltypepilot
G4_BP1_wbc.gencode.vH29,1::3,NK cell,1.0,celltypepilot
G8_BP3.gencode.vH29,1::3,NK cell,1.0,celltypepilot
H1_BP12_wbc.gencode.vH29,1::3,NK cell,1.0,celltypepilot
H12_B001227.gencode.vH29,1::3,NK cell,1.0,celltypepilot
H12_B002591.gencode.vH29,1::3,NK cell,1.0,celltypepilot
H13_B001226.gencode.vH29,1::3,NK cell,1.0,celltypepilot
H13_B001227.gencode.vH29,1::3,NK cell,1.0,celltypepilot
H13_B002591.gencode.vH29,1::3,NK cell,1.0,celltypepilot
H14_B002578.gencode.vH29,1::3,NK cell,1.0,celltypepilot
H14_B002580.gencode.vH29,1::3,NK cell,1.0,celltypepilot
H14_B002593.gencode.vH29,1::3,NK cell,1.0,celltypepilot
H15_B001227.gencode.vH29,1::3,NK cell,1.0,celltypepilot
H15_B001229.gencode.vH29,1::3,NK cell,1.0,celltypepilot
H15_B002579.gencode.vH29,1::3,NK cell,1.0,celltypepilot
H15_B002591.gencode.vH29,1::3,NK cell,1.0,celltypepilot
H17_B002580.gencode.vH29,1::3,NK cell,1.0,celltypepilot
H17_B002591.gencode.vH29,1::3,NK cell,1.0,celltypepilot
H19_B001228.gencode.vH29,1::3,NK cell,1.0,celltypepilot
H19_B001238.gencode.vH29,1::3,NK cell,1.0,celltypepilot
H19_B002593.gencode.vH29,1::3,NK cell,1.0,celltypepilot
H20_B002593.gencode.vH29,1::3,NK cell,1.0,celltypepilot
H22_B001228.gencode.vH29,1::3,NK cell,1.0,celltypepilot
H22_B001229.gencode.vH29,1::3,NK cell,1.0,celltypepilot
H4_BP1_wbc.gencode.vH29,1::3,NK cell,1.0,celltypepilot
H8_BP3.gencode.vH29,1::3,NK cell,1.0,celltypepilot
I12_B001226.gencode.vH29,1::3,NK cell,1.0,celltypepilot
I12_B002579.gencode.vH29,1::3,NK cell,1.0,celltypepilot
I13_B001226.gencode.vH29,1::3,NK cell,1.0,celltypepilot
I14_B001226.gencode.vH29,1::3,NK cell,1.0,celltypepilot
I14_BP5_wbc.gencode.vH29,1::3,NK cell,1.0,celltypepilot
I15_B001229.gencode.vH29,1::3,NK cell,1.0,celltypepilot
I15_B002592.gencode.vH29,1::3,NK cell,1.0,celltypepilot
I16_B001228.gencode.vH29,1::3,NK cell,1.0,celltypepilot
I17_B002579.gencode.vH29,1::3,NK cell,1.0,celltypepilot
I18_B002580.gencode.vH29,1::3,NK cell,1.0,celltypepilot
I19_B001238.gencode.vH29,1::3,NK cell,1.0,celltypepilot
I19_B002578.gencode.vH29,1::3,NK cell,1.0,celltypepilot
I19_B002592.gencode.vH29,1::3,NK cell,1.0,celltypepilot
I21_B002586.gencode.vH29,1::3,NK cell,1.0,celltypepilot
I22_B001227.gencode.vH29,1::3,NK cell,1.0,celltypepilot
J12_B002592.gencode.vH29,1::3,NK cell,1.0,celltypepilot
J13_B001228.gencode.vH29,1::3,NK cell,1.0,celltypepilot
J14_BP10_NK.gencode.vH29,1::3,NK cell,1.0,celltypepilot
J15_B002580.gencode.vH29,1::3,NK cell,1.0,celltypepilot
J16_B001238.gencode.vH29,1::3,NK cell,1.0,celltypepilot
J16_B002579.gencode.vH29,1::3,NK cell,1.0,celltypepilot
J16_B002586.gencode.vH29,1::3,NK cell,1.0,celltypepilot
J18_BP11_wbc.gencode.vH29,1::3,NK cell,1.0,celltypepilot
J19_B001238.gencode.vH29,1::3,NK cell,1.0,celltypepilot
J19_B002578.gencode.vH29,1::3,NK cell,1.0,celltypepilot
J19_BP11_wbc.gencode.vH29,1::3,NK cell,1.0,celltypepilot
J20_B001228.gencode.vH29,1::3,NK cell,1.0,celltypepilot
J21_B002578.gencode.vH29,1::3,NK cell,1.0,celltypepilot
J21_B002586.gencode.vH29,1::3,NK cell,1.0,celltypepilot
J23_BP12_wbc.gencode.vH29,1::3,NK cell,1.0,celltypepilot
K12_B002586.gencode.vH29,1::3,NK cell,1.0,celltypepilot
K13_B001228.gencode.vH29,1::3,NK cell,1.0,celltypepilot
K13_B001238.gencode.vH29,1::3,NK cell,1.0,celltypepilot
K13_B002592.gencode.vH29,1::3,NK cell,1.0,celltypepilot
K14_B001238.gencode.vH29,1::3,NK cell,1.0,celltypepilot
K15_B001229.gencode.vH29,1::3,NK cell,1.0,celltypepilot
K15_B002580.gencode.vH29,1::3,NK cell,1.0,celltypepilot
K15_B002592.gencode.vH29,1::3,NK cell,1.0,celltypepilot
K15_BP10_NK.gencode.vH29,1::3,NK cell,1.0,celltypepilot
K16_B001228.gencode.vH29,1::3,NK cell,1.0,celltypepilot
K16_B001238.gencode.vH29,1::3,NK cell,1.0,celltypepilot
K16_B002593.gencode.vH29,1::3,NK cell,1.0,celltypepilot
K18_B001238.gencode.vH29,1::3,NK cell,1.0,celltypepilot
K18_B002580.gencode.vH29,1::3,NK cell,1.0,celltypepilot
K21_B001226.gencode.vH29,1::3,NK cell,1.0,celltypepilot
K21_B001229.gencode.vH29,1::3,NK cell,1.0,celltypepilot
K21_B002580.gencode.vH29,1::3,NK cell,1.0,celltypepilot
K22_B002592.gencode.vH29,1::3,NK cell,1.0,celltypepilot
L12_B001228.gencode.vH29,1::3,NK cell,1.0,celltypepilot
L12_B002591.gencode.vH29,1::3,NK cell,1.0,celltypepilot
L13_B001238.gencode.vH29,1::3,NK cell,1.0,celltypepilot
L13_B002592.gencode.vH29,1::3,NK cell,1.0,celltypepilot
L15_B001238.gencode.vH29,1::3,NK cell,1.0,celltypepilot
L15_B002586.gencode.vH29,1::3,NK cell,1.0,celltypepilot
L16_B002592.gencode.vH29,1::3,NK cell,1.0,celltypepilot
L17_B001228.gencode.vH29,1::3,NK cell,1.0,celltypepilot
L18_B002592.gencode.vH29,1::3,NK cell,1.0,celltypepilot
L19_B002579.gencode.vH29,1::3,NK cell,1.0,celltypepilot
L19_B002586.gencode.vH29,1::3,NK cell,1.0,celltypepilot
L20_B001229.gencode.vH29,1::3,NK cell,1.0,celltypepilot
L22_BP11_wbc.gencode.vH29,1::3,NK cell,1.0,celltypepilot
M12_B001238.gencode.vH29,1::3,NK cell,1.0,celltypepilot
M12_B002586.gencode.vH29,1::3,NK cell,1.0,celltypepilot
M13_B001229.gencode.vH29,1::3,NK cell,1.0,celltypepilot
M13_BP10_NK.gencode.vH29,1::3,NK cell,1.0,celltypepilot
M14_B002578.gencode.vH29,1::3,NK cell,1.0,celltypepilot
M14_B002586.gencode.vH29,1::3,NK cell,1.0,celltypepilot
M14_B002593.gencode.vH29,1::3,NK cell,1.0,celltypepilot
M15_B002579.gencode.vH29,1::3,NK cell,1.0,celltypepilot
M15_B002593.gencode.vH29,1::3,NK cell,1.0,celltypepilot
M16_B002579.gencode.vH29,1::3,NK cell,1.0,celltypepilot
M17_B001227.gencode.vH29,1::3,NK cell,1.0,celltypepilot
M17_B002592.gencode.vH29,1::3,NK cell,1.0,celltypepilot
M19_B001226.gencode.vH29,1::3,NK cell,1.0,celltypepilot
M2_BP1_wbc.gencode.vH29,1::3,NK cell,1.0,celltypepilot
M20_B002591.gencode.vH29,1::3,NK cell,1.0,celltypepilot
M21_B002586.gencode.vH29,1::3,NK cell,1.0,celltypepilot
M22_B002580.gencode.vH29,1::3,NK cell,1.0,celltypepilot
M22_B002593.gencode.vH29,1::3,NK cell,1.0,celltypepilot
M3_BP1_wbc.gencode.vH29,1::3,NK cell,1.0,celltypepilot
N12_B001227.gencode.vH29,1::3,NK cell,1.0,celltypepilot
N12_B002579.gencode.vH29,1::3,NK cell,1.0,celltypepilot
N13_B001228.gencode.vH29,1::3,NK cell,1.0,celltypepilot
N14_B002591.gencode.vH29,1::3,NK cell,1.0,celltypepilot
N14_BP10_NK.gencode.vH29,1::3,NK cell,1.0,celltypepilot
N15_B001229.gencode.vH29,1::3,NK cell,1.0,celltypepilot
N15_B002591.gencode.vH29,1::3,NK cell,1.0,celltypepilot
N16_B001226.gencode.vH29,1::3,NK cell,1.0,celltypepilot
N16_B002579.gencode.vH29,1::3,NK cell,1.0,celltypepilot
N16_B002580.gencode.vH29,1::3,NK cell,1.0,celltypepilot
N17_B002579.gencode.vH29,1::3,NK cell,1.0,celltypepilot
N19_B002578.gencode.vH29,1::3,NK cell,1.0,celltypepilot
N2_BP1_wbc.gencode.vH29,1::3,NK cell,1.0,celltypepilot
N2_BP12_wbc.gencode.vH29,1::3,NK cell,1.0,celltypepilot
N20_BP11_wbc.gencode.vH29,1::3,NK cell,1.0,celltypepilot
N21_B001226.gencode.vH29,1::3,NK cell,1.0,celltypepilot
N21_B001228.gencode.vH29,1::3,NK cell,1.0,celltypepilot
N21_B002591.gencode.vH29,1::3,NK cell,1.0,celltypepilot
O12_B001227.gencode.vH29,1::3,NK cell,1.0,celltypepilot
O12_B001229.gencode.vH29,1::3,NK cell,1.0,celltypepilot
O12_B002578.gencode.vH29,1::3,NK cell,1.0,celltypepilot
O12_B002591.gencode.vH29,1::3,NK cell,1.0,celltypepilot
O14_BP5_wbc.gencode.vH29,1::3,NK cell,1.0,celltypepilot
O15_B002579.gencode.vH29,1::3,NK cell,1.0,celltypepilot
O16_B001226.gencode.vH29,1::3,NK cell,1.0,celltypepilot
O17_B002593.gencode.vH29,1::3,NK cell,1.0,celltypepilot
O18_B002578.gencode.vH29,1::3,NK cell,1.0,celltypepilot
O2_BP12_wbc.gencode.vH29,1::3,NK cell,1.0,celltypepilot
O21_B001229.gencode.vH29,1::3,NK cell,1.0,celltypepilot
O22_B001228.gencode.vH29,1::3,NK cell,1.0,celltypepilot
O22_B002591.gencode.vH29,1::3,NK cell,1.0,celltypepilot
O22_B002593.gencode.vH29,1::3,NK cell,1.0,celltypepilot
P12_B002580.gencode.vH29,1::3,NK cell,1.0,celltypepilot
P12_B002593.gencode.vH29,1::3,NK cell,1.0,celltypepilot
P14_B001229.gencode.vH29,1::3,NK cell,1.0,celltypepilot
P14_B002578.gencode.vH29,1::3,NK cell,1.0,celltypepilot
P14_B002579.gencode.vH29,1::3,NK cell,1.0,celltypepilot
P14_B002591.gencode.vH29,1::3,NK cell,1.0,celltypepilot
P14_BP5_wbc.gencode.vH29,1::3,NK cell,1.0,celltypepilot
P15_B002586.gencode.vH29,1::3,NK cell,1.0,celltypepilot
P16_B001229.gencode.vH29,1::3,NK cell,1.0,celltypepilot
P17_B001229.gencode.vH29,1::3,NK cell,1.0,celltypepilot
P17_B002578.gencode.vH29,1::3,NK cell,1.0,celltypepilot
P17_B002579.gencode.vH29,1::3,NK cell,1.0,celltypepilot
P17_BP10_NK.gencode.vH29,1::3,NK cell,1.0,celltypepilot
P19_B001229.gencode.vH29,1::3,NK cell,1.0,celltypepilot
P21_B001227.gencode.vH29,1::3,NK cell,1.0,celltypepilot
P21_B001228.gencode.vH29,1::3,NK cell,1.0,celltypepilot
P8_BP3.gencode.vH29,1::3,NK cell,1.0,celltypepilot
A10_B001222.gencode.vH29,1::2,Club cell,1.0,celltypepilot
A10_B001235.gencode.vH29,1::5,Club cell,1.0,celltypepilot
A10_B001237.gencode.vH29,1::2,Club cell,1.0,celltypepilot
A12_B002580.gencode.vH29,1::5,Club cell,1.0,celltypepilot
A14_B001239.gencode.vH29,1::2,Club cell,1.0,celltypepilot
A16_B001222.gencode.vH29,1::2,Club cell,1.0,celltypepilot
A17_B001222.gencode.vH29,1::2,Club cell,1.0,celltypepilot
A22_B001237.gencode.vH29,1::2,Club cell,1.0,celltypepilot
A4_B001222.gencode.vH29,1::2,Club cell,1.0,celltypepilot
A4_B001223.gencode.vH29,1::5,Club cell,1.0,celltypepilot
A4_B001239.gencode.vH29,1::2,Club cell,1.0,celltypepilot
A9_B001235.gencode.vH29,1::5,Club cell,1.0,celltypepilot
B1_B001222.gencode.vH29,1::2,Club cell,1.0,celltypepilot
B1_B001225.gencode.vH29,1::2,Club cell,1.0,celltypepilot
B13_B001222.gencode.vH29,1::1,Unknown,0.5,celltypepilot
B13_B001235.gencode.vH29,1::5,Club cell,1.0,celltypepilot
B14_B001223.gencode.vH29,1::2,Club cell,1.0,celltypepilot
B3_B001234.gencode.vH29,1::5,Club cell,1.0,celltypepilot
B9_B001234.gencode.vH29,1::5,Club cell,1.0,celltypepilot
B9_B001239.gencode.vH29,1::2,Club cell,1.0,celltypepilot
C10_B001234.gencode.vH29,1::5,Club cell,1.0,celltypepilot
C11_B001222.gencode.vH29,1::2,Club cell,1.0,celltypepilot
C13_B001224.gencode.vH29,1::2,Club cell,1.0,celltypepilot
C15_B001237.gencode.vH29,1::2,Club cell,1.0,celltypepilot
C17_B001239.gencode.vH29,1::2,Club cell,1.0,celltypepilot
C21_B001225.gencode.vH29,1::5,Club cell,1.0,celltypepilot
C22_B001225.gencode.vH29,1::5,Club cell,1.0,celltypepilot
C22_B001235.gencode.vH29,1::2,Club cell,1.0,celltypepilot
C4_B001222.gencode.vH29,1::2,Club cell,1.0,celltypepilot
C7_B001222.gencode.vH29,1::2,Club cell,1.0,celltypepilot
D1_B001222.gencode.vH29,1::2,Club cell,1.0,celltypepilot
D1_B001224.gencode.vH29,1::2,Club cell,1.0,celltypepilot
D14_B001223.gencode.vH29,1::2,Club cell,1.0,celltypepilot
D14_B001234.gencode.vH29,1::2,Club cell,1.0,celltypepilot
D16_B001222.gencode.vH29,1::2,Club cell,1.0,celltypepilot
D16_B001225.gencode.vH29,1::2,Club cell,1.0,celltypepilot
D17_B001235.gencode.vH29,1::5,Club cell,1.0,celltypepilot
D18_B001222.gencode.vH29,1::2,Club cell,1.0,celltypepilot
D20_B001235.gencode.vH29,1::2,Club cell,1.0,celltypepilot
D22_B001239.gencode.vH29,1::2,Club cell,1.0,celltypepilot
D5_B001227.gencode.vH29,1::5,Club cell,1.0,celltypepilot
E1_B001222.gencode.vH29,1::2,Club cell,1.0,celltypepilot
E1_B001237.gencode.vH29,1::2,Club cell,1.0,celltypepilot
E13_B001222.gencode.vH29,1::2,Club cell,1.0,celltypepilot
E16_B001239.gencode.vH29,1::2,Club cell,1.0,celltypepilot
E17_B001222.gencode.vH29,1::2,Club cell,1.0,celltypepilot
E5_B001222.gencode.vH29,1::1,Unknown,0.5,celltypepilot
E5_B001235.gencode.vH29,1::2,Club cell,1.0,celltypepilot
F10_B001237.gencode.vH29,1::2,Club cell,1.0,celltypepilot
F11_B001237.gencode.vH29,1::5,Club cell,1.0,celltypepilot
F15_B001223.gencode.vH29,1::2,Club cell,1.0,celltypepilot
F15_B001234.gencode.vH29,1::2,Club cell,1.0,celltypepilot
F16_B001222.gencode.vH29,1::2,Club cell,1.0,celltypepilot
F19_B001222.gencode.vH29,1::2,Club cell,1.0,celltypepilot
F2_B001223.gencode.vH29,1::2,Club cell,1.0,celltypepilot
F21_B001237.gencode.vH29,1::5,Club cell,1.0,celltypepilot
F22_B001224.gencode.vH29,1::1,Unknown,0.5,celltypepilot
F5_B001225.gencode.vH29,1::2,Club cell,1.0,celltypepilot
F6_B001234.gencode.vH29,1::5,Club cell,1.0,celltypepilot
F6_B001235.gencode.vH29,1::2,Club cell,1.0,celltypepilot
F7_B001237.gencode.vH29,1::2,Club cell,1.0,celltypepilot
G11_B001235.gencode.vH29,1::5,Club cell,1.0,celltypepilot
G16_B001222.gencode.vH29,1::1,Unknown,0.5,celltypepilot
G18_B001234.gencode.vH29,1::2,Club cell,1.0,celltypepilot
G19_B001223.gencode.vH29,1::2,Club cell,1.0,celltypepilot
G19_B001235.gencode.vH29,1::2,Club cell,1.0,celltypepilot
G20_B001223.gencode.vH29,1::2,Club cell,1.0,celltypepilot
G22_B001225.gencode.vH29,1::2,Club cell,1.0,celltypepilot
G6_B001222.gencode.vH29,1::2,Club cell,1.0,celltypepilot
G6_B001237.gencode.vH29,1::2,Club cell,1.0,celltypepilot
G7_B001223.gencode.vH29,1::2,Club cell,1.0,celltypepilot
G7_B001234.gencode.vH29,1::5,Club cell,1.0,celltypepilot
H1_B001223.gencode.vH29,1::2,Club cell,1.0,celltypepilot
H13_B001225.gencode.vH29,1::2,Club cell,1.0,celltypepilot
H17_B001234.gencode.vH29,1::2,Club cell,1.0,celltypepilot
H18_B001237.gencode.vH29,1::2,Club cell,1.0,celltypepilot
H21_B001223.gencode.vH29,1::2,Club cell,1.0,celltypepilot
H22_B001235.gencode.vH29,1::2,Club cell,1.0,celltypepilot
H22_B001239.gencode.vH29,1::2,Club cell,1.0,celltypepilot
H5_B001223.gencode.vH29,1::2,Club cell,1.0,celltypepilot
H5_B001239.gencode.vH29,1::2,Club cell,1.0,celltypepilot
H7_B001225.gencode.vH29,1::2,Club cell,1.0,celltypepilot
H7_B001234.gencode.vH29,1::1,Unknown,0.5,celltypepilot
H8_B001222.gencode.vH29,1::2,Club cell,1.0,celltypepilot
H9_B001225.gencode.vH29,1::2,Club cell,1.0,celltypepilot
I1_B001237.gencode.vH29,1::5,Club cell,1.0,celltypepilot
I10_B001225.gencode.vH29,1::5,Club cell,1.0,celltypepilot
I11_B001225.gencode.vH29,1::5,Club cell,1.0,celltypepilot
I13_B001225.gencode.vH29,1::2,Club cell,1.0,celltypepilot
I14_B001225.gencode.vH29,1::2,Club cell,1.0,celltypepilot
I15_B001224.gencode.vH29,1::2,Club cell,1.0,celltypepilot
I15_B001225.gencode.vH29,1::2,Club cell,1.0,celltypepilot
I16_B001239.gencode.vH29,1::2,Club cell,1.0,celltypepilot
I17_B001222.gencode.vH29,1::2,Club cell,1.0,celltypepilot
I2_B001224.gencode.vH29,1::2,Club cell,1.0,celltypepilot
I21_B001234.gencode.vH29,1::2,Club cell,1.0,celltypepilot
I3_B001237.gencode.vH29,1::5,Club cell,1.0,celltypepilot
I5_B001222.gencode.vH29,1::2,Club cell,1.0,celltypepilot
I5_B001225.gencode.vH29,1::1,Unknown,0.5,celltypepilot
I7_B001239.gencode.vH29,1::2,Club cell,1.0,celltypepilot
I8_B001223.gencode.vH29,1::5,Club cell,1.0,celltypepilot
I8_B001229.gencode.vH29,1::2,Club cell,1.0,celltypepilot
I8_B001239.gencode.vH29,1::2,Club cell,1.0,celltypepilot
I9_B001222.gencode.vH29,1::2,Club cell,1.0,celltypepilot
I9_B001239.gencode.vH29,1::5,Club cell,1.0,celltypepilot
J1_B001222.gencode.vH29,1::2,Club cell,1.0,celltypepilot
J10_B001234.gencode.vH29,1::2,Club cell,1.0,celltypepilot
J18_B001234.gencode.vH29,1::5,Club cell,1.0,celltypepilot
J2_B001239.gencode.vH29,1::2,Club cell,1.0,celltypepilot
J20_B001239.gencode.vH29,1::2,Club cell,1.0,celltypepilot
J21_B001235.gencode.vH29,1::1,Unknown,0.5,celltypepilot
J3_B001222.gencode.vH29,1::2,Club cell,1.0,celltypepilot
J4_B001224.gencode.vH29,1::2,Club cell,1.0,celltypepilot
J8_B001239.gencode.vH29,1::2,Club cell,1.0,celltypepilot
J9_B001235.gencode.vH29,1::2,Club cell,1.0,celltypepilot
K10_B001237.gencode.vH29,1::2,Club cell,1.0,celltypepilot
K11_B001222.gencode.vH29,1::2,Club cell,1.0,celltypepilot
K11_B001228.gencode.vH29,1::2,Club cell,1.0,celltypepilot
K12_B001237.gencode.vH29,1::2,Club cell,1.0,celltypepilot
K14_B001234.gencode.vH29,1::5,Club cell,1.0,celltypepilot
K14_B001235.gencode.vH29,1::2,Club cell,1.0,celltypepilot
K17_B001224.gencode.vH29,1::2,Club cell,1.0,celltypepilot
K19_B001234.gencode.vH29,1::2,Club cell,1.0,celltypepilot
K19_B001237.gencode.vH29,1::2,Club cell,1.0,celltypepilot
K21_B001239.gencode.vH29,1::2,Club cell,1.0,celltypepilot
K22_B001224.gencode.vH29,1::2,Club cell,1.0,celltypepilot
K3_B001225.gencode.vH29,1::5,Club cell,1.0,celltypepilot
K4_B001234.gencode.vH29,1::5,Club cell,1.0,celltypepilot
K7_B001237.gencode.vH29,1::2,Club cell,1.0,celltypepilot
K8_B001224.gencode.vH29,1::1,Unknown,0.5,celltypepilot
K8_B001235.gencode.vH29,1::5,Club cell,1.0,celltypepilot
K9_B001234.gencode.vH29,1::5,Club cell,1.0,celltypepilot
L1_B001234.gencode.vH29,1::5,Club cell,1.0,celltypepilot
L11_B001223.gencode.vH29,1::2,Club cell,1.0,celltypepilot
L11_B001237.gencode.vH29,1::2,Club cell,1.0,celltypepilot
L12_B001223.gencode.vH29,1::2,Club cell,1.0,celltypepilot
L14_B001239.gencode.vH29,1::2,Club cell,1.0,celltypepilot
L18_B001235.gencode.vH29,1::2,Club cell,1.0,celltypepilot
L2_B001235.gencode.vH29,1::2,Club cell,1.0,celltypepilot
L20_B001234.gencode.vH29,1::5,Club cell,1.0,celltypepilot
L21_B001234.gencode.vH29,1::2,Club cell,1.0,celltypepilot
L21_B001239.gencode.vH29,1::2,Club cell,1.0,celltypepilot
L4_B001225.gencode.vH29,1::5,Club cell,1.0,celltypepilot
L5_B001234.gencode.vH29,1::2,Club cell,1.0,celltypepilot
M10_B001222.gencode.vH29,1::2,Club cell,1.0,celltypepilot
M10_B001239.gencode.vH29,1::5,Club cell,1.0,celltypepilot
M12_B001223.gencode.vH29,1::2,Club cell,1.0,celltypepilot
M12_B001235.gencode.vH29,1::1,Unknown,0.5,celltypepilot
M14_B001235.gencode.vH29,1::2,Club cell,1.0,celltypepilot
M17_B001237.gencode.vH29,1::5,Club cell,1.0,celltypepilot
M19_B001223.gencode.vH29,1::2,Club cell,1.0,celltypepilot
M19_B001224.gencode.vH29,1::2,Club cell,1.0,celltypepilot
M20_B001235.gencode.vH29,1::2,Club cell,1.0,celltypepilot
M20_B001237.gencode.vH29,1::5,Club cell,1.0,celltypepilot
M22_B001239.gencode.vH29,1::2,Club cell,1.0,celltypepilot
M6_B001223.gencode.vH29,1::2,Club cell,1.0,celltypepilot
M8_B001237.gencode.vH29,1::2,Club cell,1.0,celltypepilot
N1_B001235.gencode.vH29,1::5,Club cell,1.0,celltypepilot
N11_B001225.gencode.vH29,1::5,Club cell,1.0,celltypepilot
N12_B001222.gencode.vH29,1::2,Club cell,1.0,celltypepilot
N14_B001222.gencode.vH29,1::2,Club cell,1.0,celltypepilot
N15_B001237.gencode.vH29,1::2,Club cell,1.0,celltypepilot
N17_B001224.gencode.vH29,1::2,Club cell,1.0,celltypepilot
N19_B001234.gencode.vH29,1::5,Club cell,1.0,celltypepilot
N20_B001225.gencode.vH29,1::5,Club cell,1.0,celltypepilot
N21_B001223.gencode.vH29,1::2,Club cell,1.0,celltypepilot
N21_B001224.gencode.vH29,1::2,Club cell,1.0,celltypepilot
N22_B001223.gencode.vH29,1::2,Club cell,1.0,celltypepilot
N6_B001239.gencode.vH29,1::2,Club cell,1.0,celltypepilot
N7_B001239.gencode.vH29,1::2,Club cell,1.0,celltypepilot
N8_B001225.gencode.vH29,1::5,Club cell,1.0,celltypepilot
N9_B001222.gencode.vH29,1::2,Club cell,1.0,celltypepilot
N9_B001224.gencode.vH29,1::2,Club cell,1.0,celltypepilot
N9_B001234.gencode.vH29,1::5,Club cell,1.0,celltypepilot
O11_B001222.gencode.vH29,1::5,Club cell,1.0,celltypepilot
O15_B001225.gencode.vH29,1::2,Club cell,1.0,celltypepilot
O15_B001239.gencode.vH29,1::2,Club cell,1.0,celltypepilot
O17_B001222.gencode.vH29,1::2,Club cell,1.0,celltypepilot
O19_B001224.gencode.vH29,1::2,Club cell,1.0,celltypepilot
O2_B001222.gencode.vH29,1::5,Club cell,1.0,celltypepilot
O2_B001235.gencode.vH29,1::2,Club cell,1.0,celltypepilot
O2_B001237.gencode.vH29,1::5,Club cell,1.0,celltypepilot
O20_B001235.gencode.vH29,1::2,Club cell,1.0,celltypepilot
O21_B001239.gencode.vH29,1::2,Club cell,1.0,celltypepilot
O3_B002580.gencode.vH29,1::5,Club cell,1.0,celltypepilot
P11_B001224.gencode.vH29,1::2,Club cell,1.0,celltypepilot
P12_B001235.gencode.vH29,1::5,Club cell,1.0,celltypepilot
P13_B001223.gencode.vH29,1::2,Club cell,1.0,celltypepilot
P17_B001235.gencode.vH29,1::5,Club cell,1.0,celltypepilot
P20_B001237.gencode.vH29,1::2,Club cell,1.0,celltypepilot
P22_B001237.gencode.vH29,1::5,Club cell,1.0,celltypepilot
P4_B001222.gencode.vH29,1::2,Club cell,1.0,celltypepilot
P7_B001239.gencode.vH29,1::2,Club cell,1.0,celltypepilot
P9_B001222.gencode.vH29,1::2,Club cell,1.0,celltypepilot
P9_B001239.gencode.vH29,1::2,Club cell,1.0,celltypepilot
K1_B001223.gencode.vH29,1::2,Club cell,1.0,celltypepilot
C17_B001229.gencode.vH29,1::1,Unknown,0.5,celltypepilot
C4_BP8_Bcell.gencode.vH29,1::3,NK cell,1.0,celltypepilot
F1_BP1_wbc.gencode.vH29,1::1,Unknown,0.5,celltypepilot
F5_BP2_wbc.gencode.vH29,1::1,Unknown,0.5,celltypepilot
G6_BP2_wbc.gencode.vH29,1::1,Unknown,0.5,celltypepilot
G7_BP8_Bcell.gencode.vH29,1::1,Unknown,0.5,celltypepilot
G8_BP8_Bcell.gencode.vH29,1::3,NK cell,1.0,celltypepilot
I14_B001228.gencode.vH29,1::1,Unknown,0.5,celltypepilot
J6_BP8_Bcell.gencode.vH29,1::1,Unknown,0.5,celltypepilot
M14_B001229.gencode.vH29,1::3,NK cell,1.0,celltypepilot
N14_B002580.gencode.vH29,1::1,Unknown,0.5,celltypepilot
O22_B001226.gencode.vH29,1::1,Unknown,0.5,celltypepilot
O5_BP2_wbc.gencode.vH29,1::1,Unknown,0.5,celltypepilot
A20_BP11_wbc.gencode.vH29,1::1,Unknown,0.5,celltypepilot
A24_BP12_wbc.gencode.vH29,1::3,NK cell,1.0,celltypepilot
A4_BP8_Bcell.gencode.vH29,1::1,Unknown,0.5,celltypepilot
A5_BP8_Bcell.gencode.vH29,1::1,Unknown,0.5,celltypepilot
A6_BP8_Bcell.gencode.vH29,1::1,Unknown,0.5,celltypepilot
A7_BP8_Bcell.gencode.vH29,1::1,Unknown,0.5,celltypepilot
A8_BP8_Bcell.gencode.vH29,1::1,Unknown,0.5,celltypepilot
A9_BP8_Bcell.gencode.vH29,1::1,Unknown,0.5,celltypepilot
B23_BP11_wbc.gencode.vH29,1::1,Unknown,0.5,celltypepilot
B4_BP8_Bcell.gencode.vH29,1::1,Unknown,0.5,celltypepilot
B6_BP8_Bcell.gencode.vH29,1::1,Unknown,0.5,celltypepilot
B7_BP8_Bcell.gencode.vH29,1::1,Unknown,0.5,celltypepilot
B8_BP8_Bcell.gencode.vH29,1::1,Unknown,0.5,celltypepilot
B9_BP8_Bcell.gencode.vH29,1::1,Unknown,0.5,celltypepilot
C1_BP12_wbc.gencode.vH29,1::1,Unknown,0.5,celltypepilot
C5_BP8_Bcell.gencode.vH29,1::1,Unknown,0.5,celltypepilot
C6_BP8_Bcell.gencode.vH29,1::1,Unknown,0.5,celltypepilot
C7_BP8_Bcell.gencode.vH29,1::1,Unknown,0.5,celltypepilot
C8_BP8_Bcell.gencode.vH29,1::1,Unknown,0.5,celltypepilot
C9_BP8_Bcell.gencode.vH29,1::1,Unknown,0.5,celltypepilot
D4_BP8_Bcell.gencode.vH29,1::1,Unknown,0.5,celltypepilot
D5_BP8_Bcell.gencode.vH29,1::1,Unknown,0.5,celltypepilot
D6_BP8_Bcell.gencode.vH29,1::1,Unknown,0.5,celltypepilot
D7_BP8_Bcell.gencode.vH29,1::1,Unknown,0.5,celltypepilot
D8_BP8_Bcell.gencode.vH29,1::1,Unknown,0.5,celltypepilot
D9_BP8_Bcell.gencode.vH29,1::1,Unknown,0.5,celltypepilot
E19_BP11_wbc.gencode.vH29,1::1,Unknown,0.5,celltypepilot
E4_BP8_Bcell.gencode.vH29,1::1,Unknown,0.5,celltypepilot
E5_BP8_Bcell.gencode.vH29,1::3,NK cell,1.0,celltypepilot
E6_BP8_Bcell.gencode.vH29,1::1,Unknown,0.5,celltypepilot
E7_BP8_Bcell.gencode.vH29,1::1,Unknown,0.5,celltypepilot
E8_BP8_Bcell.gencode.vH29,1::1,Unknown,0.5,celltypepilot
E9_BP8_Bcell.gencode.vH29,1::1,Unknown,0.5,celltypepilot
F22_BP11_wbc.gencode.vH29,1::1,Unknown,0.5,celltypepilot
F4_BP8_Bcell.gencode.vH29,1::1,Unknown,0.5,celltypepilot
F5_BP8_Bcell.gencode.vH29,1::1,Unknown,0.5,celltypepilot
F6_BP8_Bcell.gencode.vH29,1::1,Unknown,0.5,celltypepilot
F7_BP8_Bcell.gencode.vH29,1::1,Unknown,0.5,celltypepilot
F8_BP8_Bcell.gencode.vH29,1::1,Unknown,0.5,celltypepilot
F9_BP8_Bcell.gencode.vH29,1::1,Unknown,0.5,celltypepilot
G19_BP11_wbc.gencode.vH29,1::1,Unknown,0.5,celltypepilot
G22_BP11_wbc.gencode.vH29,1::1,Unknown,0.5,celltypepilot
G4_BP8_Bcell.gencode.vH29,1::1,Unknown,0.5,celltypepilot
G5_BP8_Bcell.gencode.vH29,1::1,Unknown,0.5,celltypepilot
G6_BP8_Bcell.gencode.vH29,1::1,Unknown,0.5,celltypepilot
G9_BP8_Bcell.gencode.vH29,1::1,Unknown,0.5,celltypepilot
H22_BP11_wbc.gencode.vH29,1::1,Unknown,0.5,celltypepilot
H3_BP8_Bcell.gencode.vH29,1::1,Unknown,0.5,celltypepilot
H4_BP8_Bcell.gencode.vH29,1::1,Unknown,0.5,celltypepilot
H5_BP8_Bcell.gencode.vH29,1::1,Unknown,0.5,celltypepilot
H6_BP8_Bcell.gencode.vH29,1::1,Unknown,0.5,celltypepilot
H7_BP8_Bcell.gencode.vH29,1::1,Unknown,0.5,celltypepilot
H8_BP8_Bcell.gencode.vH29,1::1,Unknown,0.5,celltypepilot
I22_BP11_wbc.gencode.vH29,1::1,Unknown,0.5,celltypepilot
I3_BP8_Bcell.gencode.vH29,1::1,Unknown,0.5,celltypepilot
I4_BP8_Bcell.gencode.vH29,1::1,Unknown,0.5,celltypepilot
I5_BP8_Bcell.gencode.vH29,1::1,Unknown,0.5,celltypepilot
I6_BP8_Bcell.gencode.vH29,1::1,Unknown,0.5,celltypepilot
I7_BP8_Bcell.gencode.vH29,1::1,Unknown,0.5,celltypepilot
I8_BP8_Bcell.gencode.vH29,1::1,Unknown,0.5,celltypepilot
J3_BP8_Bcell.gencode.vH29,1::1,Unknown,0.5,celltypepilot
J4_BP8_Bcell.gencode.vH29,1::1,Unknown,0.5,celltypepilot
J5_BP8_Bcell.gencode.vH29,1::1,Unknown,0.5,celltypepilot
J7_BP8_Bcell.gencode.vH29,1::1,Unknown,0.5,celltypepilot
J8_BP8_Bcell.gencode.vH29,1::1,Unknown,0.5,celltypepilot
K3_BP8_Bcell.gencode.vH29,1::1,Unknown,0.5,celltypepilot
K4_BP8_Bcell.gencode.vH29,1::1,Unknown,0.5,celltypepilot
K5_BP8_Bcell.gencode.vH29,1::1,Unknown,0.5,celltypepilot
K7_BP8_Bcell.gencode.vH29,1::1,Unknown,0.5,celltypepilot
K8_BP8_Bcell.gencode.vH29,1::1,Unknown,0.5,celltypepilot
L19_BP11_wbc.gencode.vH29,1::1,Unknown,0.5,celltypepilot
L3_BP8_Bcell.gencode.vH29,1::1,Unknown,0.5,celltypepilot
L4_BP8_Bcell.gencode.vH29,1::1,Unknown,0.5,celltypepilot
L5_BP8_Bcell.gencode.vH29,1::1,Unknown,0.5,celltypepilot
L6_BP8_Bcell.gencode.vH29,1::1,Unknown,0.5,celltypepilot
L7_BP8_Bcell.gencode.vH29,1::1,Unknown,0.5,celltypepilot
L8_BP8_Bcell.gencode.vH29,1::1,Unknown,0.5,celltypepilot
M22_BP11_wbc.gencode.vH29,1::1,Unknown,0.5,celltypepilot
M3_BP8_Bcell.gencode.vH29,1::1,Unknown,0.5,celltypepilot
M4_BP8_Bcell.gencode.vH29,1::1,Unknown,0.5,celltypepilot
M5_BP8_Bcell.gencode.vH29,1::1,Unknown,0.5,celltypepilot
M6_BP8_Bcell.gencode.vH29,1::1,Unknown,0.5,celltypepilot
M7_BP8_Bcell.gencode.vH29,1::1,Unknown,0.5,celltypepilot
M8_BP8_Bcell.gencode.vH29,1::1,Unknown,0.5,celltypepilot
N3_BP8_Bcell.gencode.vH29,1::1,Unknown,0.5,celltypepilot
N4_BP8_Bcell.gencode.vH29,1::1,Unknown,0.5,celltypepilot
N5_BP8_Bcell.gencode.vH29,1::1,Unknown,0.5,celltypepilot
N6_BP8_Bcell.gencode.vH29,1::1,Unknown,0.5,celltypepilot
N7_BP8_Bcell.gencode.vH29,1::1,Unknown,0.5,celltypepilot
N8_BP8_Bcell.gencode.vH29,1::1,Unknown,0.5,celltypepilot
O22_BP11_wbc.gencode.vH29,1::1,Unknown,0.5,celltypepilot
O23_BP12_wbc.gencode.vH29,1::1,Unknown,0.5,celltypepilot
O4_BP8_Bcell.gencode.vH29,1::1,Unknown,0.5,celltypepilot
O5_BP8_Bcell.gencode.vH29,1::1,Unknown,0.5,celltypepilot
O6_BP8_Bcell.gencode.vH29,1::1,Unknown,0.5,celltypepilot
O7_BP8_Bcell.gencode.vH29,1::3,NK cell,1.0,celltypepilot
O8_BP8_Bcell.gencode.vH29,1::1,Unknown,0.5,celltypepilot
P1_BP12_wbc.gencode.vH29,1::1,Unknown,0.5,celltypepilot
P24_BP12_wbc.gencode.vH29,1::1,Unknown,0.5,celltypepilot
P3_BP8_Bcell.gencode.vH29,1::1,Unknown,0.5,celltypepilot
P4_BP8_Bcell.gencode.vH29,1::1,Unknown,0.5,celltypepilot
P5_BP8_Bcell.gencode.vH29,1::1,Unknown,0.5,celltypepilot
P6_BP8_Bcell.gencode.vH29,1::1,Unknown,0.5,celltypepilot
P7_BP8_Bcell.gencode.vH29,1::1,Unknown,0.5,celltypepilot
P8_BP8_Bcell.gencode.vH29,1::1,Unknown,0.5,celltypepilot
A10_BP9_monocyte.gencode.vH29,1::1,Unknown,0.5,celltypepilot
A11_BP9_monocyte.gencode.vH29,1::1,Unknown,0.5,celltypepilot
A12_BP9_monocyte.gencode.vH29,1::1,Unknown,0.5,celltypepilot
A13_BP5_wbc.gencode.vH29,1::1,Unknown,0.5,celltypepilot
A20_B001238.gencode.vH29,1::3,NK cell,1.0,celltypepilot
B1_BP1_wbc.gencode.vH29,1::1,Unknown,0.5,celltypepilot
B10_BP9_monocyte.gencode.vH29,1::1,Unknown,0.5,celltypepilot
B11_BP9_monocyte.gencode.vH29,1::1,Unknown,0.5,celltypepilot
B12_BP9_monocyte.gencode.vH29,1::1,Unknown,0.5,celltypepilot
B19_BP11_wbc.gencode.vH29,1::1,Unknown,0.5,celltypepilot
B2_BP12_wbc.gencode.vH29,1::1,Unknown,0.5,celltypepilot
B7_BP3.gencode.vH29,1::1,Unknown,0.5,celltypepilot
B8_BP3.gencode.vH29,1::1,Unknown,0.5,celltypepilot
C10_BP4.gencode.vH29,1::1,Unknown,0.5,celltypepilot
C10_BP9_monocyte.gencode.vH29,1::1,Unknown,0.5,celltypepilot
C11_BP9_monocyte.gencode.vH29,1::1,Unknown,0.5,celltypepilot
C12_BP9_monocyte.gencode.vH29,1::1,Unknown,0.5,celltypepilot
C15_B002592.gencode.vH29,1::1,Unknown,0.5,celltypepilot
C22_B001229.gencode.vH29,1::1,Unknown,0.5,celltypepilot
C7_BP3.gencode.vH29,1::1,Unknown,0.5,celltypepilot
D1_BP1_wbc.gencode.vH29,1::1,Unknown,0.5,celltypepilot
D10_BP4.gencode.vH29,1::1,Unknown,0.5,celltypepilot
D10_BP9_monocyte.gencode.vH29,1::1,Unknown,0.5,celltypepilot
D11_BP9_monocyte.gencode.vH29,1::1,Unknown,0.5,celltypepilot
D12_BP9_monocyte.gencode.vH29,1::1,Unknown,0.5,celltypepilot
D17_B002579.gencode.vH29,1::3,NK cell,1.0,celltypepilot
D2_BP1_wbc.gencode.vH29,1::3,NK cell,1.0,celltypepilot
D20_BP11_wbc.gencode.vH29,1::1,Unknown,0.5,celltypepilot
D21_B001227.gencode.vH29,1::1,Unknown,0.5,celltypepilot
D21_BP11_wbc.gencode.vH29,1::1,Unknown,0.5,celltypepilot
D22_BP11_wbc.gencode.vH29,1::1,Unknown,0.5,celltypepilot
E10_BP9_monocyte.gencode.vH29,1::1,Unknown,0.5,celltypepilot
E11_BP9_monocyte.gencode.vH29,1::1,Unknown,0.5,celltypepilot
E12_BP4.gencode.vH29,1::1,Unknown,0.5,celltypepilot
E16_B002591.gencode.vH29,1::3,NK cell,1.0,celltypepilot
E21_BP11_wbc.gencode.vH29,1::1,Unknown,0.5,celltypepilot
F1_BP12_wbc.gencode.vH29,1::1,Unknown,0.5,celltypepilot
F10_BP9_monocyte.gencode.vH29,1::1,Unknown,0.5,celltypepilot
F11_BP9_monocyte.gencode.vH29,1::1,Unknown,0.5,celltypepilot
F12_BP9_monocyte.gencode.vH29,1::1,Unknown,0.5,celltypepilot
F13_B002591.gencode.vH29,1::1,Unknown,0.5,celltypepilot
F14_BP5_wbc.gencode.vH29,1::1,Unknown,0.5,celltypepilot
G1_BP12_wbc.gencode.vH29,1::1,Unknown,0.5,celltypepilot
G10_BP9_monocyte.gencode.vH29,1::1,Unknown,0.5,celltypepilot
G11_BP9_monocyte.gencode.vH29,1::1,Unknown,0.5,celltypepilot
G12_BP9_monocyte.gencode.vH29,1::1,Unknown,0.5,celltypepilot
G14_B001228.gencode.vH29,1::1,Unknown,0.5,celltypepilot
G5_BP2_wbc.gencode.vH29,1::1,Unknown,0.5,celltypepilot
G9_BP3.gencode.vH29,1::1,Unknown,0.5,celltypepilot
H1_BP1_wbc.gencode.vH29,1::1,Unknown,0.5,celltypepilot
H10_BP4.gencode.vH29,1::1,Unknown,0.5,celltypepilot
H10_BP9_monocyte.gencode.vH29,1::1,Unknown,0.5,celltypepilot
H11_BP4.gencode.vH29,1::1,Unknown,0.5,celltypepilot
H11_BP9_monocyte.gencode.vH29,1::1,Unknown,0.5,celltypepilot
H12_BP9_monocyte.gencode.vH29,1::1,Unknown,0.5,celltypepilot
H9_BP9_monocyte.gencode.vH29,1::1,Unknown,0.5,celltypepilot
I10_BP9_monocyte.gencode.vH29,1::1,Unknown,0.5,celltypepilot
I11_BP9_monocyte.gencode.vH29,1::1,Unknown,0.5,celltypepilot
I12_BP9_monocyte.gencode.vH29,1::1,Unknown,0.5,celltypepilot
I18_BP11_wbc.gencode.vH29,1::1,Unknown,0.5,celltypepilot
I3_BP1_wbc.gencode.vH29,1::1,Unknown,0.5,celltypepilot
I9_BP9_monocyte.gencode.vH29,1::1,Unknown,0.5,celltypepilot
J1_BP1_wbc.gencode.vH29,1::1,Unknown,0.5,celltypepilot
J10_BP4.gencode.vH29,1::1,Unknown,0.5,celltypepilot
J11_BP9_monocyte.gencode.vH29,1::1,Unknown,0.5,celltypepilot
J13_BP5_wbc.gencode.vH29,1::1,Unknown,0.5,celltypepilot
J20_BP11_wbc.gencode.vH29,1::1,Unknown,0.5,celltypepilot
J9_BP3.gencode.vH29,1::1,Unknown,0.5,celltypepilot
J9_BP9_monocyte.gencode.vH29,1::1,Unknown,0.5,celltypepilot
K10_BP9_monocyte.gencode.vH29,1::1,Unknown,0.5,celltypepilot
K12_B002579.gencode.vH29,1::1,Unknown,0.5,celltypepilot
K13_BP5_wbc.gencode.vH29,1::1,Unknown,0.5,celltypepilot
K6_BP2_wbc.gencode.vH29,1::1,Unknown,0.5,celltypepilot
K9_BP9_monocyte.gencode.vH29,1::1,Unknown,0.5,celltypepilot
L10_BP9_monocyte.gencode.vH29,1::1,Unknown,0.5,celltypepilot
L11_BP9_monocyte.gencode.vH29,1::1,Unknown,0.5,celltypepilot
L21_B001227.gencode.vH29,1::1,Unknown,0.5,celltypepilot
L22_B002593.gencode.vH29,1::3,NK cell,1.0,celltypepilot
L8_BP3.gencode.vH29,1::1,Unknown,0.5,celltypepilot
L9_BP9_monocyte.gencode.vH29,1::1,Unknown,0.5,celltypepilot
M10_BP9_monocyte.gencode.vH29,1::1,Unknown,0.5,celltypepilot
M11_BP9_monocyte.gencode.vH29,1::1,Unknown,0.5,celltypepilot
M15_B001238.gencode.vH29,1::1,Unknown,0.5,celltypepilot
M22_B001228.gencode.vH29,1::1,Unknown,0.5,celltypepilot
M23_BP12_wbc.gencode.vH29,1::1,Unknown,0.5,celltypepilot
M8_BP3.gencode.vH29,1::1,Unknown,0.5,celltypepilot
N10_BP4.gencode.vH29,1::1,Unknown,0.5,celltypepilot
N10_BP9_monocyte.gencode.vH29,1::1,Unknown,0.5,celltypepilot
N11_BP4.gencode.vH29,1::3,NK cell,1.0,celltypepilot
N11_BP9_monocyte.gencode.vH29,1::1,Unknown,0.5,celltypepilot
N12_BP5_wbc.gencode.vH29,1::1,Unknown,0.5,celltypepilot
N9_BP3.gencode.vH29,1::1,Unknown,0.5,celltypepilot
N9_BP9_monocyte.gencode.vH29,1::1,Unknown,0.5,celltypepilot
O10_BP9_monocyte.gencode.vH29,1::1,Unknown,0.5,celltypepilot
O11_BP9_monocyte.gencode.vH29,1::1,Unknown,0.5,celltypepilot
O15_B001228.gencode.vH29,1::1,Unknown,0.5,celltypepilot
O9_BP3.gencode.vH29,1::1,Unknown,0.5,celltypepilot
O9_BP9_monocyte.gencode.vH29,1::1,Unknown,0.5,celltypepilot
P10_BP9_monocyte.gencode.vH29,1::1,Unknown,0.5,celltypepilot
P11_BP9_monocyte.gencode.vH29,1::1,Unknown,0.5,celltypepilot
P12_BP5_wbc.gencode.vH29,1::1,Unknown,0.5,celltypepilot
P6_BP2_wbc.gencode.vH29,1::1,Unknown,0.5,celltypepilot
P9_BP9_monocyte.gencode.vH29,1::1,Unknown,0.5,celltypepilot
B12_B001238.gencode.vH29,1::3,NK cell,1.0,celltypepilot
D20_B002579.gencode.vH29,1::3,NK cell,1.0,celltypepilot
M16_B001238.gencode.vH29,1::3,NK cell,1.0,celltypepilot
A14_B002579.gencode.vH29,1::3,NK cell,1.0,celltypepilot
A15_B002593.gencode.vH29,1::3,NK cell,1.0,celltypepilot
B13_BP5_wbc.gencode.vH29,1::3,NK cell,1.0,celltypepilot
B5_BP2_wbc.gencode.vH29,1::3,NK cell,1.0,celltypepilot
C12_BP4.gencode.vH29,1::3,NK cell,1.0,celltypepilot
C2_BP12_wbc.gencode.vH29,1::1,Unknown,0.5,celltypepilot
D16_B002578.gencode.vH29,1::0,Capillary endothelial cell,1.0,celltypepilot
E11_BP4.gencode.vH29,1::1,Unknown,0.5,celltypepilot
E12_BP9_monocyte.gencode.vH29,1::1,Unknown,0.5,celltypepilot
F7_BP3.gencode.vH29,1::3,NK cell,1.0,celltypepilot
G11_BP4.gencode.vH29,1::1,Unknown,0.5,celltypepilot
H20_B001238.gencode.vH29,1::3,NK cell,1.0,celltypepilot
I21_BP11_wbc.gencode.vH29,1::3,NK cell,1.0,celltypepilot
I8_BP3.gencode.vH29,1::3,NK cell,1.0,celltypepilot
J10_BP9_monocyte.gencode.vH29,1::1,Unknown,0.5,celltypepilot
J14_BP5_wbc.gencode.vH29,1::3,NK cell,1.0,celltypepilot
J7_BP3.gencode.vH29,1::3,NK cell,1.0,celltypepilot
K11_BP9_monocyte.gencode.vH29,1::1,Unknown,0.5,celltypepilot
L16_B001226.gencode.vH29,1::3,NK cell,1.0,celltypepilot
L5_BP2_wbc.gencode.vH29,1::3,NK cell,1.0,celltypepilot
M9_BP9_monocyte.gencode.vH29,1::1,Unknown,0.5,celltypepilot
N20_B001229.gencode.vH29,1::3,NK cell,1.0,celltypepilot
G12_B001223.gencode.vH29,1::3,NK cell,1.0,celltypepilot
K20_B001235.gencode.vH29,1::2,Club cell,1.0,celltypepilot
C16_B001224.gencode.vH29,1::4,Bronchial smooth muscle cell,1.0,celltypepilot
C19_B001239.gencode.vH29,1::4,Bronchial smooth muscle cell,1.0,celltypepilot
C4_B001225.gencode.vH29,1::4,Bronchial smooth muscle cell,1.0,celltypepilot
C6_B001223.gencode.vH29,1::4,Bronchial smooth muscle cell,1.0,celltypepilot
C7_B001227.gencode.vH29,1::4,Bronchial smooth muscle cell,1.0,celltypepilot
E2_B001224.gencode.vH29,1::4,Bronchial smooth muscle cell,1.0,celltypepilot
F10_B001225.gencode.vH29,1::2,Club cell,1.0,celltypepilot
F9_B001239.gencode.vH29,1::4,Bronchial smooth muscle cell,1.0,celltypepilot
G3_B002591.gencode.vH29,1::4,Bronchial smooth muscle cell,1.0,celltypepilot
I7_B001223.gencode.vH29,1::4,Bronchial smooth muscle cell,1.0,celltypepilot
J1_B001227.gencode.vH29,1::4,Bronchial smooth muscle cell,1.0,celltypepilot
J22_B001224.gencode.vH29,1::4,Bronchial smooth muscle cell,1.0,celltypepilot
J8_B001228.gencode.vH29,1::4,Bronchial smooth muscle cell,1.0,celltypepilot
J9_B002579.gencode.vH29,1::4,Bronchial smooth muscle cell,1.0,celltypepilot
K16_B001224.gencode.vH29,1::4,Bronchial smooth muscle cell,1.0,celltypepilot
L11_B001224.gencode.vH29,1::4,Bronchial smooth muscle cell,1.0,celltypepilot
L15_B001224.gencode.vH29,1::1,Unknown,0.5,celltypepilot
M18_B001239.gencode.vH29,1::4,Bronchial smooth muscle cell,1.0,celltypepilot
O3_B001226.gencode.vH29,1::4,Bronchial smooth muscle cell,1.0,celltypepilot
P16_B001224.gencode.vH29,1::4,Bronchial smooth muscle cell,1.0,celltypepilot
A18_BP6_cd4.gencode.vH29,1::1,Unknown,0.5,celltypepilot
A20_B001226.gencode.vH29,1::3,NK cell,1.0,celltypepilot
F21_BP11_wbc.gencode.vH29,1::3,NK cell,1.0,celltypepilot
H19_BP6_cd4.gencode.vH29,1::1,Unknown,0.5,celltypepilot
L15_B001229.gencode.vH29,1::3,NK cell,1.0,celltypepilot
P16_BP6_cd4.gencode.vH29,1::1,Unknown,0.5,celltypepilot
P19_B002586.gencode.vH29,1::3,NK cell,1.0,celltypepilot
E14_B002580.gencode.vH29,1::3,NK cell,1.0,celltypepilot
E22_B002586.gencode.vH29,1::3,NK cell,1.0,celltypepilot
G15_B002586.gencode.vH29,1::2,Club cell,1.0,celltypepilot
H19_B002591.gencode.vH29,1::3,NK cell,1.0,celltypepilot
J18_B001228.gencode.vH29,1::2,Club cell,1.0,celltypepilot
K16_B002579.gencode.vH29,1::1,Unknown,0.5,celltypepilot
L15_B001226.gencode.vH29,1::2,Club cell,1.0,celltypepilot
L17_B001238.gencode.vH29,1::3,NK cell,1.0,celltypepilot
M18_B002592.gencode.vH29,1::3,NK cell,1.0,celltypepilot
N18_B002586.gencode.vH29,1::3,NK cell,1.0,celltypepilot
A17_B001238.gencode.vH29,1::3,NK cell,1.0,celltypepilot
A20_B001229.gencode.vH29,1::3,NK cell,1.0,celltypepilot
A22_B002586.gencode.vH29,1::3,NK cell,1.0,celltypepilot
B13_B001229.gencode.vH29,1::2,Club cell,1.0,celltypepilot
B19_B002592.gencode.vH29,1::1,Unknown,0.5,celltypepilot
B20_B002578.gencode.vH29,1::3,NK cell,1.0,celltypepilot
B22_B002593.gencode.vH29,1::3,NK cell,1.0,celltypepilot
C5_B001235.gencode.vH29,1::3,NK cell,1.0,celltypepilot
E20_B002579.gencode.vH29,1::3,NK cell,1.0,celltypepilot
E21_B002586.gencode.vH29,1::3,NK cell,1.0,celltypepilot
F15_B002592.gencode.vH29,1::3,NK cell,1.0,celltypepilot
F17_B002578.gencode.vH29,1::3,NK cell,1.0,celltypepilot
G15_B001226.gencode.vH29,1::3,NK cell,1.0,celltypepilot
H13_B002592.gencode.vH29,1::3,NK cell,1.0,celltypepilot
H17_B001238.gencode.vH29,1::1,Unknown,0.5,celltypepilot
H19_B002586.gencode.vH29,1::3,NK cell,1.0,celltypepilot
I17_B001234.gencode.vH29,1::3,NK cell,1.0,celltypepilot
J16_B002591.gencode.vH29,1::3,NK cell,1.0,celltypepilot
K14_B001229.gencode.vH29,1::2,Club cell,1.0,celltypepilot
M21_B002578.gencode.vH29,1::1,Unknown,0.5,celltypepilot
M22_B001238.gencode.vH29,1::3,NK cell,1.0,celltypepilot
O22_B001227.gencode.vH29,1::3,NK cell,1.0,celltypepilot
P12_B001227.gencode.vH29,1::3,NK cell,1.0,celltypepilot
P15_B002593.gencode.vH29,1::3,NK cell,1.0,celltypepilot
P17_B002593.gencode.vH29,1::3,NK cell,1.0,celltypepilot
A18_B001223.gencode.vH29,1::2,Club cell,1.0,celltypepilot
A18_B001234.gencode.vH29,1::5,Club cell,1.0,celltypepilot
A6_B001237.gencode.vH29,1::5,Club cell,1.0,celltypepilot
A9_B001225.gencode.vH29,1::5,Club cell,1.0,celltypepilot
B15_B001225.gencode.vH29,1::5,Club cell,1.0,celltypepilot
B17_B001223.gencode.vH29,1::2,Club cell,1.0,celltypepilot
B9_B001237.gencode.vH29,1::2,Club cell,1.0,celltypepilot
C15_B001234.gencode.vH29,1::2,Club cell,1.0,celltypepilot
C19_B001225.gencode.vH29,1::1,Unknown,0.5,celltypepilot
C2_B001222.gencode.vH29,1::1,Unknown,0.5,celltypepilot
C2_B001223.gencode.vH29,1::5,Club cell,1.0,celltypepilot
C21_B001234.gencode.vH29,1::5,Club cell,1.0,celltypepilot
C22_B001234.gencode.vH29,1::5,Club cell,1.0,celltypepilot
C4_B001223.gencode.vH29,1::2,Club cell,1.0,celltypepilot
C5_B001223.gencode.vH29,1::2,Club cell,1.0,celltypepilot
C6_B001222.gencode.vH29,1::2,Club cell,1.0,celltypepilot
C8_B001225.gencode.vH29,1::5,Club cell,1.0,celltypepilot
D12_B001234.gencode.vH29,1::5,Club cell,1.0,celltypepilot
D15_B001222.gencode.vH29,1::2,Club cell,1.0,celltypepilot
D21_B001237.gencode.vH29,1::1,Unknown,0.5,celltypepilot
D22_B001225.gencode.vH29,1::5,Club cell,1.0,celltypepilot
D7_B001224.gencode.vH29,1::2,Club cell,1.0,celltypepilot
D8_B001234.gencode.vH29,1::5,Club cell,1.0,celltypepilot
E12_B001222.gencode.vH29,1::2,Club cell,1.0,celltypepilot
E16_B001225.gencode.vH29,1::5,Club cell,1.0,celltypepilot
E20_B001237.gencode.vH29,1::5,Club cell,1.0,celltypepilot
F13_B001235.gencode.vH29,1::5,Club cell,1.0,celltypepilot
F15_B001235.gencode.vH29,1::5,Club cell,1.0,celltypepilot
F17_B001225.gencode.vH29,1::5,Club cell,1.0,celltypepilot
F21_B001235.gencode.vH29,1::2,Club cell,1.0,celltypepilot
G11_B001229.gencode.vH29,1::2,Club cell,1.0,celltypepilot
G3_B001234.gencode.vH29,1::5,Club cell,1.0,celltypepilot
G8_B002580.gencode.vH29,1::5,Club cell,1.0,celltypepilot
H2_B001222.gencode.vH29,1::2,Club cell,1.0,celltypepilot
I20_B001237.gencode.vH29,1::5,Club cell,1.0,celltypepilot
I6_B001222.gencode.vH29,1::2,Club cell,1.0,celltypepilot
J10_B001222.gencode.vH29,1::2,Club cell,1.0,celltypepilot
J12_B001235.gencode.vH29,1::2,Club cell,1.0,celltypepilot
J16_B001223.gencode.vH29,1::2,Club cell,1.0,celltypepilot
J20_B001235.gencode.vH29,1::2,Club cell,1.0,celltypepilot
L19_B001223.gencode.vH29,1::2,Club cell,1.0,celltypepilot
M14_B001234.gencode.vH29,1::5,Club cell,1.0,celltypepilot
M22_B001234.gencode.vH29,1::5,Club cell,1.0,celltypepilot
N1_B001224.gencode.vH29,1::5,Club cell,1.0,celltypepilot
O1_B001239.gencode.vH29,1::2,Club cell,1.0,celltypepilot
O16_B001237.gencode.vH29,1::5,Club cell,1.0,celltypepilot
O18_B001235.gencode.vH29,1::5,Club cell,1.0,celltypepilot
O3_B001237.gencode.vH29,1::5,Club cell,1.0,celltypepilot
P2_B001222.gencode.vH29,1::2,Club cell,1.0,celltypepilot
P5_B001235.gencode.vH29,1::5,Club cell,1.0,celltypepilot
A1_B001773.gencode.vH29,3::2,Alveolar type 2 cell,1.0,celltypepilot
A3_B001773.gencode.vH29,3::2,Alveolar type 2 cell,1.0,celltypepilot
A3_B003269.gencode.vH29,3::2,Alveolar type 2 cell,1.0,celltypepilot
A4_B001773.gencode.vH29,3::2,Alveolar type 2 cell,1.0,celltypepilot
A4_B002460.gencode.vH29,3::2,Alveolar type 2 cell,1.0,celltypepilot
A6_B003269.gencode.vH29,3::2,Alveolar type 2 cell,1.0,celltypepilot
A7_B003269.gencode.vH29,3::2,Alveolar type 2 cell,1.0,celltypepilot
B2_B001769.gencode.vH29,3::2,Alveolar type 2 cell,1.0,celltypepilot
B2_B001773.gencode.vH29,3::2,Alveolar type 2 cell,1.0,celltypepilot
B2_B003269.gencode.vH29,3::2,Alveolar type 2 cell,1.0,celltypepilot
B4_B003269.gencode.vH29,3::2,Alveolar type 2 cell,1.0,celltypepilot
B8_B003269.gencode.vH29,3::2,Alveolar type 2 cell,1.0,celltypepilot
C2_B002461.gencode.vH29,3::2,Alveolar type 2 cell,1.0,celltypepilot
C4_B003269.gencode.vH29,3::2,Alveolar type 2 cell,1.0,celltypepilot
C5_B001771.gencode.vH29,3::2,Alveolar type 2 cell,1.0,celltypepilot
C6_B001769.gencode.vH29,3::2,Alveolar type 2 cell,1.0,celltypepilot
C8_B003269.gencode.vH29,3::2,Alveolar type 2 cell,1.0,celltypepilot
D2_B001773.gencode.vH29,3::2,Alveolar type 2 cell,1.0,celltypepilot
D4_B002460.gencode.vH29,3::2,Alveolar type 2 cell,1.0,celltypepilot
D4_B002461.gencode.vH29,3::2,Alveolar type 2 cell,1.0,celltypepilot
D4_B003269.gencode.vH29,3::2,Alveolar type 2 cell,1.0,celltypepilot
D6_B002464.gencode.vH29,3::2,Alveolar type 2 cell,1.0,celltypepilot
D8_B002464.gencode.vH29,3::2,Alveolar type 2 cell,1.0,celltypepilot
E1_B002460.gencode.vH29,3::2,Alveolar type 2 cell,1.0,celltypepilot
E4_B002460.gencode.vH29,3::2,Alveolar type 2 cell,1.0,celltypepilot
E6_B003269.gencode.vH29,3::2,Alveolar type 2 cell,1.0,celltypepilot
E8_B002464.gencode.vH29,3::2,Alveolar type 2 cell,1.0,celltypepilot
F1_B003269.gencode.vH29,3::2,Alveolar type 2 cell,1.0,celltypepilot
F2_B001772.gencode.vH29,3::2,Alveolar type 2 cell,1.0,celltypepilot
F4_B003269.gencode.vH29,3::2,Alveolar type 2 cell,1.0,celltypepilot
F7_B001773.gencode.vH29,3::2,Alveolar type 2 cell,1.0,celltypepilot
F8_B003269.gencode.vH29,3::2,Alveolar type 2 cell,1.0,celltypepilot
G1_B001772.gencode.vH29,3::2,Alveolar type 2 cell,1.0,celltypepilot
G1_B003269.gencode.vH29,3::2,Alveolar type 2 cell,1.0,celltypepilot
G3_B001772.gencode.vH29,3::2,Alveolar type 2 cell,1.0,celltypepilot
G3_B002460.gencode.vH29,3::2,Alveolar type 2 cell,1.0,celltypepilot
G5_B001773.gencode.vH29,3::2,Alveolar type 2 cell,1.0,celltypepilot
G6_B003269.gencode.vH29,3::2,Alveolar type 2 cell,1.0,celltypepilot
G7_B001769.gencode.vH29,3::2,Alveolar type 2 cell,1.0,celltypepilot
G7_B002460.gencode.vH29,3::2,Alveolar type 2 cell,1.0,celltypepilot
G7_B003269.gencode.vH29,3::4,Capillary endothelial cell,1.0,celltypepilot
G8_B001773.gencode.vH29,3::2,Alveolar type 2 cell,1.0,celltypepilot
G8_B003269.gencode.vH29,3::2,Alveolar type 2 cell,1.0,celltypepilot
H3_B002460.gencode.vH29,3::2,Alveolar type 2 cell,1.0,celltypepilot
H3_B003269.gencode.vH29,3::2,Alveolar type 2 cell,1.0,celltypepilot
H6_B001771.gencode.vH29,3::2,Alveolar type 2 cell,1.0,celltypepilot
H6_B003269.gencode.vH29,3::2,Alveolar type 2 cell,1.0,celltypepilot
H8_B002460.gencode.vH29,3::2,Alveolar type 2 cell,1.0,celltypepilot
I2_B001771.gencode.vH29,3::2,Alveolar type 2 cell,1.0,celltypepilot
I3_B001774.gencode.vH29,3::2,Alveolar type 2 cell,1.0,celltypepilot
I3_B002461.gencode.vH29,3::2,Alveolar type 2 cell,1.0,celltypepilot
I4_B001772.gencode.vH29,3::2,Alveolar type 2 cell,1.0,celltypepilot
I5_B003269.gencode.vH29,3::2,Alveolar type 2 cell,1.0,celltypepilot
I6_B001771.gencode.vH29,3::2,Alveolar type 2 cell,1.0,celltypepilot
I6_B002460.gencode.vH29,3::2,Alveolar type 2 cell,1.0,celltypepilot
I6_B002464.gencode.vH29,3::2,Alveolar type 2 cell,1.0,celltypepilot
I8_B002460.gencode.vH29,3::2,Alveolar type 2 cell,1.0,celltypepilot
I8_B002461.gencode.vH29,3::2,Alveolar type 2 cell,1.0,celltypepilot
J3_B002461.gencode.vH29,3::2,Alveolar type 2 cell,1.0,celltypepilot
J3_B003269.gencode.vH29,3::2,Alveolar type 2 cell,1.0,celltypepilot
J4_B002461.gencode.vH29,3::2,Alveolar type 2 cell,1.0,celltypepilot
J4_B002464.gencode.vH29,3::2,Alveolar type 2 cell,1.0,celltypepilot
J5_B002460.gencode.vH29,3::2,Alveolar type 2 cell,1.0,celltypepilot
J5_B002464.gencode.vH29,3::2,Alveolar type 2 cell,1.0,celltypepilot
J6_B001773.gencode.vH29,3::2,Alveolar type 2 cell,1.0,celltypepilot
J7_B001773.gencode.vH29,3::2,Alveolar type 2 cell,1.0,celltypepilot
K1_B001774.gencode.vH29,3::2,Alveolar type 2 cell,1.0,celltypepilot
K2_B002460.gencode.vH29,3::2,Alveolar type 2 cell,1.0,celltypepilot
K3_B002461.gencode.vH29,3::2,Alveolar type 2 cell,1.0,celltypepilot
K5_B001771.gencode.vH29,3::2,Alveolar type 2 cell,1.0,celltypepilot
K5_B001773.gencode.vH29,3::2,Alveolar type 2 cell,1.0,celltypepilot
K5_B002460.gencode.vH29,3::2,Alveolar type 2 cell,1.0,celltypepilot
K6_B003269.gencode.vH29,3::2,Alveolar type 2 cell,1.0,celltypepilot
K7_B001774.gencode.vH29,3::2,Alveolar type 2 cell,1.0,celltypepilot
K7_B002460.gencode.vH29,3::2,Alveolar type 2 cell,1.0,celltypepilot
L4_B003269.gencode.vH29,3::4,Capillary endothelial cell,1.0,celltypepilot
L8_B002460.gencode.vH29,3::2,Alveolar type 2 cell,1.0,celltypepilot
M1_B002460.gencode.vH29,3::2,Alveolar type 2 cell,1.0,celltypepilot
M2_B002460.gencode.vH29,3::2,Alveolar type 2 cell,1.0,celltypepilot
M3_B003269.gencode.vH29,3::2,Alveolar type 2 cell,1.0,celltypepilot
M4_B002460.gencode.vH29,3::2,Alveolar type 2 cell,1.0,celltypepilot
M4_B003269.gencode.vH29,3::2,Alveolar type 2 cell,1.0,celltypepilot
M6_B001774.gencode.vH29,3::2,Alveolar type 2 cell,1.0,celltypepilot
M8_B001772.gencode.vH29,3::2,Alveolar type 2 cell,1.0,celltypepilot
M8_B003269.gencode.vH29,3::2,Alveolar type 2 cell,1.0,celltypepilot
N2_B001773.gencode.vH29,3::2,Alveolar type 2 cell,1.0,celltypepilot
N3_B001773.gencode.vH29,3::2,Alveolar type 2 cell,1.0,celltypepilot
N3_B002460.gencode.vH29,3::2,Alveolar type 2 cell,1.0,celltypepilot
N3_B002461.gencode.vH29,3::2,Alveolar type 2 cell,1.0,celltypepilot
N3_B002464.gencode.vH29,3::2,Alveolar type 2 cell,1.0,celltypepilot
N5_B003269.gencode.vH29,3::2,Alveolar type 2 cell,1.0,celltypepilot
N6_B001773.gencode.vH29,3::2,Alveolar type 2 cell,1.0,celltypepilot
N6_B003269.gencode.vH29,3::2,Alveolar type 2 cell,1.0,celltypepilot
N7_B002460.gencode.vH29,3::2,Alveolar type 2 cell,1.0,celltypepilot
N8_B002460.gencode.vH29,3::2,Alveolar type 2 cell,1.0,celltypepilot
O2_B002460.gencode.vH29,3::2,Alveolar type 2 cell,1.0,celltypepilot
O2_B003269.gencode.vH29,3::2,Alveolar type 2 cell,1.0,celltypepilot
O3_B003269.gencode.vH29,3::2,Alveolar type 2 cell,1.0,celltypepilot
O6_B001774.gencode.vH29,3::2,Alveolar type 2 cell,1.0,celltypepilot
P1_B003269.gencode.vH29,3::2,Alveolar type 2 cell,1.0,celltypepilot
P4_B001773.gencode.vH29,3::2,Alveolar type 2 cell,1.0,celltypepilot
P6_B003269.gencode.vH29,3::2,Alveolar type 2 cell,1.0,celltypepilot
P4_B002461.gencode.vH29,3::4,Capillary endothelial cell,1.0,celltypepilot
C8_B002460.gencode.vH29,3::1,Fibroblast,1.0,celltypepilot
E5_B003269.gencode.vH29,3::2,Alveolar type 2 cell,1.0,celltypepilot
K1_B002460.gencode.vH29,3::2,Alveolar type 2 cell,1.0,celltypepilot
G2_B003269.gencode.vH29,3::2,Alveolar type 2 cell,1.0,celltypepilot
D5_B003269.gencode.vH29,3::2,Alveolar type 2 cell,1.0,celltypepilot
A6_B001773.gencode.vH29,3::2,Alveolar type 2 cell,1.0,celltypepilot
A6_B002461.gencode.vH29,3::2,Alveolar type 2 cell,1.0,celltypepilot
A8_B001773.gencode.vH29,3::2,Alveolar type 2 cell,1.0,celltypepilot
B8_B001773.gencode.vH29,3::2,Alveolar type 2 cell,1.0,celltypepilot
B8_B002461.gencode.vH29,3::2,Alveolar type 2 cell,1.0,celltypepilot
C3_B001773.gencode.vH29,3::2,Alveolar type 2 cell,1.0,celltypepilot
C4_B002461.gencode.vH29,3::2,Alveolar type 2 cell,1.0,celltypepilot
C5_B001774.gencode.vH29,3::2,Alveolar type 2 cell,1.0,celltypepilot
C5_B002461.gencode.vH29,3::2,Alveolar type 2 cell,1.0,celltypepilot
C7_B002461.gencode.vH29,3::2,Alveolar type 2 cell,1.0,celltypepilot
C8_B001771.gencode.vH29,3::2,Alveolar type 2 cell,1.0,celltypepilot
C8_B002461.gencode.vH29,3::2,Alveolar type 2 cell,1.0,celltypepilot
D1_B001773.gencode.vH29,3::2,Alveolar type 2 cell,1.0,celltypepilot
D6_B001773.gencode.vH29,3::2,Alveolar type 2 cell,1.0,celltypepilot
D6_B002460.gencode.vH29,3::2,Alveolar type 2 cell,1.0,celltypepilot
D7_B001773.gencode.vH29,3::2,Alveolar type 2 cell,1.0,celltypepilot
D7_B002461.gencode.vH29,3::4,Capillary endothelial cell,1.0,celltypepilot
E3_B002460.gencode.vH29,3::2,Alveolar type 2 cell,1.0,celltypepilot
E4_B002461.gencode.vH29,3::2,Alveolar type 2 cell,1.0,celltypepilot
E8_B001773.gencode.vH29,3::2,Alveolar type 2 cell,1.0,celltypepilot
F3_B002461.gencode.vH29,3::2,Alveolar type 2 cell,1.0,celltypepilot
F4_B001772.gencode.vH29,3::2,Alveolar type 2 cell,1.0,celltypepilot
F4_B001773.gencode.vH29,3::2,Alveolar type 2 cell,1.0,celltypepilot
F8_B001773.gencode.vH29,3::2,Alveolar type 2 cell,1.0,celltypepilot
F8_B002461.gencode.vH29,3::2,Alveolar type 2 cell,1.0,celltypepilot
G1_B002461.gencode.vH29,3::2,Alveolar type 2 cell,1.0,celltypepilot
G3_B003269.gencode.vH29,3::2,Alveolar type 2 cell,1.0,celltypepilot
G5_B002460.gencode.vH29,3::2,Alveolar type 2 cell,1.0,celltypepilot
G5_B003269.gencode.vH29,3::2,Alveolar type 2 cell,1.0,celltypepilot
G6_B001773.gencode.vH29,3::2,Alveolar type 2 cell,1.0,celltypepilot
G6_B002460.gencode.vH29,3::2,Alveolar type 2 cell,1.0,celltypepilot
G8_B002460.gencode.vH29,3::2,Alveolar type 2 cell,1.0,celltypepilot
H2_B002461.gencode.vH29,3::2,Alveolar type 2 cell,1.0,celltypepilot
H7_B002460.gencode.vH29,3::2,Alveolar type 2 cell,1.0,celltypepilot
H8_B001773.gencode.vH29,3::2,Alveolar type 2 cell,1.0,celltypepilot
I1_B003269.gencode.vH29,3::2,Alveolar type 2 cell,1.0,celltypepilot
I5_B001773.gencode.vH29,3::2,Alveolar type 2 cell,1.0,celltypepilot
I5_B002461.gencode.vH29,3::2,Alveolar type 2 cell,1.0,celltypepilot
I6_B001772.gencode.vH29,3::2,Alveolar type 2 cell,1.0,celltypepilot
I7_B001773.gencode.vH29,3::2,Alveolar type 2 cell,1.0,celltypepilot
I8_B001773.gencode.vH29,3::2,Alveolar type 2 cell,1.0,celltypepilot
J1_B002461.gencode.vH29,3::2,Alveolar type 2 cell,1.0,celltypepilot
J2_B002461.gencode.vH29,3::2,Alveolar type 2 cell,1.0,celltypepilot
J4_B001773.gencode.vH29,3::2,Alveolar type 2 cell,1.0,celltypepilot
K2_B002461.gencode.vH29,3::2,Alveolar type 2 cell,1.0,celltypepilot
K5_B002461.gencode.vH29,3::2,Alveolar type 2 cell,1.0,celltypepilot
K7_B001773.gencode.vH29,3::2,Alveolar type 2 cell,1.0,celltypepilot
L3_B001772.gencode.vH29,3::2,Alveolar type 2 cell,1.0,celltypepilot
L4_B002461.gencode.vH29,3::2,Alveolar type 2 cell,1.0,celltypepilot
L5_B001769.gencode.vH29,3::2,Alveolar type 2 cell,1.0,celltypepilot
L6_B001773.gencode.vH29,3::2,Alveolar type 2 cell,1.0,celltypepilot
L6_B001774.gencode.vH29,3::2,Alveolar type 2 cell,1.0,celltypepilot
L8_B001773.gencode.vH29,3::2,Alveolar type 2 cell,1.0,celltypepilot
M1_B002461.gencode.vH29,3::2,Alveolar type 2 cell,1.0,celltypepilot
M2_B001771.gencode.vH29,3::2,Alveolar type 2 cell,1.0,celltypepilot
M4_B002461.gencode.vH29,3::2,Alveolar type 2 cell,1.0,celltypepilot
N1_B001773.gencode.vH29,3::2,Alveolar type 2 cell,1.0,celltypepilot
N4_B001773.gencode.vH29,3::2,Alveolar type 2 cell,1.0,celltypepilot
N4_B002461.gencode.vH29,3::2,Alveolar type 2 cell,1.0,celltypepilot
N5_B002461.gencode.vH29,3::2,Alveolar type 2 cell,1.0,celltypepilot
O2_B001773.gencode.vH29,3::2,Alveolar type 2 cell,1.0,celltypepilot
O3_B001773.gencode.vH29,3::2,Alveolar type 2 cell,1.0,celltypepilot
O3_B002461.gencode.vH29,3::2,Alveolar type 2 cell,1.0,celltypepilot
O4_B001772.gencode.vH29,3::2,Alveolar type 2 cell,1.0,celltypepilot
O6_B001773.gencode.vH29,3::2,Alveolar type 2 cell,1.0,celltypepilot
O8_B002461.gencode.vH29,3::2,Alveolar type 2 cell,1.0,celltypepilot
P6_B001773.gencode.vH29,3::2,Alveolar type 2 cell,1.0,celltypepilot
P7_B001773.gencode.vH29,3::2,Alveolar type 2 cell,1.0,celltypepilot
P7_B002461.gencode.vH29,3::2,Alveolar type 2 cell,1.0,celltypepilot
P8_B002461.gencode.vH29,3::2,Alveolar type 2 cell,1.0,celltypepilot
B5_B002460.gencode.vH29,3::2,Alveolar type 2 cell,1.0,celltypepilot
G1_B001769.gencode.vH29,3::2,Alveolar type 2 cell,1.0,celltypepilot
H6_B001774.gencode.vH29,3::4,Capillary endothelial cell,1.0,celltypepilot
I2_B001774.gencode.vH29,3::0,Alveolar type 1 cell,1.0,celltypepilot
I3_B001771.gencode.vH29,3::2,Alveolar type 2 cell,1.0,celltypepilot
A3_B001772.gencode.vH29,3::2,Alveolar type 2 cell,1.0,celltypepilot
A3_B002460.gencode.vH29,3::2,Alveolar type 2 cell,1.0,celltypepilot
A4_B003269.gencode.vH29,3::2,Alveolar type 2 cell,1.0,celltypepilot
A5_B001774.gencode.vH29,3::2,Alveolar type 2 cell,1.0,celltypepilot
A6_B001774.gencode.vH29,3::2,Alveolar type 2 cell,1.0,celltypepilot
A7_B002460.gencode.vH29,3::2,Alveolar type 2 cell,1.0,celltypepilot
A8_B001772.gencode.vH29,3::2,Alveolar type 2 cell,1.0,celltypepilot
A8_B001774.gencode.vH29,3::2,Alveolar type 2 cell,1.0,celltypepilot
A8_B002460.gencode.vH29,3::2,Alveolar type 2 cell,1.0,celltypepilot
A8_B002461.gencode.vH29,3::2,Alveolar type 2 cell,1.0,celltypepilot
A8_B003269.gencode.vH29,3::2,Alveolar type 2 cell,1.0,celltypepilot
B1_B002464.gencode.vH29,3::2,Alveolar type 2 cell,1.0,celltypepilot
B2_B002460.gencode.vH29,3::2,Alveolar type 2 cell,1.0,celltypepilot
B3_B001774.gencode.vH29,3::2,Alveolar type 2 cell,1.0,celltypepilot
B3_B003269.gencode.vH29,3::2,Alveolar type 2 cell,1.0,celltypepilot
B6_B001772.gencode.vH29,3::2,Alveolar type 2 cell,1.0,celltypepilot
B6_B001773.gencode.vH29,3::2,Alveolar type 2 cell,1.0,celltypepilot
B6_B002464.gencode.vH29,3::2,Alveolar type 2 cell,1.0,celltypepilot
B7_B001772.gencode.vH29,3::2,Alveolar type 2 cell,1.0,celltypepilot
B7_B001774.gencode.vH29,3::2,Alveolar type 2 cell,1.0,celltypepilot
B8_B001771.gencode.vH29,3::2,Alveolar type 2 cell,1.0,celltypepilot
C2_B001772.gencode.vH29,3::2,Alveolar type 2 cell,1.0,celltypepilot
C2_B001774.gencode.vH29,3::2,Alveolar type 2 cell,1.0,celltypepilot
C2_B002460.gencode.vH29,3::2,Alveolar type 2 cell,1.0,celltypepilot
C2_B003269.gencode.vH29,3::2,Alveolar type 2 cell,1.0,celltypepilot
C3_B001769.gencode.vH29,3::2,Alveolar type 2 cell,1.0,celltypepilot
C4_B002464.gencode.vH29,3::2,Alveolar type 2 cell,1.0,celltypepilot
C5_B001769.gencode.vH29,3::2,Alveolar type 2 cell,1.0,celltypepilot
C5_B002460.gencode.vH29,3::2,Alveolar type 2 cell,1.0,celltypepilot
C6_B001772.gencode.vH29,3::2,Alveolar type 2 cell,1.0,celltypepilot
C6_B002460.gencode.vH29,3::2,Alveolar type 2 cell,1.0,celltypepilot
C7_B001772.gencode.vH29,3::2,Alveolar type 2 cell,1.0,celltypepilot
C7_B002460.gencode.vH29,3::2,Alveolar type 2 cell,1.0,celltypepilot
C7_B002464.gencode.vH29,3::0,Alveolar type 1 cell,1.0,celltypepilot
C7_B003269.gencode.vH29,3::2,Alveolar type 2 cell,1.0,celltypepilot
D5_B001772.gencode.vH29,3::2,Alveolar type 2 cell,1.0,celltypepilot
D7_B001769.gencode.vH29,3::2,Alveolar type 2 cell,1.0,celltypepilot
D7_B001772.gencode.vH29,3::2,Alveolar type 2 cell,1.0,celltypepilot
D7_B003269.gencode.vH29,3::2,Alveolar type 2 cell,1.0,celltypepilot
D8_B001772.gencode.vH29,3::2,Alveolar type 2 cell,1.0,celltypepilot
E2_B002460.gencode.vH29,3::2,Alveolar type 2 cell,1.0,celltypepilot
E2_B003269.gencode.vH29,3::2,Alveolar type 2 cell,1.0,celltypepilot
E3_B001769.gencode.vH29,3::2,Alveolar type 2 cell,1.0,celltypepilot
E3_B001772.gencode.vH29,3::2,Alveolar type 2 cell,1.0,celltypepilot
E4_B001769.gencode.vH29,3::2,Alveolar type 2 cell,1.0,celltypepilot
E5_B001771.gencode.vH29,3::0,Alveolar type 1 cell,1.0,celltypepilot
E6_B001769.gencode.vH29,3::2,Alveolar type 2 cell,1.0,celltypepilot
E6_B001771.gencode.vH29,3::2,Alveolar type 2 cell,1.0,celltypepilot
E6_B002464.gencode.vH29,3::2,Alveolar type 2 cell,1.0,celltypepilot
E8_B001772.gencode.vH29,3::4,Capillary endothelial cell,1.0,celltypepilot
E8_B002460.gencode.vH29,3::2,Alveolar type 2 cell,1.0,celltypepilot
F1_B002460.gencode.vH29,3::2,Alveolar type 2 cell,1.0,celltypepilot
F1_B002464.gencode.vH29,3::2,Alveolar type 2 cell,1.0,celltypepilot
F2_B001773.gencode.vH29,3::2,Alveolar type 2 cell,1.0,celltypepilot
F2_B001774.gencode.vH29,3::2,Alveolar type 2 cell,1.0,celltypepilot
F2_B003269.gencode.vH29,3::2,Alveolar type 2 cell,1.0,celltypepilot
F3_B001772.gencode.vH29,3::2,Alveolar type 2 cell,1.0,celltypepilot
F3_B001774.gencode.vH29,3::2,Alveolar type 2 cell,1.0,celltypepilot
F4_B001769.gencode.vH29,3::2,Alveolar type 2 cell,1.0,celltypepilot
F4_B002464.gencode.vH29,3::2,Alveolar type 2 cell,1.0,celltypepilot
F5_B002461.gencode.vH29,3::2,Alveolar type 2 cell,1.0,celltypepilot
F5_B003269.gencode.vH29,3::2,Alveolar type 2 cell,1.0,celltypepilot
F6_B001773.gencode.vH29,3::2,Alveolar type 2 cell,1.0,celltypepilot
F7_B001774.gencode.vH29,3::2,Alveolar type 2 cell,1.0,celltypepilot
F7_B002460.gencode.vH29,3::2,Alveolar type 2 cell,1.0,celltypepilot
F7_B002464.gencode.vH29,3::2,Alveolar type 2 cell,1.0,celltypepilot
F7_B003269.gencode.vH29,3::2,Alveolar type 2 cell,1.0,celltypepilot
F8_B001769.gencode.vH29,3::2,Alveolar type 2 cell,1.0,celltypepilot
F8_B001771.gencode.vH29,3::2,Alveolar type 2 cell,1.0,celltypepilot
G2_B001771.gencode.vH29,3::2,Alveolar type 2 cell,1.0,celltypepilot
G2_B001774.gencode.vH29,3::2,Alveolar type 2 cell,1.0,celltypepilot
G4_B001773.gencode.vH29,3::2,Alveolar type 2 cell,1.0,celltypepilot
G4_B001774.gencode.vH29,3::2,Alveolar type 2 cell,1.0,celltypepilot
G4_B002460.gencode.vH29,3::2,Alveolar type 2 cell,1.0,celltypepilot
G4_B003269.gencode.vH29,3::2,Alveolar type 2 cell,1.0,celltypepilot
G5_B001774.gencode.vH29,3::2,Alveolar type 2 cell,1.0,celltypepilot
G6_B001774.gencode.vH29,3::2,Alveolar type 2 cell,1.0,celltypepilot
G7_B001771.gencode.vH29,3::2,Alveolar type 2 cell,1.0,celltypepilot
G7_B001773.gencode.vH29,3::2,Alveolar type 2 cell,1.0,celltypepilot
G8_B001772.gencode.vH29,3::2,Alveolar type 2 cell,1.0,celltypepilot
H1_B002461.gencode.vH29,3::2,Alveolar type 2 cell,1.0,celltypepilot
H1_B003269.gencode.vH29,3::2,Alveolar type 2 cell,1.0,celltypepilot
H2_B002464.gencode.vH29,3::2,Alveolar type 2 cell,1.0,celltypepilot
H3_B001773.gencode.vH29,3::2,Alveolar type 2 cell,1.0,celltypepilot
H3_B002464.gencode.vH29,3::2,Alveolar type 2 cell,1.0,celltypepilot
H4_B001772.gencode.vH29,3::2,Alveolar type 2 cell,1.0,celltypepilot
H4_B002461.gencode.vH29,3::2,Alveolar type 2 cell,1.0,celltypepilot
H5_B002460.gencode.vH29,3::2,Alveolar type 2 cell,1.0,celltypepilot
H6_B001769.gencode.vH29,3::2,Alveolar type 2 cell,1.0,celltypepilot
H6_B001772.gencode.vH29,3::2,Alveolar type 2 cell,1.0,celltypepilot
H6_B002461.gencode.vH29,3::2,Alveolar type 2 cell,1.0,celltypepilot
H7_B002461.gencode.vH29,3::2,Alveolar type 2 cell,1.0,celltypepilot
H8_B001769.gencode.vH29,3::2,Alveolar type 2 cell,1.0,celltypepilot
I2_B002460.gencode.vH29,3::4,Capillary endothelial cell,1.0,celltypepilot
I3_B002460.gencode.vH29,3::2,Alveolar type 2 cell,1.0,celltypepilot
I4_B002460.gencode.vH29,3::2,Alveolar type 2 cell,1.0,celltypepilot
I5_B001772.gencode.vH29,3::2,Alveolar type 2 cell,1.0,celltypepilot
I5_B002460.gencode.vH29,3::2,Alveolar type 2 cell,1.0,celltypepilot
I6_B002461.gencode.vH29,3::2,Alveolar type 2 cell,1.0,celltypepilot
I7_B002460.gencode.vH29,3::2,Alveolar type 2 cell,1.0,celltypepilot
I7_B002464.gencode.vH29,3::4,Capillary endothelial cell,1.0,celltypepilot
I7_B003269.gencode.vH29,3::2,Alveolar type 2 cell,1.0,celltypepilot
I8_B001771.gencode.vH29,3::2,Alveolar type 2 cell,1.0,celltypepilot
J1_B001769.gencode.vH29,3::2,Alveolar type 2 cell,1.0,celltypepilot
J1_B002460.gencode.vH29,3::2,Alveolar type 2 cell,1.0,celltypepilot
J1_B003269.gencode.vH29,3::2,Alveolar type 2 cell,1.0,celltypepilot
J2_B001771.gencode.vH29,3::2,Alveolar type 2 cell,1.0,celltypepilot
J2_B002460.gencode.vH29,3::2,Alveolar type 2 cell,1.0,celltypepilot
J3_B001771.gencode.vH29,3::2,Alveolar type 2 cell,1.0,celltypepilot
J3_B001773.gencode.vH29,3::2,Alveolar type 2 cell,1.0,celltypepilot
J4_B002460.gencode.vH29,3::2,Alveolar type 2 cell,1.0,celltypepilot
J5_B001773.gencode.vH29,3::2,Alveolar type 2 cell,1.0,celltypepilot
J6_B001771.gencode.vH29,3::2,Alveolar type 2 cell,1.0,celltypepilot
J6_B002460.gencode.vH29,3::2,Alveolar type 2 cell,1.0,celltypepilot
J6_B002464.gencode.vH29,3::2,Alveolar type 2 cell,1.0,celltypepilot
J6_B003269.gencode.vH29,3::2,Alveolar type 2 cell,1.0,celltypepilot
J7_B001774.gencode.vH29,3::2,Alveolar type 2 cell,1.0,celltypepilot
J7_B002461.gencode.vH29,3::2,Alveolar type 2 cell,1.0,celltypepilot
J7_B003269.gencode.vH29,3::2,Alveolar type 2 cell,1.0,celltypepilot
J8_B001773.gencode.vH29,3::2,Alveolar type 2 cell,1.0,celltypepilot
J8_B001774.gencode.vH29,3::2,Alveolar type 2 cell,1.0,celltypepilot
K1_B002464.gencode.vH29,3::2,Alveolar type 2 cell,1.0,celltypepilot
K1_B003269.gencode.vH29,3::2,Alveolar type 2 cell,1.0,celltypepilot
K2_B001774.gencode.vH29,3::2,Alveolar type 2 cell,1.0,celltypepilot
K3_B001771.gencode.vH29,3::2,Alveolar type 2 cell,1.0,celltypepilot
K4_B002460.gencode.vH29,3::2,Alveolar type 2 cell,1.0,celltypepilot
K7_B003269.gencode.vH29,3::2,Alveolar type 2 cell,1.0,celltypepilot
K8_B001771.gencode.vH29,3::2,Alveolar type 2 cell,1.0,celltypepilot
K8_B002460.gencode.vH29,3::2,Alveolar type 2 cell,1.0,celltypepilot
L1_B001769.gencode.vH29,3::2,Alveolar type 2 cell,1.0,celltypepilot
L2_B001769.gencode.vH29,3::2,Alveolar type 2 cell,1.0,celltypepilot
L3_B001769.gencode.vH29,3::2,Alveolar type 2 cell,1.0,celltypepilot
L3_B002464.gencode.vH29,3::2,Alveolar type 2 cell,1.0,celltypepilot
L3_B003269.gencode.vH29,3::2,Alveolar type 2 cell,1.0,celltypepilot
L5_B001771.gencode.vH29,3::2,Alveolar type 2 cell,1.0,celltypepilot
L6_B001769.gencode.vH29,3::2,Alveolar type 2 cell,1.0,celltypepilot
L6_B002464.gencode.vH29,3::2,Alveolar type 2 cell,1.0,celltypepilot
L6_B003269.gencode.vH29,3::2,Alveolar type 2 cell,1.0,celltypepilot
L7_B001772.gencode.vH29,3::2,Alveolar type 2 cell,1.0,celltypepilot
L7_B002464.gencode.vH29,3::2,Alveolar type 2 cell,1.0,celltypepilot
M1_B001769.gencode.vH29,3::2,Alveolar type 2 cell,1.0,celltypepilot
M3_B001771.gencode.vH29,3::2,Alveolar type 2 cell,1.0,celltypepilot
M3_B001774.gencode.vH29,3::2,Alveolar type 2 cell,1.0,celltypepilot
M4_B001769.gencode.vH29,3::2,Alveolar type 2 cell,1.0,celltypepilot
M4_B001773.gencode.vH29,3::2,Alveolar type 2 cell,1.0,celltypepilot
M4_B002464.gencode.vH29,3::2,Alveolar type 2 cell,1.0,celltypepilot
M5_B002461.gencode.vH29,3::2,Alveolar type 2 cell,1.0,celltypepilot
M5_B003269.gencode.vH29,3::2,Alveolar type 2 cell,1.0,celltypepilot
M6_B001771.gencode.vH29,3::2,Alveolar type 2 cell,1.0,celltypepilot
M6_B003269.gencode.vH29,3::2,Alveolar type 2 cell,1.0,celltypepilot
M7_B001774.gencode.vH29,3::2,Alveolar type 2 cell,1.0,celltypepilot
M7_B002460.gencode.vH29,3::2,Alveolar type 2 cell,1.0,celltypepilot
N1_B001774.gencode.vH29,3::2,Alveolar type 2 cell,1.0,celltypepilot
N2_B001771.gencode.vH29,3::2,Alveolar type 2 cell,1.0,celltypepilot
N2_B001772.gencode.vH29,3::2,Alveolar type 2 cell,1.0,celltypepilot
N2_B003269.gencode.vH29,3::2,Alveolar type 2 cell,1.0,celltypepilot
N3_B003269.gencode.vH29,3::2,Alveolar type 2 cell,1.0,celltypepilot
N4_B001774.gencode.vH29,3::2,Alveolar type 2 cell,1.0,celltypepilot
N4_B002460.gencode.vH29,3::2,Alveolar type 2 cell,1.0,celltypepilot
N5_B001769.gencode.vH29,3::2,Alveolar type 2 cell,1.0,celltypepilot
N5_B001773.gencode.vH29,3::2,Alveolar type 2 cell,1.0,celltypepilot
N5_B001774.gencode.vH29,3::2,Alveolar type 2 cell,1.0,celltypepilot
N5_B002460.gencode.vH29,3::2,Alveolar type 2 cell,1.0,celltypepilot
N7_B001773.gencode.vH29,3::2,Alveolar type 2 cell,1.0,celltypepilot
N7_B002464.gencode.vH29,3::2,Alveolar type 2 cell,1.0,celltypepilot
N8_B001771.gencode.vH29,3::2,Alveolar type 2 cell,1.0,celltypepilot
N8_B003269.gencode.vH29,3::2,Alveolar type 2 cell,1.0,celltypepilot
O1_B003269.gencode.vH29,3::2,Alveolar type 2 cell,1.0,celltypepilot
O2_B002461.gencode.vH29,3::2,Alveolar type 2 cell,1.0,celltypepilot
O3_B001769.gencode.vH29,3::2,Alveolar type 2 cell,1.0,celltypepilot
O3_B001771.gencode.vH29,3::2,Alveolar type 2 cell,1.0,celltypepilot
O4_B001771.gencode.vH29,3::2,Alveolar type 2 cell,1.0,celltypepilot
O4_B003269.gencode.vH29,3::2,Alveolar type 2 cell,1.0,celltypepilot
O5_B001771.gencode.vH29,3::2,Alveolar type 2 cell,1.0,celltypepilot
O5_B003269.gencode.vH29,3::2,Alveolar type 2 cell,1.0,celltypepilot
O6_B002460.gencode.vH29,3::2,Alveolar type 2 cell,1.0,celltypepilot
O8_B001771.gencode.vH29,3::2,Alveolar type 2 cell,1.0,celltypepilot
O8_B003269.gencode.vH29,3::2,Alveolar type 2 cell,1.0,celltypepilot
P2_B001773.gencode.vH29,3::2,Alveolar type 2 cell,1.0,celltypepilot
P2_B002460.gencode.vH29,3::2,Alveolar type 2 cell,1.0,celltypepilot
P3_B002460.gencode.vH29,3::2,Alveolar type 2 cell,1.0,celltypepilot
P3_B002461.gencode.vH29,3::2,Alveolar type 2 cell,1.0,celltypepilot
P3_B003269.gencode.vH29,3::2,Alveolar type 2 cell,1.0,celltypepilot
P4_B002460.gencode.vH29,3::2,Alveolar type 2 cell,1.0,celltypepilot
P5_B003269.gencode.vH29,3::2,Alveolar type 2 cell,1.0,celltypepilot
P6_B001771.gencode.vH29,3::2,Alveolar type 2 cell,1.0,celltypepilot
P6_B002464.gencode.vH29,3::2,Alveolar type 2 cell,1.0,celltypepilot
P7_B003269.gencode.vH29,3::2,Alveolar type 2 cell,1.0,celltypepilot
P8_B001771.gencode.vH29,3::4,Capillary endothelial cell,1.0,celltypepilot
A2_B001772.gencode.vH29,3::0,Alveolar type 1 cell,1.0,celltypepilot
A2_B001774.gencode.vH29,3::0,Alveolar type 1 cell,1.0,celltypepilot
A3_B001774.gencode.vH29,3::0,Alveolar type 1 cell,1.0,celltypepilot
A6_B001772.gencode.vH29,3::0,Alveolar type 1 cell,1.0,celltypepilot
A7_B001772.gencode.vH29,3::4,Capillary endothelial cell,1.0,celltypepilot
A7_B001774.gencode.vH29,3::0,Alveolar type 1 cell,1.0,celltypepilot
B1_B001772.gencode.vH29,3::0,Alveolar type 1 cell,1.0,celltypepilot
B2_B001771.gencode.vH29,3::0,Alveolar type 1 cell,1.0,celltypepilot
B2_B001772.gencode.vH29,3::0,Alveolar type 1 cell,1.0,celltypepilot
B4_B001771.gencode.vH29,3::4,Capillary endothelial cell,1.0,celltypepilot
B5_B001772.gencode.vH29,3::0,Alveolar type 1 cell,1.0,celltypepilot
B6_B003269.gencode.vH29,3::0,Alveolar type 1 cell,1.0,celltypepilot
B7_B002461.gencode.vH29,3::4,Capillary endothelial cell,1.0,celltypepilot
C4_B001771.gencode.vH29,3::0,Alveolar type 1 cell,1.0,celltypepilot
C6_B001771.gencode.vH29,3::0,Alveolar type 1 cell,1.0,celltypepilot
D1_B001771.gencode.vH29,3::0,Alveolar type 1 cell,1.0,celltypepilot
D2_B001771.gencode.vH29,3::0,Alveolar type 1 cell,1.0,celltypepilot
D2_B002461.gencode.vH29,3::4,Capillary endothelial cell,1.0,celltypepilot
D3_B001771.gencode.vH29,3::0,Alveolar type 1 cell,1.0,celltypepilot
D5_B002464.gencode.vH29,3::0,Alveolar type 1 cell,1.0,celltypepilot
D6_B001769.gencode.vH29,3::0,Alveolar type 1 cell,1.0,celltypepilot
D6_B001774.gencode.vH29,3::0,Alveolar type 1 cell,1.0,celltypepilot
D7_B001771.gencode.vH29,3::0,Alveolar type 1 cell,1.0,celltypepilot
D8_B001771.gencode.vH29,3::0,Alveolar type 1 cell,1.0,celltypepilot
E6_B001772.gencode.vH29,3::0,Alveolar type 1 cell,1.0,celltypepilot
E6_B001773.gencode.vH29,3::0,Alveolar type 1 cell,1.0,celltypepilot
E8_B001771.gencode.vH29,3::0,Alveolar type 1 cell,1.0,celltypepilot
F5_B001771.gencode.vH29,3::4,Capillary endothelial cell,1.0,celltypepilot
F6_B001771.gencode.vH29,3::0,Alveolar type 1 cell,1.0,celltypepilot
G1_B002464.gencode.vH29,3::4,Capillary endothelial cell,1.0,celltypepilot
G2_B001769.gencode.vH29,3::4,Capillary endothelial cell,1.0,celltypepilot
G4_B002461.gencode.vH29,3::0,Alveolar type 1 cell,1.0,celltypepilot
G7_B002464.gencode.vH29,3::4,Capillary endothelial cell,1.0,celltypepilot
H4_B001771.gencode.vH29,3::4,Capillary endothelial cell,1.0,celltypepilot
H5_B001773.gencode.vH29,3::4,Capillary endothelial cell,1.0,celltypepilot
H7_B001774.gencode.vH29,3::0,Alveolar type 1 cell,1.0,celltypepilot
I1_B001769.gencode.vH29,3::4,Capillary endothelial cell,1.0,celltypepilot
I2_B001773.gencode.vH29,3::4,Capillary endothelial cell,1.0,celltypepilot
I3_B001772.gencode.vH29,3::0,Alveolar type 1 cell,1.0,celltypepilot
I3_B001773.gencode.vH29,3::0,Alveolar type 1 cell,1.0,celltypepilot
I4_B001771.gencode.vH29,3::0,Alveolar type 1 cell,1.0,celltypepilot
I4_B001774.gencode.vH29,3::0,Alveolar type 1 cell,1.0,celltypepilot
I4_B003269.gencode.vH29,3::0,Alveolar type 1 cell,1.0,celltypepilot
I5_B001771.gencode.vH29,3::0,Alveolar type 1 cell,1.0,celltypepilot
J4_B001769.gencode.vH29,3::4,Capillary endothelial cell,1.0,celltypepilot
J5_B001772.gencode.vH29,3::4,Capillary endothelial cell,1.0,celltypepilot
K1_B002461.gencode.vH29,3::4,Capillary endothelial cell,1.0,celltypepilot
K4_B001774.gencode.vH29,3::0,Alveolar type 1 cell,1.0,celltypepilot
K6_B001772.gencode.vH29,3::4,Capillary endothelial cell,1.0,celltypepilot
K7_B002464.gencode.vH29,3::4,Capillary endothelial cell,1.0,celltypepilot
K8_B002461.gencode.vH29,3::4,Capillary endothelial cell,1.0,celltypepilot
K8_B002464.gencode.vH29,3::4,Capillary endothelial cell,1.0,celltypepilot
L4_B002464.gencode.vH29,3::4,Capillary endothelial cell,1.0,celltypepilot
L5_B001772.gencode.vH29,3::4,Capillary endothelial cell,1.0,celltypepilot
L5_B002461.gencode.vH29,3::4,Capillary endothelial cell,1.0,celltypepilot
M16_B002464.gencode.vH29,3::4,Capillary endothelial cell,1.0,celltypepilot
M2_B001774.gencode.vH29,3::4,Capillary endothelial cell,1.0,celltypepilot
M3_B001772.gencode.vH29,3::4,Capillary endothelial cell,1.0,celltypepilot
M5_B001772.gencode.vH29,3::0,Alveolar type 1 cell,1.0,celltypepilot
M7_B001769.gencode.vH29,3::4,Capillary endothelial cell,1.0,celltypepilot
M7_B001771.gencode.vH29,3::0,Alveolar type 1 cell,1.0,celltypepilot
M7_B001772.gencode.vH29,3::4,Capillary endothelial cell,1.0,celltypepilot
N5_B001771.gencode.vH29,3::4,Capillary endothelial cell,1.0,celltypepilot
N6_B001774.gencode.vH29,3::0,Alveolar type 1 cell,1.0,celltypepilot
N8_B002461.gencode.vH29,3::0,Alveolar type 1 cell,1.0,celltypepilot
O3_B001774.gencode.vH29,3::0,Alveolar type 1 cell,1.0,celltypepilot
O4_B001774.gencode.vH29,3::0,Alveolar type 1 cell,1.0,celltypepilot
O5_B002460.gencode.vH29,3::0,Alveolar type 1 cell,1.0,celltypepilot
O6_B001772.gencode.vH29,3::0,Alveolar type 1 cell,1.0,celltypepilot
O7_B001772.gencode.vH29,3::0,Alveolar type 1 cell,1.0,celltypepilot
O7_B001773.gencode.vH29,3::4,Capillary endothelial cell,1.0,celltypepilot
P1_B001769.gencode.vH29,3::4,Capillary endothelial cell,1.0,celltypepilot
P2_B001771.gencode.vH29,3::4,Capillary endothelial cell,1.0,celltypepilot
P3_B001771.gencode.vH29,3::4,Capillary endothelial cell,1.0,celltypepilot
P5_B002464.gencode.vH29,3::4,Capillary endothelial cell,1.0,celltypepilot
P6_B001774.gencode.vH29,3::4,Capillary endothelial cell,1.0,celltypepilot
P7_B002464.gencode.vH29,3::0,Alveolar type 1 cell,1.0,celltypepilot
P8_B001774.gencode.vH29,3::4,Capillary endothelial cell,1.0,celltypepilot
E4_B001771.gencode.vH29,3::0,Alveolar type 1 cell,1.0,celltypepilot
A2_B001773.gencode.vH29,3::0,Alveolar type 1 cell,1.0,celltypepilot
A7_B002461.gencode.vH29,3::0,Alveolar type 1 cell,1.0,celltypepilot
B1_B001773.gencode.vH29,3::0,Alveolar type 1 cell,1.0,celltypepilot
B1_B002461.gencode.vH29,3::0,Alveolar type 1 cell,1.0,celltypepilot
B2_B002464.gencode.vH29,3::0,Alveolar type 1 cell,1.0,celltypepilot
B3_B002461.gencode.vH29,3::0,Alveolar type 1 cell,1.0,celltypepilot
B3_B002464.gencode.vH29,3::0,Alveolar type 1 cell,1.0,celltypepilot
B4_B001773.gencode.vH29,3::0,Alveolar type 1 cell,1.0,celltypepilot
B4_B002461.gencode.vH29,3::0,Alveolar type 1 cell,1.0,celltypepilot
B5_B002461.gencode.vH29,3::0,Alveolar type 1 cell,1.0,celltypepilot
B5_B002464.gencode.vH29,3::0,Alveolar type 1 cell,1.0,celltypepilot
B6_B002460.gencode.vH29,3::0,Alveolar type 1 cell,1.0,celltypepilot
B6_B002461.gencode.vH29,3::0,Alveolar type 1 cell,1.0,celltypepilot
B7_B001773.gencode.vH29,3::0,Alveolar type 1 cell,1.0,celltypepilot
C2_B001773.gencode.vH29,3::0,Alveolar type 1 cell,1.0,celltypepilot
C3_B001774.gencode.vH29,3::0,Alveolar type 1 cell,1.0,celltypepilot
C4_B001772.gencode.vH29,3::0,Alveolar type 1 cell,1.0,celltypepilot
C4_B001773.gencode.vH29,3::0,Alveolar type 1 cell,1.0,celltypepilot
C7_B001769.gencode.vH29,3::0,Alveolar type 1 cell,1.0,celltypepilot
C7_B001773.gencode.vH29,3::0,Alveolar type 1 cell,1.0,celltypepilot
C7_B001774.gencode.vH29,3::0,Alveolar type 1 cell,1.0,celltypepilot
C8_B001774.gencode.vH29,3::0,Alveolar type 1 cell,1.0,celltypepilot
D1_B002464.gencode.vH29,3::0,Alveolar type 1 cell,1.0,celltypepilot
D2_B001774.gencode.vH29,3::0,Alveolar type 1 cell,1.0,celltypepilot
D3_B001769.gencode.vH29,3::0,Alveolar type 1 cell,1.0,celltypepilot
D3_B001772.gencode.vH29,3::0,Alveolar type 1 cell,1.0,celltypepilot
D3_B001773.gencode.vH29,3::0,Alveolar type 1 cell,1.0,celltypepilot
D3_B002464.gencode.vH29,3::0,Alveolar type 1 cell,1.0,celltypepilot
D3_B003269.gencode.vH29,3::0,Alveolar type 1 cell,1.0,celltypepilot
D4_B001769.gencode.vH29,3::0,Alveolar type 1 cell,1.0,celltypepilot
D4_B001773.gencode.vH29,3::0,Alveolar type 1 cell,1.0,celltypepilot
D4_B001774.gencode.vH29,3::0,Alveolar type 1 cell,1.0,celltypepilot
D4_B002464.gencode.vH29,3::0,Alveolar type 1 cell,1.0,celltypepilot
D5_B001774.gencode.vH29,3::0,Alveolar type 1 cell,1.0,celltypepilot
D5_B002461.gencode.vH29,3::0,Alveolar type 1 cell,1.0,celltypepilot
E1_B002461.gencode.vH29,3::0,Alveolar type 1 cell,1.0,celltypepilot
E3_B002464.gencode.vH29,3::0,Alveolar type 1 cell,1.0,celltypepilot
E4_B001773.gencode.vH29,3::0,Alveolar type 1 cell,1.0,celltypepilot
E5_B001769.gencode.vH29,3::0,Alveolar type 1 cell,1.0,celltypepilot
E5_B002464.gencode.vH29,3::0,Alveolar type 1 cell,1.0,celltypepilot
E7_B002461.gencode.vH29,3::0,Alveolar type 1 cell,1.0,celltypepilot
E8_B001769.gencode.vH29,3::0,Alveolar type 1 cell,1.0,celltypepilot
E8_B001774.gencode.vH29,3::0,Alveolar type 1 cell,1.0,celltypepilot
F1_B001772.gencode.vH29,3::0,Alveolar type 1 cell,1.0,celltypepilot
F1_B002461.gencode.vH29,3::0,Alveolar type 1 cell,1.0,celltypepilot
F2_B002461.gencode.vH29,3::0,Alveolar type 1 cell,1.0,celltypepilot
F2_B002464.gencode.vH29,3::0,Alveolar type 1 cell,1.0,celltypepilot
F3_B001769.gencode.vH29,3::0,Alveolar type 1 cell,1.0,celltypepilot
F4_B001771.gencode.vH29,3::0,Alveolar type 1 cell,1.0,celltypepilot
F4_B001774.gencode.vH29,3::0,Alveolar type 1 cell,1.0,celltypepilot
F5_B001772.gencode.vH29,3::0,Alveolar type 1 cell,1.0,celltypepilot
F6_B001769.gencode.vH29,3::0,Alveolar type 1 cell,1.0,celltypepilot
G1_B001773.gencode.vH29,3::0,Alveolar type 1 cell,1.0,celltypepilot
G3_B001773.gencode.vH29,3::0,Alveolar type 1 cell,1.0,celltypepilot
G3_B001774.gencode.vH29,3::0,Alveolar type 1 cell,1.0,celltypepilot
G3_B002461.gencode.vH29,3::0,Alveolar type 1 cell,1.0,celltypepilot
G3_B002464.gencode.vH29,3::0,Alveolar type 1 cell,1.0,celltypepilot
G4_B001769.gencode.vH29,3::0,Alveolar type 1 cell,1.0,celltypepilot
G5_B001769.gencode.vH29,3::0,Alveolar type 1 cell,1.0,celltypepilot
G6_B002461.gencode.vH29,3::0,Alveolar type 1 cell,1.0,celltypepilot
G6_B002464.gencode.vH29,3::0,Alveolar type 1 cell,1.0,celltypepilot
G7_B001772.gencode.vH29,3::0,Alveolar type 1 cell,1.0,celltypepilot
H1_B001773.gencode.vH29,3::0,Alveolar type 1 cell,1.0,celltypepilot
H2_B001769.gencode.vH29,3::0,Alveolar type 1 cell,1.0,celltypepilot
H2_B001773.gencode.vH29,3::0,Alveolar type 1 cell,1.0,celltypepilot
H3_B002461.gencode.vH29,3::0,Alveolar type 1 cell,1.0,celltypepilot
H4_B001769.gencode.vH29,3::0,Alveolar type 1 cell,1.0,celltypepilot
H4_B001773.gencode.vH29,3::0,Alveolar type 1 cell,1.0,celltypepilot
H5_B001769.gencode.vH29,3::0,Alveolar type 1 cell,1.0,celltypepilot
H5_B002464.gencode.vH29,3::0,Alveolar type 1 cell,1.0,celltypepilot
H7_B001773.gencode.vH29,3::0,Alveolar type 1 cell,1.0,celltypepilot
H7_B002464.gencode.vH29,3::0,Alveolar type 1 cell,1.0,celltypepilot
I1_B001773.gencode.vH29,3::0,Alveolar type 1 cell,1.0,celltypepilot
I1_B002461.gencode.vH29,3::0,Alveolar type 1 cell,1.0,celltypepilot
I3_B001769.gencode.vH29,3::0,Alveolar type 1 cell,1.0,celltypepilot
I4_B001773.gencode.vH29,3::0,Alveolar type 1 cell,1.0,celltypepilot
I5_B002464.gencode.vH29,3::0,Alveolar type 1 cell,1.0,celltypepilot
I8_B001769.gencode.vH29,3::0,Alveolar type 1 cell,1.0,celltypepilot
I8_B001772.gencode.vH29,3::0,Alveolar type 1 cell,1.0,celltypepilot
J2_B001772.gencode.vH29,3::0,Alveolar type 1 cell,1.0,celltypepilot
J2_B001773.gencode.vH29,3::0,Alveolar type 1 cell,1.0,celltypepilot
J2_B001774.gencode.vH29,3::0,Alveolar type 1 cell,1.0,celltypepilot
J3_B001769.gencode.vH29,3::0,Alveolar type 1 cell,1.0,celltypepilot
J3_B001772.gencode.vH29,3::0,Alveolar type 1 cell,1.0,celltypepilot
J4_B001774.gencode.vH29,3::0,Alveolar type 1 cell,1.0,celltypepilot
J5_B001769.gencode.vH29,3::0,Alveolar type 1 cell,1.0,celltypepilot
J5_B001774.gencode.vH29,3::0,Alveolar type 1 cell,1.0,celltypepilot
J6_B001769.gencode.vH29,3::0,Alveolar type 1 cell,1.0,celltypepilot
J8_B002461.gencode.vH29,3::0,Alveolar type 1 cell,1.0,celltypepilot
K1_B001773.gencode.vH29,3::0,Alveolar type 1 cell,1.0,celltypepilot
K3_B001772.gencode.vH29,3::0,Alveolar type 1 cell,1.0,celltypepilot
K3_B001774.gencode.vH29,3::0,Alveolar type 1 cell,1.0,celltypepilot
K3_B002464.gencode.vH29,3::0,Alveolar type 1 cell,1.0,celltypepilot
K4_B001773.gencode.vH29,3::0,Alveolar type 1 cell,1.0,celltypepilot
K4_B002461.gencode.vH29,3::0,Alveolar type 1 cell,1.0,celltypepilot
K5_B001769.gencode.vH29,3::4,Capillary endothelial cell,1.0,celltypepilot
K5_B002464.gencode.vH29,3::0,Alveolar type 1 cell,1.0,celltypepilot
K6_B001771.gencode.vH29,3::0,Alveolar type 1 cell,1.0,celltypepilot
K6_B001774.gencode.vH29,3::0,Alveolar type 1 cell,1.0,celltypepilot
K7_B001771.gencode.vH29,3::0,Alveolar type 1 cell,1.0,celltypepilot
K7_B002461.gencode.vH29,3::0,Alveolar type 1 cell,1.0,celltypepilot
K8_B001772.gencode.vH29,3::0,Alveolar type 1 cell,1.0,celltypepilot
K8_B001774.gencode.vH29,3::0,Alveolar type 1 cell,1.0,celltypepilot
L1_B001773.gencode.vH29,3::0,Alveolar type 1 cell,1.0,celltypepilot
L2_B001772.gencode.vH29,3::0,Alveolar type 1 cell,1.0,celltypepilot
L2_B002464.gencode.vH29,3::0,Alveolar type 1 cell,1.0,celltypepilot
L3_B001774.gencode.vH29,3::0,Alveolar type 1 cell,1.0,celltypepilot
L4_B001773.gencode.vH29,3::0,Alveolar type 1 cell,1.0,celltypepilot
L4_B001774.gencode.vH29,3::0,Alveolar type 1 cell,1.0,celltypepilot
L5_B001773.gencode.vH29,3::0,Alveolar type 1 cell,1.0,celltypepilot
L7_B001769.gencode.vH29,3::0,Alveolar type 1 cell,1.0,celltypepilot
L7_B001773.gencode.vH29,3::0,Alveolar type 1 cell,1.0,celltypepilot
L8_B002464.gencode.vH29,3::0,Alveolar type 1 cell,1.0,celltypepilot
M1_B001773.gencode.vH29,3::0,Alveolar type 1 cell,1.0,celltypepilot
M2_B001773.gencode.vH29,3::0,Alveolar type 1 cell,1.0,celltypepilot
M3_B002460.gencode.vH29,3::0,Alveolar type 1 cell,1.0,celltypepilot
M3_B002464.gencode.vH29,3::0,Alveolar type 1 cell,1.0,celltypepilot
M5_B002464.gencode.vH29,3::0,Alveolar type 1 cell,1.0,celltypepilot
M6_B002464.gencode.vH29,3::0,Alveolar type 1 cell,1.0,celltypepilot
M7_B002464.gencode.vH29,3::0,Alveolar type 1 cell,1.0,celltypepilot
M8_B001773.gencode.vH29,3::0,Alveolar type 1 cell,1.0,celltypepilot
M8_B002464.gencode.vH29,3::0,Alveolar type 1 cell,1.0,celltypepilot
N6_B001769.gencode.vH29,3::0,Alveolar type 1 cell,1.0,celltypepilot
N7_B001769.gencode.vH29,3::0,Alveolar type 1 cell,1.0,celltypepilot
N7_B001774.gencode.vH29,3::0,Alveolar type 1 cell,1.0,celltypepilot
N8_B001769.gencode.vH29,3::0,Alveolar type 1 cell,1.0,celltypepilot
N8_B001773.gencode.vH29,3::0,Alveolar type 1 cell,1.0,celltypepilot
O1_B002464.gencode.vH29,3::0,Alveolar type 1 cell,1.0,celltypepilot
O4_B002464.gencode.vH29,3::0,Alveolar type 1 cell,1.0,celltypepilot
O5_B002464.gencode.vH29,3::0,Alveolar type 1 cell,1.0,celltypepilot
O6_B002461.gencode.vH29,3::0,Alveolar type 1 cell,1.0,celltypepilot
O8_B001772.gencode.vH29,3::0,Alveolar type 1 cell,1.0,celltypepilot
O8_B001773.gencode.vH29,3::0,Alveolar type 1 cell,1.0,celltypepilot
P3_B001773.gencode.vH29,3::0,Alveolar type 1 cell,1.0,celltypepilot
P5_B001773.gencode.vH29,3::0,Alveolar type 1 cell,1.0,celltypepilot
P6_B002461.gencode.vH29,3::0,Alveolar type 1 cell,1.0,celltypepilot
A1_B002460.gencode.vH29,3::2,Alveolar type 2 cell,1.0,celltypepilot
A2_B002460.gencode.vH29,3::2,Alveolar type 2 cell,1.0,celltypepilot
A2_B003269.gencode.vH29,3::2,Alveolar type 2 cell,1.0,celltypepilot
A4_B001774.gencode.vH29,3::2,Alveolar type 2 cell,1.0,celltypepilot
A5_B001773.gencode.vH29,3::2,Alveolar type 2 cell,1.0,celltypepilot
A5_B002460.gencode.vH29,3::2,Alveolar type 2 cell,1.0,celltypepilot
A5_B003269.gencode.vH29,3::2,Alveolar type 2 cell,1.0,celltypepilot
A6_B002460.gencode.vH29,3::2,Alveolar type 2 cell,1.0,celltypepilot
A7_B001773.gencode.vH29,3::2,Alveolar type 2 cell,1.0,celltypepilot
B1_B003269.gencode.vH29,3::2,Alveolar type 2 cell,1.0,celltypepilot
B3_B001772.gencode.vH29,3::2,Alveolar type 2 cell,1.0,celltypepilot
B3_B001773.gencode.vH29,3::2,Alveolar type 2 cell,1.0,celltypepilot
B4_B002460.gencode.vH29,3::2,Alveolar type 2 cell,1.0,celltypepilot
B4_B002464.gencode.vH29,3::2,Alveolar type 2 cell,1.0,celltypepilot
B5_B003269.gencode.vH29,3::2,Alveolar type 2 cell,1.0,celltypepilot
B7_B002460.gencode.vH29,3::2,Alveolar type 2 cell,1.0,celltypepilot
B7_B002464.gencode.vH29,3::2,Alveolar type 2 cell,1.0,celltypepilot
B7_B003269.gencode.vH29,3::2,Alveolar type 2 cell,1.0,celltypepilot
B8_B002460.gencode.vH29,3::2,Alveolar type 2 cell,1.0,celltypepilot
C1_B001773.gencode.vH29,3::2,Alveolar type 2 cell,1.0,celltypepilot
C1_B002460.gencode.vH29,3::2,Alveolar type 2 cell,1.0,celltypepilot
C2_B002464.gencode.vH29,3::4,Capillary endothelial cell,1.0,celltypepilot
C3_B002460.gencode.vH29,3::2,Alveolar type 2 cell,1.0,celltypepilot
C3_B002461.gencode.vH29,3::2,Alveolar type 2 cell,1.0,celltypepilot
C3_B002464.gencode.vH29,3::2,Alveolar type 2 cell,1.0,celltypepilot
C3_B003269.gencode.vH29,3::2,Alveolar type 2 cell,1.0,celltypepilot
C4_B001774.gencode.vH29,3::2,Alveolar type 2 cell,1.0,celltypepilot
C4_B002460.gencode.vH29,3::2,Alveolar type 2 cell,1.0,celltypepilot
C5_B001773.gencode.vH29,3::2,Alveolar type 2 cell,1.0,celltypepilot
C5_B002464.gencode.vH29,3::4,Capillary endothelial cell,1.0,celltypepilot
C5_B003269.gencode.vH29,3::2,Alveolar type 2 cell,1.0,celltypepilot
C6_B002461.gencode.vH29,3::2,Alveolar type 2 cell,1.0,celltypepilot
C6_B003269.gencode.vH29,3::2,Alveolar type 2 cell,1.0,celltypepilot
C8_B001772.gencode.vH29,3::2,Alveolar type 2 cell,1.0,celltypepilot
C8_B001773.gencode.vH29,3::2,Alveolar type 2 cell,1.0,celltypepilot
D1_B001772.gencode.vH29,3::2,Alveolar type 2 cell,1.0,celltypepilot
D1_B002460.gencode.vH29,3::2,Alveolar type 2 cell,1.0,celltypepilot
D1_B002461.gencode.vH29,3::2,Alveolar type 2 cell,1.0,celltypepilot
D1_B003269.gencode.vH29,3::2,Alveolar type 2 cell,1.0,celltypepilot
D2_B002460.gencode.vH29,3::2,Alveolar type 2 cell,1.0,celltypepilot
D2_B003269.gencode.vH29,3::2,Alveolar type 2 cell,1.0,celltypepilot
D3_B002460.gencode.vH29,3::2,Alveolar type 2 cell,1.0,celltypepilot
D3_B002461.gencode.vH29,3::2,Alveolar type 2 cell,1.0,celltypepilot
D4_B001772.gencode.vH29,3::2,Alveolar type 2 cell,1.0,celltypepilot
D5_B001773.gencode.vH29,3::2,Alveolar type 2 cell,1.0,celltypepilot
D5_B002460.gencode.vH29,3::2,Alveolar type 2 cell,1.0,celltypepilot
D6_B001771.gencode.vH29,3::2,Alveolar type 2 cell,1.0,celltypepilot
D6_B002461.gencode.vH29,3::2,Alveolar type 2 cell,1.0,celltypepilot
D6_B003269.gencode.vH29,3::2,Alveolar type 2 cell,1.0,celltypepilot
D8_B001773.gencode.vH29,3::2,Alveolar type 2 cell,1.0,celltypepilot
D8_B002460.gencode.vH29,3::4,Capillary endothelial cell,1.0,celltypepilot
D8_B002461.gencode.vH29,3::2,Alveolar type 2 cell,1.0,celltypepilot
D8_B003269.gencode.vH29,3::2,Alveolar type 2 cell,1.0,celltypepilot
E1_B003269.gencode.vH29,3::4,Capillary endothelial cell,1.0,celltypepilot
E2_B001769.gencode.vH29,3::2,Alveolar type 2 cell,1.0,celltypepilot
E2_B001773.gencode.vH29,3::2,Alveolar type 2 cell,1.0,celltypepilot
E3_B001773.gencode.vH29,3::2,Alveolar type 2 cell,1.0,celltypepilot
E3_B003269.gencode.vH29,3::2,Alveolar type 2 cell,1.0,celltypepilot
E4_B001772.gencode.vH29,3::2,Alveolar type 2 cell,1.0,celltypepilot
E5_B001772.gencode.vH29,3::2,Alveolar type 2 cell,1.0,celltypepilot
E5_B002460.gencode.vH29,3::2,Alveolar type 2 cell,1.0,celltypepilot
E6_B002460.gencode.vH29,3::2,Alveolar type 2 cell,1.0,celltypepilot
E6_B002461.gencode.vH29,3::2,Alveolar type 2 cell,1.0,celltypepilot
E7_B001769.gencode.vH29,3::2,Alveolar type 2 cell,1.0,celltypepilot
E7_B002460.gencode.vH29,3::2,Alveolar type 2 cell,1.0,celltypepilot
E7_B002464.gencode.vH29,3::2,Alveolar type 2 cell,1.0,celltypepilot
E7_B003269.gencode.vH29,3::2,Alveolar type 2 cell,1.0,celltypepilot
E8_B002461.gencode.vH29,3::2,Alveolar type 2 cell,1.0,celltypepilot
E8_B003269.gencode.vH29,3::2,Alveolar type 2 cell,1.0,celltypepilot
F2_B002460.gencode.vH29,3::2,Alveolar type 2 cell,1.0,celltypepilot
F3_B001773.gencode.vH29,3::2,Alveolar type 2 cell,1.0,celltypepilot
F3_B002460.gencode.vH29,3::2,Alveolar type 2 cell,1.0,celltypepilot
F3_B003269.gencode.vH29,3::2,Alveolar type 2 cell,1.0,celltypepilot
F4_B002460.gencode.vH29,3::2,Alveolar type 2 cell,1.0,celltypepilot
F4_B002461.gencode.vH29,3::2,Alveolar type 2 cell,1.0,celltypepilot
F5_B001773.gencode.vH29,3::2,Alveolar type 2 cell,1.0,celltypepilot
F5_B002460.gencode.vH29,3::2,Alveolar type 2 cell,1.0,celltypepilot
F5_B002464.gencode.vH29,3::2,Alveolar type 2 cell,1.0,celltypepilot
F6_B002460.gencode.vH29,3::2,Alveolar type 2 cell,1.0,celltypepilot
F6_B003269.gencode.vH29,3::2,Alveolar type 2 cell,1.0,celltypepilot
F7_B001771.gencode.vH29,3::2,Alveolar type 2 cell,1.0,celltypepilot
F7_B002461.gencode.vH29,3::2,Alveolar type 2 cell,1.0,celltypepilot
F8_B002460.gencode.vH29,3::2,Alveolar type 2 cell,1.0,celltypepilot
F8_B002464.gencode.vH29,3::2,Alveolar type 2 cell,1.0,celltypepilot
G1_B002460.gencode.vH29,3::2,Alveolar type 2 cell,1.0,celltypepilot
G2_B002460.gencode.vH29,3::2,Alveolar type 2 cell,1.0,celltypepilot
G2_B002461.gencode.vH29,3::2,Alveolar type 2 cell,1.0,celltypepilot
G2_B002464.gencode.vH29,3::2,Alveolar type 2 cell,1.0,celltypepilot
G3_B001771.gencode.vH29,3::2,Alveolar type 2 cell,1.0,celltypepilot
G4_B001771.gencode.vH29,3::2,Alveolar type 2 cell,1.0,celltypepilot
G5_B001772.gencode.vH29,3::4,Capillary endothelial cell,1.0,celltypepilot
G5_B002461.gencode.vH29,3::2,Alveolar type 2 cell,1.0,celltypepilot
G7_B001774.gencode.vH29,3::2,Alveolar type 2 cell,1.0,celltypepilot
G7_B002461.gencode.vH29,3::2,Alveolar type 2 cell,1.0,celltypepilot
G8_B002461.gencode.vH29,3::2,Alveolar type 2 cell,1.0,celltypepilot
H1_B001769.gencode.vH29,3::2,Alveolar type 2 cell,1.0,celltypepilot
H1_B002460.gencode.vH29,3::2,Alveolar type 2 cell,1.0,celltypepilot
H2_B002460.gencode.vH29,3::2,Alveolar type 2 cell,1.0,celltypepilot
H2_B003269.gencode.vH29,3::2,Alveolar type 2 cell,1.0,celltypepilot
H3_B001774.gencode.vH29,3::2,Alveolar type 2 cell,1.0,celltypepilot
H4_B002464.gencode.vH29,3::2,Alveolar type 2 cell,1.0,celltypepilot
H5_B003269.gencode.vH29,3::2,Alveolar type 2 cell,1.0,celltypepilot
H6_B002460.gencode.vH29,3::2,Alveolar type 2 cell,1.0,celltypepilot
H7_B001771.gencode.vH29,3::2,Alveolar type 2 cell,1.0,celltypepilot
H7_B001772.gencode.vH29,3::2,Alveolar type 2 cell,1.0,celltypepilot
H7_B003269.gencode.vH29,3::2,Alveolar type 2 cell,1.0,celltypepilot
H8_B001774.gencode.vH29,3::2,Alveolar type 2 cell,1.0,celltypepilot
H8_B002461.gencode.vH29,3::2,Alveolar type 2 cell,1.0,celltypepilot
H8_B003269.gencode.vH29,3::4,Capillary endothelial cell,1.0,celltypepilot
I1_B002460.gencode.vH29,3::2,Alveolar type 2 cell,1.0,celltypepilot
I2_B003269.gencode.vH29,3::2,Alveolar type 2 cell,1.0,celltypepilot
I3_B003269.gencode.vH29,3::2,Alveolar type 2 cell,1.0,celltypepilot
I5_B001769.gencode.vH29,3::2,Alveolar type 2 cell,1.0,celltypepilot
I6_B001769.gencode.vH29,3::2,Alveolar type 2 cell,1.0,celltypepilot
I6_B003269.gencode.vH29,3::2,Alveolar type 2 cell,1.0,celltypepilot
I7_B001769.gencode.vH29,3::2,Alveolar type 2 cell,1.0,celltypepilot
I7_B001774.gencode.vH29,3::2,Alveolar type 2 cell,1.0,celltypepilot
I8_B002464.gencode.vH29,3::2,Alveolar type 2 cell,1.0,celltypepilot
I8_B003269.gencode.vH29,3::2,Alveolar type 2 cell,1.0,celltypepilot
J1_B001773.gencode.vH29,3::2,Alveolar type 2 cell,1.0,celltypepilot
J2_B001769.gencode.vH29,3::2,Alveolar type 2 cell,1.0,celltypepilot
J3_B002460.gencode.vH29,3::2,Alveolar type 2 cell,1.0,celltypepilot
J3_B002464.gencode.vH29,3::2,Alveolar type 2 cell,1.0,celltypepilot
J4_B003269.gencode.vH29,3::2,Alveolar type 2 cell,1.0,celltypepilot
J5_B001771.gencode.vH29,3::2,Alveolar type 2 cell,1.0,celltypepilot
J5_B002461.gencode.vH29,3::2,Alveolar type 2 cell,1.0,celltypepilot
J5_B003269.gencode.vH29,3::2,Alveolar type 2 cell,1.0,celltypepilot
K1_B001769.gencode.vH29,3::2,Alveolar type 2 cell,1.0,celltypepilot
K2_B001773.gencode.vH29,3::2,Alveolar type 2 cell,1.0,celltypepilot
K2_B003269.gencode.vH29,3::2,Alveolar type 2 cell,1.0,celltypepilot
K3_B001773.gencode.vH29,3::2,Alveolar type 2 cell,1.0,celltypepilot
K3_B003269.gencode.vH29,3::2,Alveolar type 2 cell,1.0,celltypepilot
K4_B003269.gencode.vH29,3::2,Alveolar type 2 cell,1.0,celltypepilot
K5_B003269.gencode.vH29,3::2,Alveolar type 2 cell,1.0,celltypepilot
K6_B001773.gencode.vH29,3::2,Alveolar type 2 cell,1.0,celltypepilot
K6_B002460.gencode.vH29,3::2,Alveolar type 2 cell,1.0,celltypepilot
K6_B002461.gencode.vH29,3::2,Alveolar type 2 cell,1.0,celltypepilot
K6_B002464.gencode.vH29,3::2,Alveolar type 2 cell,1.0,celltypepilot
K7_B001772.gencode.vH29,3::2,Alveolar type 2 cell,1.0,celltypepilot
L1_B001774.gencode.vH29,3::2,Alveolar type 2 cell,1.0,celltypepilot
L1_B002460.gencode.vH29,3::2,Alveolar type 2 cell,1.0,celltypepilot
L1_B002461.gencode.vH29,3::2,Alveolar type 2 cell,1.0,celltypepilot
L1_B003269.gencode.vH29,3::2,Alveolar type 2 cell,1.0,celltypepilot
L2_B001773.gencode.vH29,3::2,Alveolar type 2 cell,1.0,celltypepilot
L2_B002461.gencode.vH29,3::2,Alveolar type 2 cell,1.0,celltypepilot
L2_B003269.gencode.vH29,3::2,Alveolar type 2 cell,1.0,celltypepilot
L3_B001771.gencode.vH29,3::2,Alveolar type 2 cell,1.0,celltypepilot
L3_B002460.gencode.vH29,3::2,Alveolar type 2 cell,1.0,celltypepilot
L3_B002461.gencode.vH29,3::2,Alveolar type 2 cell,1.0,celltypepilot
L5_B003269.gencode.vH29,3::2,Alveolar type 2 cell,1.0,celltypepilot
L6_B002460.gencode.vH29,3::2,Alveolar type 2 cell,1.0,celltypepilot
L7_B001774.gencode.vH29,3::2,Alveolar type 2 cell,1.0,celltypepilot
L7_B002460.gencode.vH29,3::2,Alveolar type 2 cell,1.0,celltypepilot
L7_B002461.gencode.vH29,3::2,Alveolar type 2 cell,1.0,celltypepilot
L7_B003269.gencode.vH29,3::2,Alveolar type 2 cell,1.0,celltypepilot
L8_B001769.gencode.vH29,3::2,Alveolar type 2 cell,1.0,celltypepilot
L8_B001772.gencode.vH29,3::2,Alveolar type 2 cell,1.0,celltypepilot
L8_B003269.gencode.vH29,3::2,Alveolar type 2 cell,1.0,celltypepilot
M1_B002464.gencode.vH29,3::2,Alveolar type 2 cell,1.0,celltypepilot
M2_B002461.gencode.vH29,3::2,Alveolar type 2 cell,1.0,celltypepilot
M2_B003269.gencode.vH29,3::2,Alveolar type 2 cell,1.0,celltypepilot
M3_B001773.gencode.vH29,3::2,Alveolar type 2 cell,1.0,celltypepilot
M4_B001774.gencode.vH29,3::2,Alveolar type 2 cell,1.0,celltypepilot
M5_B001773.gencode.vH29,3::2,Alveolar type 2 cell,1.0,celltypepilot
M5_B001774.gencode.vH29,3::2,Alveolar type 2 cell,1.0,celltypepilot
M5_B002460.gencode.vH29,3::2,Alveolar type 2 cell,1.0,celltypepilot
M6_B002460.gencode.vH29,3::2,Alveolar type 2 cell,1.0,celltypepilot
M6_B002461.gencode.vH29,3::2,Alveolar type 2 cell,1.0,celltypepilot
M7_B001773.gencode.vH29,3::2,Alveolar type 2 cell,1.0,celltypepilot
M7_B003269.gencode.vH29,3::2,Alveolar type 2 cell,1.0,celltypepilot
M8_B001769.gencode.vH29,3::2,Alveolar type 2 cell,1.0,celltypepilot
M8_B002460.gencode.vH29,3::2,Alveolar type 2 cell,1.0,celltypepilot
M8_B002461.gencode.vH29,3::2,Alveolar type 2 cell,1.0,celltypepilot
N1_B002460.gencode.vH29,3::2,Alveolar type 2 cell,1.0,celltypepilot
N1_B003269.gencode.vH29,3::2,Alveolar type 2 cell,1.0,celltypepilot
N2_B002461.gencode.vH29,3::2,Alveolar type 2 cell,1.0,celltypepilot
N3_B001769.gencode.vH29,3::2,Alveolar type 2 cell,1.0,celltypepilot
N4_B003269.gencode.vH29,3::2,Alveolar type 2 cell,1.0,celltypepilot
N5_B001772.gencode.vH29,3::2,Alveolar type 2 cell,1.0,celltypepilot
N5_B002464.gencode.vH29,3::2,Alveolar type 2 cell,1.0,celltypepilot
N6_B001771.gencode.vH29,3::2,Alveolar type 2 cell,1.0,celltypepilot
N6_B002461.gencode.vH29,3::2,Alveolar type 2 cell,1.0,celltypepilot
N7_B002461.gencode.vH29,3::2,Alveolar type 2 cell,1.0,celltypepilot
N8_B001774.gencode.vH29,3::2,Alveolar type 2 cell,1.0,celltypepilot
O1_B001773.gencode.vH29,3::2,Alveolar type 2 cell,1.0,celltypepilot
O1_B002460.gencode.vH29,3::2,Alveolar type 2 cell,1.0,celltypepilot
O3_B002460.gencode.vH29,3::2,Alveolar type 2 cell,1.0,celltypepilot
O4_B002460.gencode.vH29,3::2,Alveolar type 2 cell,1.0,celltypepilot
O4_B002461.gencode.vH29,3::2,Alveolar type 2 cell,1.0,celltypepilot
O5_B001773.gencode.vH29,3::2,Alveolar type 2 cell,1.0,celltypepilot
O5_B002461.gencode.vH29,3::2,Alveolar type 2 cell,1.0,celltypepilot
O6_B003269.gencode.vH29,3::2,Alveolar type 2 cell,1.0,celltypepilot
O7_B002460.gencode.vH29,3::4,Capillary endothelial cell,1.0,celltypepilot
O8_B002460.gencode.vH29,3::2,Alveolar type 2 cell,1.0,celltypepilot
P2_B002461.gencode.vH29,3::2,Alveolar type 2 cell,1.0,celltypepilot
P2_B002464.gencode.vH29,3::2,Alveolar type 2 cell,1.0,celltypepilot
P4_B003269.gencode.vH29,3::2,Alveolar type 2 cell,1.0,celltypepilot
P5_B002460.gencode.vH29,3::2,Alveolar type 2 cell,1.0,celltypepilot
P6_B002460.gencode.vH29,3::2,Alveolar type 2 cell,1.0,celltypepilot
P8_B002460.gencode.vH29,3::2,Alveolar type 2 cell,1.0,celltypepilot
P8_B003269.gencode.vH29,3::2,Alveolar type 2 cell,1.0,celltypepilot
A1_B003269.gencode.vH29,3::4,Capillary endothelial cell,1.0,celltypepilot
A4_B002464.gencode.vH29,3::4,Capillary endothelial cell,1.0,celltypepilot
A5_B001772.gencode.vH29,3::4,Capillary endothelial cell,1.0,celltypepilot
A5_B002464.gencode.vH29,3::4,Capillary endothelial cell,1.0,celltypepilot
B3_B001769.gencode.vH29,3::4,Capillary endothelial cell,1.0,celltypepilot
B3_B002460.gencode.vH29,3::4,Capillary endothelial cell,1.0,celltypepilot
B4_B001772.gencode.vH29,3::4,Capillary endothelial cell,1.0,celltypepilot
B5_B001774.gencode.vH29,3::4,Capillary endothelial cell,1.0,celltypepilot
B6_B001774.gencode.vH29,3::4,Capillary endothelial cell,1.0,celltypepilot
B8_B001772.gencode.vH29,3::4,Capillary endothelial cell,1.0,celltypepilot
B8_B001774.gencode.vH29,3::4,Capillary endothelial cell,1.0,celltypepilot
C1_B003269.gencode.vH29,3::4,Capillary endothelial cell,1.0,celltypepilot
C14_B001774.gencode.vH29,3::4,Capillary endothelial cell,1.0,celltypepilot
C2_B001769.gencode.vH29,3::4,Capillary endothelial cell,1.0,celltypepilot
C4_B001769.gencode.vH29,3::4,Capillary endothelial cell,1.0,celltypepilot
C5_B001772.gencode.vH29,3::4,Capillary endothelial cell,1.0,celltypepilot
C6_B001774.gencode.vH29,3::4,Capillary endothelial cell,1.0,celltypepilot
D14_B001772.gencode.vH29,3::4,Capillary endothelial cell,1.0,celltypepilot
D2_B001772.gencode.vH29,3::4,Capillary endothelial cell,1.0,celltypepilot
E1_B001769.gencode.vH29,3::2,Alveolar type 2 cell,1.0,celltypepilot
E2_B002461.gencode.vH29,3::2,Alveolar type 2 cell,1.0,celltypepilot
E4_B001774.gencode.vH29,3::4,Capillary endothelial cell,1.0,celltypepilot
F6_B002464.gencode.vH29,3::2,Alveolar type 2 cell,1.0,celltypepilot
G3_B001769.gencode.vH29,3::4,Capillary endothelial cell,1.0,celltypepilot
G4_B002464.gencode.vH29,3::2,Alveolar type 2 cell,1.0,celltypepilot
G6_B001772.gencode.vH29,3::4,Capillary endothelial cell,1.0,celltypepilot
G8_B002464.gencode.vH29,3::4,Capillary endothelial cell,1.0,celltypepilot
H1_B002464.gencode.vH29,3::4,Capillary endothelial cell,1.0,celltypepilot
H6_B002464.gencode.vH29,3::4,Capillary endothelial cell,1.0,celltypepilot
H8_B001772.gencode.vH29,3::4,Capillary endothelial cell,1.0,celltypepilot
I5_B001774.gencode.vH29,3::2,Alveolar type 2 cell,1.0,celltypepilot
I7_B001771.gencode.vH29,3::4,Capillary endothelial cell,1.0,celltypepilot
I7_B001772.gencode.vH29,3::4,Capillary endothelial cell,1.0,celltypepilot
J1_B001774.gencode.vH29,3::4,Capillary endothelial cell,1.0,celltypepilot
J7_B002464.gencode.vH29,3::2,Alveolar type 2 cell,1.0,celltypepilot
J8_B001772.gencode.vH29,3::4,Capillary endothelial cell,1.0,celltypepilot
J8_B003269.gencode.vH29,3::4,Capillary endothelial cell,1.0,celltypepilot
K1_B001772.gencode.vH29,3::4,Capillary endothelial cell,1.0,celltypepilot
K4_B001772.gencode.vH29,3::4,Capillary endothelial cell,1.0,celltypepilot
K4_B002464.gencode.vH29,3::2,Alveolar type 2 cell,1.0,celltypepilot
K5_B001772.gencode.vH29,3::4,Capillary endothelial cell,1.0,celltypepilot
K7_B001769.gencode.vH29,3::2,Alveolar type 2 cell,1.0,celltypepilot
K8_B001769.gencode.vH29,3::4,Capillary endothelial cell,1.0,celltypepilot
L11_B001771.gencode.vH29,3::4,Capillary endothelial cell,1.0,celltypepilot
L5_B001774.gencode.vH29,3::4,Capillary endothelial cell,1.0,celltypepilot
L7_B001771.gencode.vH29,3::2,Alveolar type 2 cell,1.0,celltypepilot
M1_B001774.gencode.vH29,3::4,Capillary endothelial cell,1.0,celltypepilot
N16_B001771.gencode.vH29,3::4,Capillary endothelial cell,1.0,celltypepilot
N2_B002464.gencode.vH29,3::4,Capillary endothelial cell,1.0,celltypepilot
N3_B001771.gencode.vH29,3::2,Alveolar type 2 cell,1.0,celltypepilot
N3_B001772.gencode.vH29,3::4,Capillary endothelial cell,1.0,celltypepilot
N3_B001774.gencode.vH29,3::4,Capillary endothelial cell,1.0,celltypepilot
N4_B001772.gencode.vH29,3::4,Capillary endothelial cell,1.0,celltypepilot
N6_B002464.gencode.vH29,3::2,Alveolar type 2 cell,1.0,celltypepilot
N7_B001772.gencode.vH29,3::2,Alveolar type 2 cell,1.0,celltypepilot
O2_B001771.gencode.vH29,3::2,Alveolar type 2 cell,1.0,celltypepilot
O2_B002464.gencode.vH29,3::4,Capillary endothelial cell,1.0,celltypepilot
O7_B003269.gencode.vH29,3::4,Capillary endothelial cell,1.0,celltypepilot
P1_B002460.gencode.vH29,3::4,Capillary endothelial cell,1.0,celltypepilot
P1_B002464.gencode.vH29,3::4,Capillary endothelial cell,1.0,celltypepilot
P2_B003269.gencode.vH29,3::4,Capillary endothelial cell,1.0,celltypepilot
P3_B001774.gencode.vH29,3::4,Capillary endothelial cell,1.0,celltypepilot
P3_B002464.gencode.vH29,3::4,Capillary endothelial cell,1.0,celltypepilot
P4_B001774.gencode.vH29,3::4,Capillary endothelial cell,1.0,celltypepilot
P5_B002461.gencode.vH29,3::4,Capillary endothelial cell,1.0,celltypepilot
A10_B002461.gencode.vH29,3::1,Fibroblast,1.0,celltypepilot
A11_B002464.gencode.vH29,3::1,Fibroblast,1.0,celltypepilot
A13_B001773.gencode.vH29,3::1,Fibroblast,1.0,celltypepilot
A15_B001773.gencode.vH29,3::1,Fibroblast,1.0,celltypepilot
A15_B002461.gencode.vH29,3::1,Fibroblast,1.0,celltypepilot
A19_B001774.gencode.vH29,3::1,Fibroblast,1.0,celltypepilot
B10_B001774.gencode.vH29,3::1,Fibroblast,1.0,celltypepilot
B11_B002461.gencode.vH29,3::1,Fibroblast,1.0,celltypepilot
B12_B001773.gencode.vH29,3::1,Fibroblast,1.0,celltypepilot
B14_B001773.gencode.vH29,3::1,Fibroblast,1.0,celltypepilot
B15_B001774.gencode.vH29,3::1,Fibroblast,1.0,celltypepilot
B15_B002464.gencode.vH29,3::1,Fibroblast,1.0,celltypepilot
B16_B001769.gencode.vH29,3::1,Fibroblast,1.0,celltypepilot
C10_B001774.gencode.vH29,3::1,Fibroblast,1.0,celltypepilot
C10_B002464.gencode.vH29,3::1,Fibroblast,1.0,celltypepilot
C11_B001769.gencode.vH29,3::1,Fibroblast,1.0,celltypepilot
C14_B001769.gencode.vH29,3::1,Fibroblast,1.0,celltypepilot
C16_B001774.gencode.vH29,3::1,Fibroblast,1.0,celltypepilot
C16_B002461.gencode.vH29,3::1,Fibroblast,1.0,celltypepilot
C16_B002464.gencode.vH29,3::1,Fibroblast,1.0,celltypepilot
C9_B001773.gencode.vH29,3::1,Fibroblast,1.0,celltypepilot
D10_B001773.gencode.vH29,3::1,Fibroblast,1.0,celltypepilot
D10_B002461.gencode.vH29,3::1,Fibroblast,1.0,celltypepilot
D11_B002464.gencode.vH29,3::1,Fibroblast,1.0,celltypepilot
D13_B001769.gencode.vH29,3::1,Fibroblast,1.0,celltypepilot
D14_B001773.gencode.vH29,3::1,Fibroblast,1.0,celltypepilot
D15_B001769.gencode.vH29,3::1,Fibroblast,1.0,celltypepilot
D15_B001774.gencode.vH29,3::1,Fibroblast,1.0,celltypepilot
D16_B001769.gencode.vH29,3::1,Fibroblast,1.0,celltypepilot
E12_B001774.gencode.vH29,3::1,Fibroblast,1.0,celltypepilot
E12_B002461.gencode.vH29,3::1,Fibroblast,1.0,celltypepilot
E13_B001774.gencode.vH29,3::1,Fibroblast,1.0,celltypepilot
E13_B002464.gencode.vH29,3::1,Fibroblast,1.0,celltypepilot
E14_B002461.gencode.vH29,3::1,Fibroblast,1.0,celltypepilot
E15_B001769.gencode.vH29,3::1,Fibroblast,1.0,celltypepilot
E15_B001774.gencode.vH29,3::1,Fibroblast,1.0,celltypepilot
E16_B001773.gencode.vH29,3::1,Fibroblast,1.0,celltypepilot
F10_B001774.gencode.vH29,3::1,Fibroblast,1.0,celltypepilot
F10_B002461.gencode.vH29,3::1,Fibroblast,1.0,celltypepilot
F11_B002464.gencode.vH29,3::1,Fibroblast,1.0,celltypepilot
F13_B001769.gencode.vH29,3::1,Fibroblast,1.0,celltypepilot
F14_B001769.gencode.vH29,3::1,Fibroblast,1.0,celltypepilot
F16_B001769.gencode.vH29,3::1,Fibroblast,1.0,celltypepilot
G10_B002461.gencode.vH29,3::1,Fibroblast,1.0,celltypepilot
G11_B002464.gencode.vH29,3::1,Fibroblast,1.0,celltypepilot
G12_B002461.gencode.vH29,3::1,Fibroblast,1.0,celltypepilot
G13_B002464.gencode.vH29,3::1,Fibroblast,1.0,celltypepilot
G15_B002464.gencode.vH29,3::1,Fibroblast,1.0,celltypepilot
G9_B001769.gencode.vH29,3::1,Fibroblast,1.0,celltypepilot
H11_B001773.gencode.vH29,3::1,Fibroblast,1.0,celltypepilot
H11_B002461.gencode.vH29,3::1,Fibroblast,1.0,celltypepilot
H13_B001772.gencode.vH29,3::1,Fibroblast,1.0,celltypepilot
H14_B001773.gencode.vH29,3::1,Fibroblast,1.0,celltypepilot
H14_B001774.gencode.vH29,3::1,Fibroblast,1.0,celltypepilot
H15_B001773.gencode.vH29,3::1,Fibroblast,1.0,celltypepilot
H15_B002461.gencode.vH29,3::1,Fibroblast,1.0,celltypepilot
H9_B001772.gencode.vH29,3::1,Fibroblast,1.0,celltypepilot
H9_B001773.gencode.vH29,3::1,Fibroblast,1.0,celltypepilot
H9_B002464.gencode.vH29,3::1,Fibroblast,1.0,celltypepilot
I10_B001772.gencode.vH29,3::1,Fibroblast,1.0,celltypepilot
I10_B001773.gencode.vH29,3::1,Fibroblast,1.0,celltypepilot
I10_B002461.gencode.vH29,3::1,Fibroblast,1.0,celltypepilot
I10_B002464.gencode.vH29,3::1,Fibroblast,1.0,celltypepilot
I11_B001769.gencode.vH29,3::4,Capillary endothelial cell,1.0,celltypepilot
I12_B001774.gencode.vH29,3::1,Fibroblast,1.0,celltypepilot
I12_B002461.gencode.vH29,3::1,Fibroblast,1.0,celltypepilot
I13_B001769.gencode.vH29,3::1,Fibroblast,1.0,celltypepilot
I14_B001773.gencode.vH29,3::1,Fibroblast,1.0,celltypepilot
I14_B001774.gencode.vH29,3::1,Fibroblast,1.0,celltypepilot
I14_B002464.gencode.vH29,3::1,Fibroblast,1.0,celltypepilot
I15_B002464.gencode.vH29,3::1,Fibroblast,1.0,celltypepilot
I16_B001769.gencode.vH29,3::1,Fibroblast,1.0,celltypepilot
J11_B001774.gencode.vH29,3::1,Fibroblast,1.0,celltypepilot
J12_B001769.gencode.vH29,3::1,Fibroblast,1.0,celltypepilot
J13_B001769.gencode.vH29,3::1,Fibroblast,1.0,celltypepilot
J13_B001773.gencode.vH29,3::1,Fibroblast,1.0,celltypepilot
J13_B001774.gencode.vH29,3::1,Fibroblast,1.0,celltypepilot
J14_B001773.gencode.vH29,3::1,Fibroblast,1.0,celltypepilot
J14_B002464.gencode.vH29,3::1,Fibroblast,1.0,celltypepilot
J15_B002461.gencode.vH29,3::1,Fibroblast,1.0,celltypepilot
J9_B002461.gencode.vH29,3::1,Fibroblast,1.0,celltypepilot
J9_B002464.gencode.vH29,3::1,Fibroblast,1.0,celltypepilot
K10_B001769.gencode.vH29,3::1,Fibroblast,1.0,celltypepilot
K10_B001772.gencode.vH29,3::1,Fibroblast,1.0,celltypepilot
K11_B002464.gencode.vH29,3::1,Fibroblast,1.0,celltypepilot
K12_B001774.gencode.vH29,3::1,Fibroblast,1.0,celltypepilot
K13_B001773.gencode.vH29,3::4,Capillary endothelial cell,1.0,celltypepilot
L11_B001773.gencode.vH29,3::1,Fibroblast,1.0,celltypepilot
L11_B002464.gencode.vH29,3::1,Fibroblast,1.0,celltypepilot
L12_B001769.gencode.vH29,3::1,Fibroblast,1.0,celltypepilot
L12_B001774.gencode.vH29,3::1,Fibroblast,1.0,celltypepilot
L14_B001773.gencode.vH29,3::1,Fibroblast,1.0,celltypepilot
L15_B001774.gencode.vH29,3::1,Fibroblast,1.0,celltypepilot
L15_B002461.gencode.vH29,3::1,Fibroblast,1.0,celltypepilot
L16_B001769.gencode.vH29,3::1,Fibroblast,1.0,celltypepilot
L16_B002464.gencode.vH29,3::1,Fibroblast,1.0,celltypepilot
L9_B002461.gencode.vH29,3::1,Fibroblast,1.0,celltypepilot
M13_B002461.gencode.vH29,3::1,Fibroblast,1.0,celltypepilot
M9_B001774.gencode.vH29,3::1,Fibroblast,1.0,celltypepilot
N13_B001773.gencode.vH29,3::1,Fibroblast,1.0,celltypepilot
N15_B001769.gencode.vH29,3::1,Fibroblast,1.0,celltypepilot
N16_B002461.gencode.vH29,3::1,Fibroblast,1.0,celltypepilot
N9_B001769.gencode.vH29,3::1,Fibroblast,1.0,celltypepilot
N9_B001773.gencode.vH29,3::1,Fibroblast,1.0,celltypepilot
O10_B002464.gencode.vH29,3::1,Fibroblast,1.0,celltypepilot
O11_B001773.gencode.vH29,3::1,Fibroblast,1.0,celltypepilot
O11_B002464.gencode.vH29,3::1,Fibroblast,1.0,celltypepilot
O16_B001773.gencode.vH29,3::1,Fibroblast,1.0,celltypepilot
O17_B002461.gencode.vH29,3::1,Fibroblast,1.0,celltypepilot
P12_B001773.gencode.vH29,3::1,Fibroblast,1.0,celltypepilot
P14_B001773.gencode.vH29,3::1,Fibroblast,1.0,celltypepilot
P15_B002464.gencode.vH29,3::1,Fibroblast,1.0,celltypepilot
K9_B001771.gencode.vH29,3::1,Fibroblast,1.0,celltypepilot
M12_B001772.gencode.vH29,3::1,Fibroblast,1.0,celltypepilot
A11_B001774.gencode.vH29,3::1,Fibroblast,1.0,celltypepilot
A13_B002461.gencode.vH29,3::1,Fibroblast,1.0,celltypepilot
B12_B001772.gencode.vH29,3::1,Fibroblast,1.0,celltypepilot
B13_B002464.gencode.vH29,3::1,Fibroblast,1.0,celltypepilot
B15_B001771.gencode.vH29,3::1,Fibroblast,1.0,celltypepilot
B23_B002461.gencode.vH29,3::1,Fibroblast,1.0,celltypepilot
B9_B001771.gencode.vH29,3::1,Fibroblast,1.0,celltypepilot
C10_B001769.gencode.vH29,3::1,Fibroblast,1.0,celltypepilot
C11_B001774.gencode.vH29,3::1,Fibroblast,1.0,celltypepilot
C13_B001774.gencode.vH29,3::1,Fibroblast,1.0,celltypepilot
D9_B001772.gencode.vH29,3::1,Fibroblast,1.0,celltypepilot
E11_B002464.gencode.vH29,3::1,Fibroblast,1.0,celltypepilot
E12_B002464.gencode.vH29,3::1,Fibroblast,1.0,celltypepilot
E16_B001772.gencode.vH29,3::1,Fibroblast,1.0,celltypepilot
F10_B001773.gencode.vH29,3::1,Fibroblast,1.0,celltypepilot
F12_B001769.gencode.vH29,3::1,Fibroblast,1.0,celltypepilot
F12_B001771.gencode.vH29,3::1,Fibroblast,1.0,celltypepilot
F12_B001772.gencode.vH29,3::1,Fibroblast,1.0,celltypepilot
F12_B001774.gencode.vH29,3::1,Fibroblast,1.0,celltypepilot
F16_B001771.gencode.vH29,3::1,Fibroblast,1.0,celltypepilot
F9_B001772.gencode.vH29,3::1,Fibroblast,1.0,celltypepilot
G10_B001769.gencode.vH29,3::1,Fibroblast,1.0,celltypepilot
G13_B001773.gencode.vH29,3::1,Fibroblast,1.0,celltypepilot
G14_B001769.gencode.vH29,3::1,Fibroblast,1.0,celltypepilot
G15_B001769.gencode.vH29,3::1,Fibroblast,1.0,celltypepilot
G16_B001771.gencode.vH29,3::1,Fibroblast,1.0,celltypepilot
G16_B001774.gencode.vH29,3::1,Fibroblast,1.0,celltypepilot
G9_B001771.gencode.vH29,3::1,Fibroblast,1.0,celltypepilot
H15_B002464.gencode.vH29,3::1,Fibroblast,1.0,celltypepilot
I11_B002464.gencode.vH29,3::1,Fibroblast,1.0,celltypepilot
I12_B001773.gencode.vH29,3::1,Fibroblast,1.0,celltypepilot
I13_B001772.gencode.vH29,3::1,Fibroblast,1.0,celltypepilot
I9_B001771.gencode.vH29,3::1,Fibroblast,1.0,celltypepilot
I9_B002464.gencode.vH29,3::1,Fibroblast,1.0,celltypepilot
J13_B002461.gencode.vH29,3::1,Fibroblast,1.0,celltypepilot
J14_B001771.gencode.vH29,3::1,Fibroblast,1.0,celltypepilot
J16_B001772.gencode.vH29,3::1,Fibroblast,1.0,celltypepilot
K10_B001771.gencode.vH29,3::1,Fibroblast,1.0,celltypepilot
K11_B001772.gencode.vH29,3::1,Fibroblast,1.0,celltypepilot
K12_B001771.gencode.vH29,3::1,Fibroblast,1.0,celltypepilot
K13_B002461.gencode.vH29,3::1,Fibroblast,1.0,celltypepilot
K15_B002461.gencode.vH29,3::1,Fibroblast,1.0,celltypepilot
K9_B002461.gencode.vH29,3::1,Fibroblast,1.0,celltypepilot
L10_B001774.gencode.vH29,3::1,Fibroblast,1.0,celltypepilot
L10_B002464.gencode.vH29,3::1,Fibroblast,1.0,celltypepilot
L12_B001771.gencode.vH29,3::1,Fibroblast,1.0,celltypepilot
L13_B001771.gencode.vH29,3::1,Fibroblast,1.0,celltypepilot
M10_B001769.gencode.vH29,3::1,Fibroblast,1.0,celltypepilot
M10_B001773.gencode.vH29,3::1,Fibroblast,1.0,celltypepilot
M11_B002461.gencode.vH29,3::1,Fibroblast,1.0,celltypepilot
M16_B001771.gencode.vH29,3::1,Fibroblast,1.0,celltypepilot
O10_B001771.gencode.vH29,3::1,Fibroblast,1.0,celltypepilot
O12_B001774.gencode.vH29,3::1,Fibroblast,1.0,celltypepilot
O14_B001773.gencode.vH29,3::1,Fibroblast,1.0,celltypepilot
O15_B002461.gencode.vH29,3::1,Fibroblast,1.0,celltypepilot
C15_B001771.gencode.vH29,3::1,Fibroblast,1.0,celltypepilot
C14_B002461.gencode.vH29,3::1,Fibroblast,1.0,celltypepilot
O9_B002461.gencode.vH29,3::1,Fibroblast,1.0,celltypepilot
C15_B002464.gencode.vH29,3::1,Fibroblast,1.0,celltypepilot
A12_B002464.gencode.vH29,3::1,Fibroblast,1.0,celltypepilot
A23_B001772.gencode.vH29,3::1,Fibroblast,1.0,celltypepilot
B11_B001773.gencode.vH29,3::1,Fibroblast,1.0,celltypepilot
B12_B001769.gencode.vH29,3::1,Fibroblast,1.0,celltypepilot
B13_B001771.gencode.vH29,3::1,Fibroblast,1.0,celltypepilot
B13_B001773.gencode.vH29,3::1,Fibroblast,1.0,celltypepilot
B14_B001769.gencode.vH29,3::1,Fibroblast,1.0,celltypepilot
B16_B001771.gencode.vH29,3::1,Fibroblast,1.0,celltypepilot
B21_B002460.gencode.vH29,3::1,Fibroblast,1.0,celltypepilot
B9_B002460.gencode.vH29,3::1,Fibroblast,1.0,celltypepilot
C10_B002461.gencode.vH29,3::1,Fibroblast,1.0,celltypepilot
C11_B001772.gencode.vH29,3::1,Fibroblast,1.0,celltypepilot
C12_B001773.gencode.vH29,3::1,Fibroblast,1.0,celltypepilot
C16_B001771.gencode.vH29,3::1,Fibroblast,1.0,celltypepilot
C16_B001773.gencode.vH29,3::1,Fibroblast,1.0,celltypepilot
C18_B001773.gencode.vH29,3::1,Fibroblast,1.0,celltypepilot
C19_B001773.gencode.vH29,3::1,Fibroblast,1.0,celltypepilot
C20_B003269.gencode.vH29,3::1,Fibroblast,1.0,celltypepilot
C23_B001773.gencode.vH29,3::1,Fibroblast,1.0,celltypepilot
D12_B002464.gencode.vH29,3::1,Fibroblast,1.0,celltypepilot
D16_B001774.gencode.vH29,3::1,Fibroblast,1.0,celltypepilot
D19_B002460.gencode.vH29,3::1,Fibroblast,1.0,celltypepilot
D9_B002461.gencode.vH29,3::1,Fibroblast,1.0,celltypepilot
E10_B001769.gencode.vH29,3::1,Fibroblast,1.0,celltypepilot
E11_B001769.gencode.vH29,3::1,Fibroblast,1.0,celltypepilot
E15_B001772.gencode.vH29,3::4,Capillary endothelial cell,1.0,celltypepilot
E15_B002461.gencode.vH29,3::1,Fibroblast,1.0,celltypepilot
E16_B001771.gencode.vH29,3::1,Fibroblast,1.0,celltypepilot
F10_B001772.gencode.vH29,3::1,Fibroblast,1.0,celltypepilot
F23_B003269.gencode.vH29,3::1,Fibroblast,1.0,celltypepilot
G11_B002461.gencode.vH29,3::1,Fibroblast,1.0,celltypepilot
G13_B001771.gencode.vH29,3::4,Capillary endothelial cell,1.0,celltypepilot
G14_B001773.gencode.vH29,3::1,Fibroblast,1.0,celltypepilot
G15_B002461.gencode.vH29,3::1,Fibroblast,1.0,celltypepilot
G23_B002460.gencode.vH29,3::1,Fibroblast,1.0,celltypepilot
H13_B001773.gencode.vH29,3::1,Fibroblast,1.0,celltypepilot
H13_B002461.gencode.vH29,3::1,Fibroblast,1.0,celltypepilot
H16_B001769.gencode.vH29,3::1,Fibroblast,1.0,celltypepilot
H21_B002460.gencode.vH29,3::1,Fibroblast,1.0,celltypepilot
H9_B002461.gencode.vH29,3::1,Fibroblast,1.0,celltypepilot
I10_B001771.gencode.vH29,3::1,Fibroblast,1.0,celltypepilot
I10_B001774.gencode.vH29,3::1,Fibroblast,1.0,celltypepilot
I11_B001773.gencode.vH29,3::1,Fibroblast,1.0,celltypepilot
I11_B002461.gencode.vH29,3::1,Fibroblast,1.0,celltypepilot
I11_B003269.gencode.vH29,3::1,Fibroblast,1.0,celltypepilot
I14_B002460.gencode.vH29,3::1,Fibroblast,1.0,celltypepilot
I9_B002461.gencode.vH29,3::1,Fibroblast,1.0,celltypepilot
J10_B001769.gencode.vH29,3::1,Fibroblast,1.0,celltypepilot
J18_B003269.gencode.vH29,3::1,Fibroblast,1.0,celltypepilot
J20_B002461.gencode.vH29,3::1,Fibroblast,1.0,celltypepilot
K10_B001773.gencode.vH29,3::1,Fibroblast,1.0,celltypepilot
K11_B002461.gencode.vH29,3::1,Fibroblast,1.0,celltypepilot
K12_B002461.gencode.vH29,3::1,Fibroblast,1.0,celltypepilot
K13_B001771.gencode.vH29,3::1,Fibroblast,1.0,celltypepilot
K15_B002460.gencode.vH29,3::1,Fibroblast,1.0,celltypepilot
K16_B001773.gencode.vH29,3::1,Fibroblast,1.0,celltypepilot
K23_B002460.gencode.vH29,3::1,Fibroblast,1.0,celltypepilot
L10_B002461.gencode.vH29,3::1,Fibroblast,1.0,celltypepilot
L11_B001769.gencode.vH29,3::1,Fibroblast,1.0,celltypepilot
L11_B001772.gencode.vH29,3::1,Fibroblast,1.0,celltypepilot
L13_B001769.gencode.vH29,3::1,Fibroblast,1.0,celltypepilot
L9_B001772.gencode.vH29,3::1,Fibroblast,1.0,celltypepilot
L9_B001773.gencode.vH29,3::1,Fibroblast,1.0,celltypepilot
M10_B001772.gencode.vH29,3::1,Fibroblast,1.0,celltypepilot
M11_B001773.gencode.vH29,3::1,Fibroblast,1.0,celltypepilot
M12_B002461.gencode.vH29,3::1,Fibroblast,1.0,celltypepilot
M13_B001771.gencode.vH29,3::1,Fibroblast,1.0,celltypepilot
M14_B001772.gencode.vH29,3::1,Fibroblast,1.0,celltypepilot
M14_B002461.gencode.vH29,3::1,Fibroblast,1.0,celltypepilot
M15_B002461.gencode.vH29,3::1,Fibroblast,1.0,celltypepilot
M16_B001769.gencode.vH29,3::1,Fibroblast,1.0,celltypepilot
M17_B002460.gencode.vH29,3::1,Fibroblast,1.0,celltypepilot
M18_B003269.gencode.vH29,3::1,Fibroblast,1.0,celltypepilot
N10_B003269.gencode.vH29,3::4,Capillary endothelial cell,1.0,celltypepilot
N13_B003269.gencode.vH29,3::1,Fibroblast,1.0,celltypepilot
N16_B001774.gencode.vH29,3::1,Fibroblast,1.0,celltypepilot
N16_B003269.gencode.vH29,3::1,Fibroblast,1.0,celltypepilot
N18_B001772.gencode.vH29,3::1,Fibroblast,1.0,celltypepilot
O12_B001773.gencode.vH29,3::1,Fibroblast,1.0,celltypepilot
O12_B002461.gencode.vH29,3::1,Fibroblast,1.0,celltypepilot
O14_B001772.gencode.vH29,3::1,Fibroblast,1.0,celltypepilot
O15_B002464.gencode.vH29,3::1,Fibroblast,1.0,celltypepilot
P10_B001773.gencode.vH29,3::1,Fibroblast,1.0,celltypepilot
P11_B001773.gencode.vH29,3::1,Fibroblast,1.0,celltypepilot
P12_B003269.gencode.vH29,3::1,Fibroblast,1.0,celltypepilot
P13_B001771.gencode.vH29,3::1,Fibroblast,1.0,celltypepilot
P14_B002460.gencode.vH29,3::1,Fibroblast,1.0,celltypepilot
P16_B001774.gencode.vH29,3::1,Fibroblast,1.0,celltypepilot
D10_B001774.gencode.vH29,3::1,Fibroblast,1.0,celltypepilot
A12_B003269.gencode.vH29,3::4,Capillary endothelial cell,1.0,celltypepilot
A14_B001772.gencode.vH29,3::1,Fibroblast,1.0,celltypepilot
A15_B001772.gencode.vH29,3::1,Fibroblast,1.0,celltypepilot
A16_B001772.gencode.vH29,3::1,Fibroblast,1.0,celltypepilot
A22_B003269.gencode.vH29,3::4,Capillary endothelial cell,1.0,celltypepilot
A9_B001772.gencode.vH29,3::1,Fibroblast,1.0,celltypepilot
B12_B001771.gencode.vH29,3::1,Fibroblast,1.0,celltypepilot
B13_B001772.gencode.vH29,3::1,Fibroblast,1.0,celltypepilot
B22_B003269.gencode.vH29,3::4,Capillary endothelial cell,1.0,celltypepilot
C14_B001771.gencode.vH29,3::1,Fibroblast,1.0,celltypepilot
C15_B001772.gencode.vH29,3::1,Fibroblast,1.0,celltypepilot
C19_B003269.gencode.vH29,3::4,Capillary endothelial cell,1.0,celltypepilot
C9_B001771.gencode.vH29,3::1,Fibroblast,1.0,celltypepilot
D10_B001771.gencode.vH29,3::1,Fibroblast,1.0,celltypepilot
D13_B001772.gencode.vH29,3::1,Fibroblast,1.0,celltypepilot
D14_B001771.gencode.vH29,3::4,Capillary endothelial cell,1.0,celltypepilot
D15_B001772.gencode.vH29,3::1,Fibroblast,1.0,celltypepilot
E10_B001772.gencode.vH29,3::1,Fibroblast,1.0,celltypepilot
E14_B001771.gencode.vH29,3::4,Capillary endothelial cell,1.0,celltypepilot
E15_B001771.gencode.vH29,3::1,Fibroblast,1.0,celltypepilot
E7_B001772.gencode.vH29,3::1,Fibroblast,1.0,celltypepilot
F14_B001771.gencode.vH29,3::1,Fibroblast,1.0,celltypepilot
F15_B001771.gencode.vH29,3::1,Fibroblast,1.0,celltypepilot
F15_B001772.gencode.vH29,3::1,Fibroblast,1.0,celltypepilot
F16_B001772.gencode.vH29,3::1,Fibroblast,1.0,celltypepilot
F9_B001771.gencode.vH29,3::1,Fibroblast,1.0,celltypepilot
G11_B001771.gencode.vH29,3::1,Fibroblast,1.0,celltypepilot
G11_B001772.gencode.vH29,3::1,Fibroblast,1.0,celltypepilot
G14_B001772.gencode.vH29,3::1,Fibroblast,1.0,celltypepilot
G15_B001771.gencode.vH29,3::1,Fibroblast,1.0,celltypepilot
G15_B001772.gencode.vH29,3::1,Fibroblast,1.0,celltypepilot
G16_B001772.gencode.vH29,3::1,Fibroblast,1.0,celltypepilot
H10_B001771.gencode.vH29,3::1,Fibroblast,1.0,celltypepilot
H14_B001771.gencode.vH29,3::1,Fibroblast,1.0,celltypepilot
H15_B001771.gencode.vH29,3::1,Fibroblast,1.0,celltypepilot
H16_B001771.gencode.vH29,3::1,Fibroblast,1.0,celltypepilot
H9_B001771.gencode.vH29,3::1,Fibroblast,1.0,celltypepilot
I11_B001772.gencode.vH29,3::1,Fibroblast,1.0,celltypepilot
I14_B002461.gencode.vH29,3::1,Fibroblast,1.0,celltypepilot
I15_B001772.gencode.vH29,3::1,Fibroblast,1.0,celltypepilot
I16_B001772.gencode.vH29,3::1,Fibroblast,1.0,celltypepilot
J11_B001771.gencode.vH29,3::1,Fibroblast,1.0,celltypepilot
J11_B002461.gencode.vH29,3::4,Capillary endothelial cell,1.0,celltypepilot
J12_B001771.gencode.vH29,3::1,Fibroblast,1.0,celltypepilot
J15_B001771.gencode.vH29,3::4,Capillary endothelial cell,1.0,celltypepilot
J9_B001771.gencode.vH29,3::1,Fibroblast,1.0,celltypepilot
K13_B001772.gencode.vH29,3::1,Fibroblast,1.0,celltypepilot
K15_B001772.gencode.vH29,3::1,Fibroblast,1.0,celltypepilot
L10_B001771.gencode.vH29,3::1,Fibroblast,1.0,celltypepilot
L10_B001772.gencode.vH29,3::1,Fibroblast,1.0,celltypepilot
L14_B001771.gencode.vH29,3::1,Fibroblast,1.0,celltypepilot
M11_B001771.gencode.vH29,3::1,Fibroblast,1.0,celltypepilot
M14_B001771.gencode.vH29,3::1,Fibroblast,1.0,celltypepilot
M15_B001772.gencode.vH29,3::1,Fibroblast,1.0,celltypepilot
M9_B001771.gencode.vH29,3::1,Fibroblast,1.0,celltypepilot
N10_B001771.gencode.vH29,3::1,Fibroblast,1.0,celltypepilot
N10_B001772.gencode.vH29,3::1,Fibroblast,1.0,celltypepilot
N11_B001771.gencode.vH29,3::1,Fibroblast,1.0,celltypepilot
N12_B001771.gencode.vH29,3::1,Fibroblast,1.0,celltypepilot
N13_B001771.gencode.vH29,3::1,Fibroblast,1.0,celltypepilot
N14_B001772.gencode.vH29,3::4,Capillary endothelial cell,1.0,celltypepilot
N15_B001772.gencode.vH29,3::1,Fibroblast,1.0,celltypepilot
N15_B002461.gencode.vH29,3::4,Capillary endothelial cell,1.0,celltypepilot
N16_B001772.gencode.vH29,3::1,Fibroblast,1.0,celltypepilot
N9_B001772.gencode.vH29,3::1,Fibroblast,1.0,celltypepilot
O11_B001774.gencode.vH29,3::1,Fibroblast,1.0,celltypepilot
O13_B001772.gencode.vH29,3::1,Fibroblast,1.0,celltypepilot
O14_B001771.gencode.vH29,3::1,Fibroblast,1.0,celltypepilot
O14_B001774.gencode.vH29,3::1,Fibroblast,1.0,celltypepilot
O15_B001771.gencode.vH29,3::1,Fibroblast,1.0,celltypepilot
O16_B001771.gencode.vH29,3::1,Fibroblast,1.0,celltypepilot
O9_B001774.gencode.vH29,3::1,Fibroblast,1.0,celltypepilot
P11_B001772.gencode.vH29,3::1,Fibroblast,1.0,celltypepilot
P13_B001773.gencode.vH29,3::1,Fibroblast,1.0,celltypepilot
P14_B001771.gencode.vH29,3::1,Fibroblast,1.0,celltypepilot
P16_B001771.gencode.vH29,3::4,Capillary endothelial cell,1.0,celltypepilot
P16_B001772.gencode.vH29,3::1,Fibroblast,1.0,celltypepilot
P9_B001774.gencode.vH29,3::4,Capillary endothelial cell,1.0,celltypepilot
A12_B001772.gencode.vH29,3::1,Fibroblast,1.0,celltypepilot
A11_B001772.gencode.vH29,3::4,Capillary endothelial cell,1.0,celltypepilot
A13_B001772.gencode.vH29,3::4,Capillary endothelial cell,1.0,celltypepilot
A15_B001774.gencode.vH29,3::4,Capillary endothelial cell,1.0,celltypepilot
B10_B002464.gencode.vH29,3::4,Capillary endothelial cell,1.0,celltypepilot
B12_B002464.gencode.vH29,3::4,Capillary endothelial cell,1.0,celltypepilot
B12_B003269.gencode.vH29,3::4,Capillary endothelial cell,1.0,celltypepilot
B13_B001774.gencode.vH29,3::4,Capillary endothelial cell,1.0,celltypepilot
B14_B002464.gencode.vH29,3::1,Fibroblast,1.0,celltypepilot
B9_B001772.gencode.vH29,3::4,Capillary endothelial cell,1.0,celltypepilot
C12_B001769.gencode.vH29,3::4,Capillary endothelial cell,1.0,celltypepilot
C12_B001771.gencode.vH29,3::4,Capillary endothelial cell,1.0,celltypepilot
C12_B001772.gencode.vH29,3::4,Capillary endothelial cell,1.0,celltypepilot
C13_B002464.gencode.vH29,3::4,Capillary endothelial cell,1.0,celltypepilot
C14_B001772.gencode.vH29,3::4,Capillary endothelial cell,1.0,celltypepilot
C14_B003269.gencode.vH29,3::4,Capillary endothelial cell,1.0,celltypepilot
C16_B001769.gencode.vH29,3::4,Capillary endothelial cell,1.0,celltypepilot
C16_B001772.gencode.vH29,3::4,Capillary endothelial cell,1.0,celltypepilot
C17_B003269.gencode.vH29,3::4,Capillary endothelial cell,1.0,celltypepilot
C3_B001772.gencode.vH29,3::4,Capillary endothelial cell,1.0,celltypepilot
C9_B001769.gencode.vH29,3::4,Capillary endothelial cell,1.0,celltypepilot
C9_B001774.gencode.vH29,3::4,Capillary endothelial cell,1.0,celltypepilot
D13_B001771.gencode.vH29,3::4,Capillary endothelial cell,1.0,celltypepilot
D13_B001773.gencode.vH29,3::4,Capillary endothelial cell,1.0,celltypepilot
D13_B001774.gencode.vH29,3::1,Fibroblast,1.0,celltypepilot
D14_B001769.gencode.vH29,3::4,Capillary endothelial cell,1.0,celltypepilot
E12_B001771.gencode.vH29,3::4,Capillary endothelial cell,1.0,celltypepilot
E14_B002464.gencode.vH29,3::4,Capillary endothelial cell,1.0,celltypepilot
F10_B001769.gencode.vH29,3::4,Capillary endothelial cell,1.0,celltypepilot
F13_B001772.gencode.vH29,3::4,Capillary endothelial cell,1.0,celltypepilot
F13_B002464.gencode.vH29,3::4,Capillary endothelial cell,1.0,celltypepilot
F14_B001772.gencode.vH29,3::4,Capillary endothelial cell,1.0,celltypepilot
F15_B001773.gencode.vH29,3::1,Fibroblast,1.0,celltypepilot
F15_B002464.gencode.vH29,3::4,Capillary endothelial cell,1.0,celltypepilot
F16_B001774.gencode.vH29,3::4,Capillary endothelial cell,1.0,celltypepilot
F16_B002464.gencode.vH29,3::4,Capillary endothelial cell,1.0,celltypepilot
F9_B001769.gencode.vH29,3::4,Capillary endothelial cell,1.0,celltypepilot
G11_B003269.gencode.vH29,3::4,Capillary endothelial cell,1.0,celltypepilot
G13_B001769.gencode.vH29,3::4,Capillary endothelial cell,1.0,celltypepilot
G9_B001772.gencode.vH29,3::4,Capillary endothelial cell,1.0,celltypepilot
G9_B002464.gencode.vH29,3::1,Fibroblast,1.0,celltypepilot
H10_B001773.gencode.vH29,3::4,Capillary endothelial cell,1.0,celltypepilot
H10_B002464.gencode.vH29,3::4,Capillary endothelial cell,1.0,celltypepilot
H11_B001769.gencode.vH29,3::4,Capillary endothelial cell,1.0,celltypepilot
H11_B001771.gencode.vH29,3::4,Capillary endothelial cell,1.0,celltypepilot
H11_B001774.gencode.vH29,3::4,Capillary endothelial cell,1.0,celltypepilot
H13_B001769.gencode.vH29,3::4,Capillary endothelial cell,1.0,celltypepilot
H13_B001771.gencode.vH29,3::4,Capillary endothelial cell,1.0,celltypepilot
H13_B001774.gencode.vH29,3::4,Capillary endothelial cell,1.0,celltypepilot
H14_B001772.gencode.vH29,3::4,Capillary endothelial cell,1.0,celltypepilot
H14_B002461.gencode.vH29,3::4,Capillary endothelial cell,1.0,celltypepilot
H14_B002464.gencode.vH29,3::4,Capillary endothelial cell,1.0,celltypepilot
H16_B001774.gencode.vH29,3::4,Capillary endothelial cell,1.0,celltypepilot
H16_B002464.gencode.vH29,3::4,Capillary endothelial cell,1.0,celltypepilot
I10_B001769.gencode.vH29,3::4,Capillary endothelial cell,1.0,celltypepilot
I12_B001771.gencode.vH29,3::4,Capillary endothelial cell,1.0,celltypepilot
I12_B001772.gencode.vH29,3::4,Capillary endothelial cell,1.0,celltypepilot
I13_B001771.gencode.vH29,3::4,Capillary endothelial cell,1.0,celltypepilot
I19_B002464.gencode.vH29,3::1,Fibroblast,1.0,celltypepilot
I23_B002460.gencode.vH29,3::1,Fibroblast,1.0,celltypepilot
I9_B001772.gencode.vH29,3::1,Fibroblast,1.0,celltypepilot
I9_B001774.gencode.vH29,3::4,Capillary endothelial cell,1.0,celltypepilot
J10_B001774.gencode.vH29,3::1,Fibroblast,1.0,celltypepilot
J12_B001772.gencode.vH29,3::4,Capillary endothelial cell,1.0,celltypepilot
J12_B002464.gencode.vH29,3::4,Capillary endothelial cell,1.0,celltypepilot
J13_B001771.gencode.vH29,3::4,Capillary endothelial cell,1.0,celltypepilot
J16_B001769.gencode.vH29,3::4,Capillary endothelial cell,1.0,celltypepilot
J3_B001774.gencode.vH29,3::1,Fibroblast,1.0,celltypepilot
K10_B001774.gencode.vH29,3::4,Capillary endothelial cell,1.0,celltypepilot
K10_B002464.gencode.vH29,3::1,Fibroblast,1.0,celltypepilot
K11_B001774.gencode.vH29,3::4,Capillary endothelial cell,1.0,celltypepilot
K12_B002464.gencode.vH29,3::4,Capillary endothelial cell,1.0,celltypepilot
K12_B003269.gencode.vH29,3::4,Capillary endothelial cell,1.0,celltypepilot
K13_B001774.gencode.vH29,3::4,Capillary endothelial cell,1.0,celltypepilot
K14_B001769.gencode.vH29,3::4,Capillary endothelial cell,1.0,celltypepilot
K14_B001771.gencode.vH29,3::4,Capillary endothelial cell,1.0,celltypepilot
K15_B001774.gencode.vH29,3::4,Capillary endothelial cell,1.0,celltypepilot
K16_B002464.gencode.vH29,3::4,Capillary endothelial cell,1.0,celltypepilot
K2_B001771.gencode.vH29,3::1,Fibroblast,1.0,celltypepilot
K9_B001769.gencode.vH29,3::4,Capillary endothelial cell,1.0,celltypepilot
K9_B001772.gencode.vH29,3::1,Fibroblast,1.0,celltypepilot
L10_B001769.gencode.vH29,3::4,Capillary endothelial cell,1.0,celltypepilot
L12_B001772.gencode.vH29,3::4,Capillary endothelial cell,1.0,celltypepilot
L13_B001772.gencode.vH29,3::4,Capillary endothelial cell,1.0,celltypepilot
L13_B001774.gencode.vH29,3::1,Fibroblast,1.0,celltypepilot
L13_B002464.gencode.vH29,3::4,Capillary endothelial cell,1.0,celltypepilot
L15_B001769.gencode.vH29,3::4,Capillary endothelial cell,1.0,celltypepilot
L15_B002464.gencode.vH29,3::4,Capillary endothelial cell,1.0,celltypepilot
L16_B001771.gencode.vH29,3::4,Capillary endothelial cell,1.0,celltypepilot
M11_B001769.gencode.vH29,3::4,Capillary endothelial cell,1.0,celltypepilot
M11_B001772.gencode.vH29,3::4,Capillary endothelial cell,1.0,celltypepilot
M11_B001774.gencode.vH29,3::4,Capillary endothelial cell,1.0,celltypepilot
M12_B001769.gencode.vH29,3::1,Fibroblast,1.0,celltypepilot
M13_B002464.gencode.vH29,3::4,Capillary endothelial cell,1.0,celltypepilot
M16_B001772.gencode.vH29,3::4,Capillary endothelial cell,1.0,celltypepilot
M16_B001774.gencode.vH29,3::4,Capillary endothelial cell,1.0,celltypepilot
M2_B001769.gencode.vH29,3::4,Capillary endothelial cell,1.0,celltypepilot
M5_B001769.gencode.vH29,3::1,Fibroblast,1.0,celltypepilot
N12_B001773.gencode.vH29,3::4,Capillary endothelial cell,1.0,celltypepilot
N12_B002464.gencode.vH29,3::4,Capillary endothelial cell,1.0,celltypepilot
N14_B001774.gencode.vH29,3::4,Capillary endothelial cell,1.0,celltypepilot
N2_B001774.gencode.vH29,3::1,Fibroblast,1.0,celltypepilot
N9_B001771.gencode.vH29,3::4,Capillary endothelial cell,1.0,celltypepilot
N9_B001774.gencode.vH29,3::4,Capillary endothelial cell,1.0,celltypepilot
O11_B001772.gencode.vH29,3::4,Capillary endothelial cell,1.0,celltypepilot
O11_B002461.gencode.vH29,3::1,Fibroblast,1.0,celltypepilot
O6_B001771.gencode.vH29,3::4,Capillary endothelial cell,1.0,celltypepilot
P12_B002464.gencode.vH29,3::4,Capillary endothelial cell,1.0,celltypepilot
P14_B001772.gencode.vH29,3::4,Capillary endothelial cell,1.0,celltypepilot
P16_B002461.gencode.vH29,3::1,Fibroblast,1.0,celltypepilot
P4_B001771.gencode.vH29,3::4,Capillary endothelial cell,1.0,celltypepilot
G14_B001771.gencode.vH29,3::4,Capillary endothelial cell,1.0,celltypepilot
G14_B002461.gencode.vH29,3::1,Fibroblast,1.0,celltypepilot
H12_B003269.gencode.vH29,3::4,Capillary endothelial cell,1.0,celltypepilot
H4_B003269.gencode.vH29,3::1,Fibroblast,1.0,celltypepilot
H9_B002460.gencode.vH29,3::1,Fibroblast,1.0,celltypepilot
L2_B002460.gencode.vH29,3::4,Capillary endothelial cell,1.0,celltypepilot
M10_B002464.gencode.vH29,3::1,Fibroblast,1.0,celltypepilot
N14_B002460.gencode.vH29,3::4,Capillary endothelial cell,1.0,celltypepilot
D19_B001771.gencode.vH29,3::3,NK cell,1.0,celltypepilot
A11_B001773.gencode.vH29,3::1,Fibroblast,1.0,celltypepilot
B10_B002461.gencode.vH29,3::1,Fibroblast,1.0,celltypepilot
B15_B001772.gencode.vH29,3::1,Fibroblast,1.0,celltypepilot
B16_B002460.gencode.vH29,3::1,Fibroblast,1.0,celltypepilot
B16_B002461.gencode.vH29,3::1,Fibroblast,1.0,celltypepilot
C15_B001769.gencode.vH29,3::1,Fibroblast,1.0,celltypepilot
C15_B001773.gencode.vH29,3::1,Fibroblast,1.0,celltypepilot
D13_B002461.gencode.vH29,3::1,Fibroblast,1.0,celltypepilot
D14_B001774.gencode.vH29,3::1,Fibroblast,1.0,celltypepilot
D14_B002461.gencode.vH29,3::1,Fibroblast,1.0,celltypepilot
D16_B001771.gencode.vH29,3::1,Fibroblast,1.0,celltypepilot
D16_B002464.gencode.vH29,3::1,Fibroblast,1.0,celltypepilot
E10_B002461.gencode.vH29,3::1,Fibroblast,1.0,celltypepilot
E11_B001773.gencode.vH29,3::1,Fibroblast,1.0,celltypepilot
E11_B002461.gencode.vH29,3::1,Fibroblast,1.0,celltypepilot
E13_B001772.gencode.vH29,3::1,Fibroblast,1.0,celltypepilot
E17_B001773.gencode.vH29,3::1,Fibroblast,1.0,celltypepilot
F14_B001773.gencode.vH29,3::1,Fibroblast,1.0,celltypepilot
F16_B002461.gencode.vH29,3::1,Fibroblast,1.0,celltypepilot
G10_B001773.gencode.vH29,3::1,Fibroblast,1.0,celltypepilot
G12_B001774.gencode.vH29,3::1,Fibroblast,1.0,celltypepilot
G9_B001773.gencode.vH29,3::1,Fibroblast,1.0,celltypepilot
G9_B002461.gencode.vH29,3::1,Fibroblast,1.0,celltypepilot
H12_B002464.gencode.vH29,3::1,Fibroblast,1.0,celltypepilot
H16_B002460.gencode.vH29,3::1,Fibroblast,1.0,celltypepilot
I14_B001769.gencode.vH29,3::1,Fibroblast,1.0,celltypepilot
I15_B001771.gencode.vH29,3::4,Capillary endothelial cell,1.0,celltypepilot
I15_B001773.gencode.vH29,3::1,Fibroblast,1.0,celltypepilot
I16_B001773.gencode.vH29,3::1,Fibroblast,1.0,celltypepilot
I20_B002461.gencode.vH29,3::1,Fibroblast,1.0,celltypepilot
J11_B001773.gencode.vH29,3::1,Fibroblast,1.0,celltypepilot
J14_B002461.gencode.vH29,3::1,Fibroblast,1.0,celltypepilot
K11_B001769.gencode.vH29,3::1,Fibroblast,1.0,celltypepilot
K14_B001772.gencode.vH29,3::1,Fibroblast,1.0,celltypepilot
L11_B001774.gencode.vH29,3::1,Fibroblast,1.0,celltypepilot
L14_B002464.gencode.vH29,3::1,Fibroblast,1.0,celltypepilot
L15_B001773.gencode.vH29,3::1,Fibroblast,1.0,celltypepilot
L16_B001773.gencode.vH29,3::1,Fibroblast,1.0,celltypepilot
L9_B001769.gencode.vH29,3::1,Fibroblast,1.0,celltypepilot
L9_B001774.gencode.vH29,3::1,Fibroblast,1.0,celltypepilot
M12_B002464.gencode.vH29,3::1,Fibroblast,1.0,celltypepilot
N10_B001769.gencode.vH29,3::1,Fibroblast,1.0,celltypepilot
N14_B001773.gencode.vH29,3::1,Fibroblast,1.0,celltypepilot
N9_B002461.gencode.vH29,3::1,Fibroblast,1.0,celltypepilot
O15_B001773.gencode.vH29,3::1,Fibroblast,1.0,celltypepilot
O19_B002461.gencode.vH29,3::1,Fibroblast,1.0,celltypepilot
O8_B002464.gencode.vH29,3::1,Fibroblast,1.0,celltypepilot
P12_B002461.gencode.vH29,3::1,Fibroblast,1.0,celltypepilot
P14_B002461.gencode.vH29,3::1,Fibroblast,1.0,celltypepilot
P23_B002461.gencode.vH29,3::1,Fibroblast,1.0,celltypepilot
P9_B001773.gencode.vH29,3::1,Fibroblast,1.0,celltypepilot
P16_B002464.gencode.vH29,3::1,Fibroblast,1.0,celltypepilot
A12_B002461.gencode.vH29,3::1,Fibroblast,1.0,celltypepilot
A14_B001774.gencode.vH29,3::1,Fibroblast,1.0,celltypepilot
A9_B002464.gencode.vH29,3::1,Fibroblast,1.0,celltypepilot
B10_B001773.gencode.vH29,3::1,Fibroblast,1.0,celltypepilot
B11_B002464.gencode.vH29,3::1,Fibroblast,1.0,celltypepilot
B13_B002461.gencode.vH29,3::1,Fibroblast,1.0,celltypepilot
B17_B002461.gencode.vH29,3::1,Fibroblast,1.0,celltypepilot
B18_B001773.gencode.vH29,3::1,Fibroblast,1.0,celltypepilot
B22_B002460.gencode.vH29,3::1,Fibroblast,1.0,celltypepilot
B9_B001769.gencode.vH29,3::1,Fibroblast,1.0,celltypepilot
B9_B001773.gencode.vH29,3::1,Fibroblast,1.0,celltypepilot
D17_B001773.gencode.vH29,3::1,Fibroblast,1.0,celltypepilot
D23_B003269.gencode.vH29,3::4,Capillary endothelial cell,1.0,celltypepilot
E14_B001773.gencode.vH29,3::1,Fibroblast,1.0,celltypepilot
G11_B001774.gencode.vH29,3::1,Fibroblast,1.0,celltypepilot
G13_B001772.gencode.vH29,3::1,Fibroblast,1.0,celltypepilot
G23_B003269.gencode.vH29,3::1,Fibroblast,1.0,celltypepilot
H10_B001769.gencode.vH29,3::1,Fibroblast,1.0,celltypepilot
H16_B001773.gencode.vH29,3::1,Fibroblast,1.0,celltypepilot
I11_B001771.gencode.vH29,3::1,Fibroblast,1.0,celltypepilot
J12_B001773.gencode.vH29,3::1,Fibroblast,1.0,celltypepilot
K15_B001773.gencode.vH29,3::4,Capillary endothelial cell,1.0,celltypepilot
K9_B001774.gencode.vH29,3::4,Capillary endothelial cell,1.0,celltypepilot
L13_B002460.gencode.vH29,3::1,Fibroblast,1.0,celltypepilot
L16_B001772.gencode.vH29,3::1,Fibroblast,1.0,celltypepilot
L21_B003269.gencode.vH29,3::1,Fibroblast,1.0,celltypepilot
M4_B001772.gencode.vH29,3::1,Fibroblast,1.0,celltypepilot
M6_B001772.gencode.vH29,3::1,Fibroblast,1.0,celltypepilot
N14_B001769.gencode.vH29,3::1,Fibroblast,1.0,celltypepilot
O10_B002460.gencode.vH29,3::1,Fibroblast,1.0,celltypepilot
O11_B001771.gencode.vH29,3::1,Fibroblast,1.0,celltypepilot
O13_B002461.gencode.vH29,3::1,Fibroblast,1.0,celltypepilot
P10_B001774.gencode.vH29,3::4,Capillary endothelial cell,1.0,celltypepilot
P10_B002464.gencode.vH29,3::1,Fibroblast,1.0,celltypepilot
P13_B001772.gencode.vH29,3::1,Fibroblast,1.0,celltypepilot
B23_B001774.gencode.vH29,3::1,Fibroblast,1.0,celltypepilot
J11_B001772.gencode.vH29,3::1,Fibroblast,1.0,celltypepilot
M13_B001769.gencode.vH29,3::1,Fibroblast,1.0,celltypepilot
N11_B001769.gencode.vH29,3::1,Fibroblast,1.0,celltypepilot
O12_B001772.gencode.vH29,3::4,Capillary endothelial cell,1.0,celltypepilot
B11_B001771.gencode.vH29,3::1,Fibroblast,1.0,celltypepilot
B11_B001774.gencode.vH29,3::1,Fibroblast,1.0,celltypepilot
B12_B002461.gencode.vH29,3::1,Fibroblast,1.0,celltypepilot
B14_B001772.gencode.vH29,3::4,Capillary endothelial cell,1.0,celltypepilot
B14_B001774.gencode.vH29,3::1,Fibroblast,1.0,celltypepilot
B14_B002461.gencode.vH29,3::1,Fibroblast,1.0,celltypepilot
B16_B001773.gencode.vH29,3::1,Fibroblast,1.0,celltypepilot
B16_B001774.gencode.vH29,3::1,Fibroblast,1.0,celltypepilot
B18_B002460.gencode.vH29,3::1,Fibroblast,1.0,celltypepilot
B9_B001774.gencode.vH29,3::1,Fibroblast,1.0,celltypepilot
B9_B002461.gencode.vH29,3::1,Fibroblast,1.0,celltypepilot
B9_B002464.gencode.vH29,3::1,Fibroblast,1.0,celltypepilot
C10_B001772.gencode.vH29,3::1,Fibroblast,1.0,celltypepilot
C12_B002461.gencode.vH29,3::1,Fibroblast,1.0,celltypepilot
C12_B002464.gencode.vH29,3::1,Fibroblast,1.0,celltypepilot
C13_B001769.gencode.vH29,3::4,Capillary endothelial cell,1.0,celltypepilot
C15_B002461.gencode.vH29,3::1,Fibroblast,1.0,celltypepilot
C9_B001772.gencode.vH29,3::1,Fibroblast,1.0,celltypepilot
C9_B002461.gencode.vH29,3::1,Fibroblast,1.0,celltypepilot
D11_B001771.gencode.vH29,3::1,Fibroblast,1.0,celltypepilot
D12_B001769.gencode.vH29,3::1,Fibroblast,1.0,celltypepilot
D12_B001771.gencode.vH29,3::1,Fibroblast,1.0,celltypepilot
D12_B001773.gencode.vH29,3::1,Fibroblast,1.0,celltypepilot
D12_B002461.gencode.vH29,3::1,Fibroblast,1.0,celltypepilot
D15_B001771.gencode.vH29,3::1,Fibroblast,1.0,celltypepilot
D15_B001773.gencode.vH29,3::1,Fibroblast,1.0,celltypepilot
D16_B002461.gencode.vH29,3::1,Fibroblast,1.0,celltypepilot
D9_B001771.gencode.vH29,3::4,Capillary endothelial cell,1.0,celltypepilot
E10_B001771.gencode.vH29,3::1,Fibroblast,1.0,celltypepilot
E11_B001771.gencode.vH29,3::1,Fibroblast,1.0,celltypepilot
E12_B001772.gencode.vH29,3::1,Fibroblast,1.0,celltypepilot
E13_B001769.gencode.vH29,3::1,Fibroblast,1.0,celltypepilot
E14_B001769.gencode.vH29,3::1,Fibroblast,1.0,celltypepilot
E14_B001774.gencode.vH29,3::1,Fibroblast,1.0,celltypepilot
E15_B001773.gencode.vH29,3::1,Fibroblast,1.0,celltypepilot
E9_B001771.gencode.vH29,3::1,Fibroblast,1.0,celltypepilot
E9_B001772.gencode.vH29,3::1,Fibroblast,1.0,celltypepilot
E9_B001773.gencode.vH29,3::1,Fibroblast,1.0,celltypepilot
F11_B001769.gencode.vH29,3::1,Fibroblast,1.0,celltypepilot
F11_B002461.gencode.vH29,3::1,Fibroblast,1.0,celltypepilot
F12_B002461.gencode.vH29,3::1,Fibroblast,1.0,celltypepilot
F13_B001773.gencode.vH29,3::1,Fibroblast,1.0,celltypepilot
F15_B001774.gencode.vH29,3::1,Fibroblast,1.0,celltypepilot
G11_B001769.gencode.vH29,3::1,Fibroblast,1.0,celltypepilot
G12_B001769.gencode.vH29,3::1,Fibroblast,1.0,celltypepilot
G12_B001772.gencode.vH29,3::1,Fibroblast,1.0,celltypepilot
G12_B001773.gencode.vH29,3::1,Fibroblast,1.0,celltypepilot
G14_B002464.gencode.vH29,3::1,Fibroblast,1.0,celltypepilot
G16_B001769.gencode.vH29,3::1,Fibroblast,1.0,celltypepilot
H10_B001774.gencode.vH29,3::1,Fibroblast,1.0,celltypepilot
H11_B001772.gencode.vH29,3::1,Fibroblast,1.0,celltypepilot
H12_B001769.gencode.vH29,3::1,Fibroblast,1.0,celltypepilot
H12_B001771.gencode.vH29,3::1,Fibroblast,1.0,celltypepilot
H12_B001772.gencode.vH29,3::1,Fibroblast,1.0,celltypepilot
H14_B001769.gencode.vH29,3::1,Fibroblast,1.0,celltypepilot
H15_B001769.gencode.vH29,3::1,Fibroblast,1.0,celltypepilot
H16_B001772.gencode.vH29,3::1,Fibroblast,1.0,celltypepilot
H16_B002461.gencode.vH29,3::1,Fibroblast,1.0,celltypepilot
H22_B003269.gencode.vH29,3::1,Fibroblast,1.0,celltypepilot
H9_B001769.gencode.vH29,3::1,Fibroblast,1.0,celltypepilot
I14_B001771.gencode.vH29,3::1,Fibroblast,1.0,celltypepilot
I16_B001771.gencode.vH29,3::1,Fibroblast,1.0,celltypepilot
I16_B002461.gencode.vH29,3::1,Fibroblast,1.0,celltypepilot
I16_B002464.gencode.vH29,3::1,Fibroblast,1.0,celltypepilot
J10_B002464.gencode.vH29,3::1,Fibroblast,1.0,celltypepilot
J11_B002464.gencode.vH29,3::1,Fibroblast,1.0,celltypepilot
J15_B001769.gencode.vH29,3::1,Fibroblast,1.0,celltypepilot
J16_B001771.gencode.vH29,3::4,Capillary endothelial cell,1.0,celltypepilot
J9_B001769.gencode.vH29,3::1,Fibroblast,1.0,celltypepilot
J9_B001773.gencode.vH29,3::1,Fibroblast,1.0,celltypepilot
K12_B001773.gencode.vH29,3::1,Fibroblast,1.0,celltypepilot
K13_B001769.gencode.vH29,3::1,Fibroblast,1.0,celltypepilot
K15_B001769.gencode.vH29,3::1,Fibroblast,1.0,celltypepilot
K9_B001773.gencode.vH29,3::1,Fibroblast,1.0,celltypepilot
L12_B002464.gencode.vH29,3::1,Fibroblast,1.0,celltypepilot
L13_B001773.gencode.vH29,3::1,Fibroblast,1.0,celltypepilot
L13_B002461.gencode.vH29,3::1,Fibroblast,1.0,celltypepilot
L14_B001769.gencode.vH29,3::1,Fibroblast,1.0,celltypepilot
L14_B002461.gencode.vH29,3::1,Fibroblast,1.0,celltypepilot
M10_B001771.gencode.vH29,3::1,Fibroblast,1.0,celltypepilot
M13_B001773.gencode.vH29,3::1,Fibroblast,1.0,celltypepilot
M15_B001771.gencode.vH29,3::1,Fibroblast,1.0,celltypepilot
M15_B001773.gencode.vH29,3::1,Fibroblast,1.0,celltypepilot
M15_B002464.gencode.vH29,3::1,Fibroblast,1.0,celltypepilot
M17_B003269.gencode.vH29,3::1,Fibroblast,1.0,celltypepilot
M9_B001772.gencode.vH29,3::1,Fibroblast,1.0,celltypepilot
N10_B001774.gencode.vH29,3::1,Fibroblast,1.0,celltypepilot
N12_B002461.gencode.vH29,3::1,Fibroblast,1.0,celltypepilot
N13_B001769.gencode.vH29,3::1,Fibroblast,1.0,celltypepilot
N15_B001771.gencode.vH29,3::4,Capillary endothelial cell,1.0,celltypepilot
N16_B001769.gencode.vH29,3::1,Fibroblast,1.0,celltypepilot
O12_B001771.gencode.vH29,3::1,Fibroblast,1.0,celltypepilot
O13_B001771.gencode.vH29,3::4,Capillary endothelial cell,1.0,celltypepilot
O14_B002464.gencode.vH29,3::1,Fibroblast,1.0,celltypepilot
O15_B001772.gencode.vH29,3::1,Fibroblast,1.0,celltypepilot
P10_B001772.gencode.vH29,3::4,Capillary endothelial cell,1.0,celltypepilot
P11_B002461.gencode.vH29,3::1,Fibroblast,1.0,celltypepilot
P12_B001771.gencode.vH29,3::4,Capillary endothelial cell,1.0,celltypepilot
P9_B001771.gencode.vH29,3::4,Capillary endothelial cell,1.0,celltypepilot
A17_B001772.gencode.vH29,3::3,NK cell,1.0,celltypepilot
A19_B002461.gencode.vH29,3::3,NK cell,1.0,celltypepilot
A19_B003269.gencode.vH29,3::3,NK cell,1.0,celltypepilot
A20_B001774.gencode.vH29,3::3,NK cell,1.0,celltypepilot
A20_B002464.gencode.vH29,3::3,NK cell,1.0,celltypepilot
A21_B001774.gencode.vH29,3::3,NK cell,1.0,celltypepilot
A21_B002464.gencode.vH29,3::3,NK cell,1.0,celltypepilot
A21_B003269.gencode.vH29,3::3,NK cell,1.0,celltypepilot
A23_B002461.gencode.vH29,3::3,NK cell,1.0,celltypepilot
A23_B002464.gencode.vH29,3::3,NK cell,1.0,celltypepilot
B17_B001769.gencode.vH29,3::3,NK cell,1.0,celltypepilot
B18_B001769.gencode.vH29,3::3,NK cell,1.0,celltypepilot
B18_B001772.gencode.vH29,3::3,NK cell,1.0,celltypepilot
B19_B001771.gencode.vH29,3::3,NK cell,1.0,celltypepilot
B19_B003269.gencode.vH29,3::3,NK cell,1.0,celltypepilot
B20_B003269.gencode.vH29,3::3,NK cell,1.0,celltypepilot
B22_B001774.gencode.vH29,3::3,NK cell,1.0,celltypepilot
B23_B001772.gencode.vH29,3::3,NK cell,1.0,celltypepilot
C18_B001772.gencode.vH29,3::3,NK cell,1.0,celltypepilot
C19_B001772.gencode.vH29,3::3,NK cell,1.0,celltypepilot
C19_B002460.gencode.vH29,3::3,NK cell,1.0,celltypepilot
C20_B001772.gencode.vH29,3::3,NK cell,1.0,celltypepilot
C21_B001772.gencode.vH29,3::3,NK cell,1.0,celltypepilot
C22_B001771.gencode.vH29,3::3,NK cell,1.0,celltypepilot
C22_B001772.gencode.vH29,3::3,NK cell,1.0,celltypepilot
C22_B002461.gencode.vH29,3::3,NK cell,1.0,celltypepilot
C23_B001774.gencode.vH29,3::3,NK cell,1.0,celltypepilot
C23_B003269.gencode.vH29,3::3,NK cell,1.0,celltypepilot
D20_B001772.gencode.vH29,3::3,NK cell,1.0,celltypepilot
D21_B001772.gencode.vH29,3::3,NK cell,1.0,celltypepilot
D21_B003269.gencode.vH29,3::3,NK cell,1.0,celltypepilot
D22_B003269.gencode.vH29,3::3,NK cell,1.0,celltypepilot
E18_B001772.gencode.vH29,3::3,NK cell,1.0,celltypepilot
E19_B001769.gencode.vH29,3::3,NK cell,1.0,celltypepilot
E19_B001771.gencode.vH29,3::3,NK cell,1.0,celltypepilot
E20_B001772.gencode.vH29,3::3,NK cell,1.0,celltypepilot
E20_B003269.gencode.vH29,3::3,NK cell,1.0,celltypepilot
E21_B001771.gencode.vH29,3::3,NK cell,1.0,celltypepilot
E21_B001772.gencode.vH29,3::3,NK cell,1.0,celltypepilot
E21_B003269.gencode.vH29,3::3,NK cell,1.0,celltypepilot
E23_B001769.gencode.vH29,3::3,NK cell,1.0,celltypepilot
F17_B001772.gencode.vH29,3::3,NK cell,1.0,celltypepilot
F17_B003269.gencode.vH29,3::3,NK cell,1.0,celltypepilot
F18_B001772.gencode.vH29,3::3,NK cell,1.0,celltypepilot
F19_B003269.gencode.vH29,3::3,NK cell,1.0,celltypepilot
F20_B001772.gencode.vH29,3::3,NK cell,1.0,celltypepilot
G17_B001772.gencode.vH29,3::3,NK cell,1.0,celltypepilot
G18_B001772.gencode.vH29,3::3,NK cell,1.0,celltypepilot
G18_B003269.gencode.vH29,3::3,NK cell,1.0,celltypepilot
G19_B001771.gencode.vH29,3::3,NK cell,1.0,celltypepilot
G19_B001772.gencode.vH29,3::3,NK cell,1.0,celltypepilot
G20_B001771.gencode.vH29,3::3,NK cell,1.0,celltypepilot
G22_B001771.gencode.vH29,3::3,NK cell,1.0,celltypepilot
G23_B001769.gencode.vH29,3::3,NK cell,1.0,celltypepilot
H17_B001771.gencode.vH29,3::3,NK cell,1.0,celltypepilot
H17_B001772.gencode.vH29,3::3,NK cell,1.0,celltypepilot
H18_B001772.gencode.vH29,3::3,NK cell,1.0,celltypepilot
H18_B003269.gencode.vH29,3::3,NK cell,1.0,celltypepilot
H20_B001771.gencode.vH29,3::3,NK cell,1.0,celltypepilot
H22_B001771.gencode.vH29,3::3,NK cell,1.0,celltypepilot
H23_B002461.gencode.vH29,3::3,NK cell,1.0,celltypepilot
H23_B003269.gencode.vH29,3::3,NK cell,1.0,celltypepilot
I18_B001771.gencode.vH29,3::3,NK cell,1.0,celltypepilot
I18_B001772.gencode.vH29,3::3,NK cell,1.0,celltypepilot
I19_B001772.gencode.vH29,3::3,NK cell,1.0,celltypepilot
I20_B001771.gencode.vH29,3::3,NK cell,1.0,celltypepilot
I21_B001771.gencode.vH29,3::3,NK cell,1.0,celltypepilot
I23_B003269.gencode.vH29,3::3,NK cell,1.0,celltypepilot
J17_B001771.gencode.vH29,3::3,NK cell,1.0,celltypepilot
J17_B001772.gencode.vH29,3::3,NK cell,1.0,celltypepilot
J18_B001771.gencode.vH29,3::3,NK cell,1.0,celltypepilot
J19_B001772.gencode.vH29,3::3,NK cell,1.0,celltypepilot
J20_B001771.gencode.vH29,3::3,NK cell,1.0,celltypepilot
J22_B003269.gencode.vH29,3::3,NK cell,1.0,celltypepilot
K17_B001771.gencode.vH29,3::3,NK cell,1.0,celltypepilot
K18_B001772.gencode.vH29,3::3,NK cell,1.0,celltypepilot
K18_B003269.gencode.vH29,3::3,NK cell,1.0,celltypepilot
K19_B003269.gencode.vH29,3::3,NK cell,1.0,celltypepilot
K20_B001771.gencode.vH29,3::3,NK cell,1.0,celltypepilot
K21_B001769.gencode.vH29,3::3,NK cell,1.0,celltypepilot
K21_B001771.gencode.vH29,3::3,NK cell,1.0,celltypepilot
K21_B003269.gencode.vH29,3::3,NK cell,1.0,celltypepilot
K22_B001771.gencode.vH29,3::3,NK cell,1.0,celltypepilot
K23_B003269.gencode.vH29,3::3,NK cell,1.0,celltypepilot
L17_B001771.gencode.vH29,3::3,NK cell,1.0,celltypepilot
L17_B001772.gencode.vH29,3::3,NK cell,1.0,celltypepilot
L18_B001771.gencode.vH29,3::3,NK cell,1.0,celltypepilot
L18_B001774.gencode.vH29,3::3,NK cell,1.0,celltypepilot
L19_B003269.gencode.vH29,3::3,NK cell,1.0,celltypepilot
L20_B001771.gencode.vH29,3::3,NK cell,1.0,celltypepilot
L20_B003269.gencode.vH29,3::3,NK cell,1.0,celltypepilot
L21_B001772.gencode.vH29,3::3,NK cell,1.0,celltypepilot
L22_B001771.gencode.vH29,3::3,NK cell,1.0,celltypepilot
M17_B001771.gencode.vH29,3::3,NK cell,1.0,celltypepilot
M17_B001772.gencode.vH29,3::3,NK cell,1.0,celltypepilot
M17_B002464.gencode.vH29,3::3,NK cell,1.0,celltypepilot
M19_B001771.gencode.vH29,3::3,NK cell,1.0,celltypepilot
M21_B001771.gencode.vH29,3::3,NK cell,1.0,celltypepilot
M21_B001772.gencode.vH29,3::3,NK cell,1.0,celltypepilot
M21_B003269.gencode.vH29,3::3,NK cell,1.0,celltypepilot
M22_B001772.gencode.vH29,3::3,NK cell,1.0,celltypepilot
M22_B001774.gencode.vH29,3::3,NK cell,1.0,celltypepilot
M23_B001772.gencode.vH29,3::3,NK cell,1.0,celltypepilot
M23_B001774.gencode.vH29,3::3,NK cell,1.0,celltypepilot
N17_B003269.gencode.vH29,3::3,NK cell,1.0,celltypepilot
N18_B001771.gencode.vH29,3::3,NK cell,1.0,celltypepilot
N18_B003269.gencode.vH29,3::3,NK cell,1.0,celltypepilot
N19_B001771.gencode.vH29,3::3,NK cell,1.0,celltypepilot
N20_B001773.gencode.vH29,3::3,NK cell,1.0,celltypepilot
N21_B001772.gencode.vH29,3::3,NK cell,1.0,celltypepilot
N21_B002461.gencode.vH29,3::3,NK cell,1.0,celltypepilot
N21_B003269.gencode.vH29,3::3,NK cell,1.0,celltypepilot
N23_B001772.gencode.vH29,3::3,NK cell,1.0,celltypepilot
N23_B001774.gencode.vH29,3::3,NK cell,1.0,celltypepilot
N23_B003269.gencode.vH29,3::3,NK cell,1.0,celltypepilot
O18_B003269.gencode.vH29,3::3,NK cell,1.0,celltypepilot
O19_B001771.gencode.vH29,3::3,NK cell,1.0,celltypepilot
O19_B003269.gencode.vH29,3::3,NK cell,1.0,celltypepilot
O20_B001772.gencode.vH29,3::3,NK cell,1.0,celltypepilot
O20_B002461.gencode.vH29,3::3,NK cell,1.0,celltypepilot
O20_B003269.gencode.vH29,3::3,NK cell,1.0,celltypepilot
O21_B001771.gencode.vH29,3::3,NK cell,1.0,celltypepilot
O21_B001774.gencode.vH29,3::3,NK cell,1.0,celltypepilot
O22_B001772.gencode.vH29,3::3,NK cell,1.0,celltypepilot
O23_B001769.gencode.vH29,3::3,NK cell,1.0,celltypepilot
O23_B001771.gencode.vH29,3::3,NK cell,1.0,celltypepilot
P17_B001774.gencode.vH29,3::3,NK cell,1.0,celltypepilot
P17_B002461.gencode.vH29,3::3,NK cell,1.0,celltypepilot
P18_B002461.gencode.vH29,3::3,NK cell,1.0,celltypepilot
P20_B001774.gencode.vH29,3::3,NK cell,1.0,celltypepilot
P21_B001773.gencode.vH29,3::3,NK cell,1.0,celltypepilot
P21_B001774.gencode.vH29,3::3,NK cell,1.0,celltypepilot
P21_B002461.gencode.vH29,3::3,NK cell,1.0,celltypepilot
P22_B001774.gencode.vH29,3::3,NK cell,1.0,celltypepilot
P22_B002461.gencode.vH29,3::3,NK cell,1.0,celltypepilot
D22_B001772.gencode.vH29,3::3,NK cell,1.0,celltypepilot
I17_B001771.gencode.vH29,3::3,NK cell,1.0,celltypepilot
A22_B001772.gencode.vH29,3::3,NK cell,1.0,celltypepilot
A23_B001769.gencode.vH29,3::3,NK cell,1.0,celltypepilot
D19_B003269.gencode.vH29,3::3,NK cell,1.0,celltypepilot
I23_B001769.gencode.vH29,3::3,NK cell,1.0,celltypepilot
N17_B001771.gencode.vH29,3::3,NK cell,1.0,celltypepilot
O17_B001771.gencode.vH29,3::3,NK cell,1.0,celltypepilot
P17_B001772.gencode.vH29,3::3,NK cell,1.0,celltypepilot
P18_B001772.gencode.vH29,3::3,NK cell,1.0,celltypepilot
A20_B003269.gencode.vH29,3::3,NK cell,1.0,celltypepilot
A23_B001774.gencode.vH29,3::3,NK cell,1.0,celltypepilot
B17_B001771.gencode.vH29,3::3,NK cell,1.0,celltypepilot
B17_B001772.gencode.vH29,3::3,NK cell,1.0,celltypepilot
B18_B003269.gencode.vH29,3::3,NK cell,1.0,celltypepilot
B21_B001771.gencode.vH29,3::3,NK cell,1.0,celltypepilot
B22_B001771.gencode.vH29,3::3,NK cell,1.0,celltypepilot
B23_B003269.gencode.vH29,3::3,NK cell,1.0,celltypepilot
C17_B001771.gencode.vH29,3::3,NK cell,1.0,celltypepilot
C17_B001772.gencode.vH29,3::3,NK cell,1.0,celltypepilot
C18_B001771.gencode.vH29,3::3,NK cell,1.0,celltypepilot
C20_B001771.gencode.vH29,3::3,NK cell,1.0,celltypepilot
C20_B002460.gencode.vH29,3::4,Capillary endothelial cell,1.0,celltypepilot
C21_B001771.gencode.vH29,3::3,NK cell,1.0,celltypepilot
D17_B001771.gencode.vH29,3::3,NK cell,1.0,celltypepilot
D19_B001772.gencode.vH29,3::3,NK cell,1.0,celltypepilot
D20_B001771.gencode.vH29,3::3,NK cell,1.0,celltypepilot
D21_B001771.gencode.vH29,3::3,NK cell,1.0,celltypepilot
D23_B001771.gencode.vH29,3::3,NK cell,1.0,celltypepilot
E18_B001771.gencode.vH29,3::3,NK cell,1.0,celltypepilot
E18_B003269.gencode.vH29,3::3,NK cell,1.0,celltypepilot
E19_B002460.gencode.vH29,3::4,Capillary endothelial cell,1.0,celltypepilot
E20_B001771.gencode.vH29,3::3,NK cell,1.0,celltypepilot
E22_B001771.gencode.vH29,3::3,NK cell,1.0,celltypepilot
E23_B001771.gencode.vH29,3::3,NK cell,1.0,celltypepilot
E23_B003269.gencode.vH29,3::3,NK cell,1.0,celltypepilot
F17_B001771.gencode.vH29,3::3,NK cell,1.0,celltypepilot
F18_B001771.gencode.vH29,3::3,NK cell,1.0,celltypepilot
F18_B003269.gencode.vH29,3::3,NK cell,1.0,celltypepilot
F19_B001771.gencode.vH29,3::3,NK cell,1.0,celltypepilot
F20_B001771.gencode.vH29,3::3,NK cell,1.0,celltypepilot
F21_B001771.gencode.vH29,3::3,NK cell,1.0,celltypepilot
F22_B001771.gencode.vH29,3::3,NK cell,1.0,celltypepilot
F23_B001771.gencode.vH29,3::3,NK cell,1.0,celltypepilot
G20_B003269.gencode.vH29,3::3,NK cell,1.0,celltypepilot
G21_B001771.gencode.vH29,3::3,NK cell,1.0,celltypepilot
G23_B001771.gencode.vH29,3::3,NK cell,1.0,celltypepilot
I19_B001771.gencode.vH29,3::3,NK cell,1.0,celltypepilot
I23_B001771.gencode.vH29,3::3,NK cell,1.0,celltypepilot
J19_B001771.gencode.vH29,3::3,NK cell,1.0,celltypepilot
J21_B001771.gencode.vH29,3::3,NK cell,1.0,celltypepilot
J22_B001771.gencode.vH29,3::3,NK cell,1.0,celltypepilot
K19_B001771.gencode.vH29,3::3,NK cell,1.0,celltypepilot
K19_B001774.gencode.vH29,3::3,NK cell,1.0,celltypepilot
K22_B003269.gencode.vH29,3::3,NK cell,1.0,celltypepilot
L19_B001771.gencode.vH29,3::3,NK cell,1.0,celltypepilot
L23_B001771.gencode.vH29,3::3,NK cell,1.0,celltypepilot
L23_B001774.gencode.vH29,3::3,NK cell,1.0,celltypepilot
M20_B001771.gencode.vH29,3::3,NK cell,1.0,celltypepilot
M22_B003269.gencode.vH29,3::3,NK cell,1.0,celltypepilot
M23_B001771.gencode.vH29,3::3,NK cell,1.0,celltypepilot
N22_B001771.gencode.vH29,3::3,NK cell,1.0,celltypepilot
O20_B001771.gencode.vH29,3::3,NK cell,1.0,celltypepilot
P17_B003269.gencode.vH29,3::3,NK cell,1.0,celltypepilot
P18_B001771.gencode.vH29,3::3,NK cell,1.0,celltypepilot
P18_B003269.gencode.vH29,3::3,NK cell,1.0,celltypepilot
P19_B001771.gencode.vH29,3::3,NK cell,1.0,celltypepilot
P19_B003269.gencode.vH29,3::3,NK cell,1.0,celltypepilot
P22_B001771.gencode.vH29,3::3,NK cell,1.0,celltypepilot
A22_B002460.gencode.vH29,3::3,NK cell,1.0,celltypepilot
A23_B001773.gencode.vH29,3::3,NK cell,1.0,celltypepilot
B21_B001772.gencode.vH29,3::3,NK cell,1.0,celltypepilot
B21_B001774.gencode.vH29,3::3,NK cell,1.0,celltypepilot
D18_B001769.gencode.vH29,3::3,NK cell,1.0,celltypepilot
D21_B001774.gencode.vH29,3::3,NK cell,1.0,celltypepilot
E17_B001769.gencode.vH29,3::3,NK cell,1.0,celltypepilot
E23_B002461.gencode.vH29,3::3,NK cell,1.0,celltypepilot
F23_B002460.gencode.vH29,3::3,NK cell,1.0,celltypepilot
G20_B001772.gencode.vH29,3::3,NK cell,1.0,celltypepilot
H17_B003269.gencode.vH29,3::3,NK cell,1.0,celltypepilot
H19_B002460.gencode.vH29,3::3,NK cell,1.0,celltypepilot
H20_B001774.gencode.vH29,3::3,NK cell,1.0,celltypepilot
J17_B003269.gencode.vH29,3::3,NK cell,1.0,celltypepilot
K19_B001769.gencode.vH29,3::3,NK cell,1.0,celltypepilot
L23_B002461.gencode.vH29,3::3,NK cell,1.0,celltypepilot
M23_B001773.gencode.vH29,3::3,NK cell,1.0,celltypepilot
N18_B001773.gencode.vH29,3::3,NK cell,1.0,celltypepilot
N19_B001774.gencode.vH29,3::3,NK cell,1.0,celltypepilot
O18_B002460.gencode.vH29,3::3,NK cell,1.0,celltypepilot
O21_B002464.gencode.vH29,3::3,NK cell,1.0,celltypepilot
F17_B002460.gencode.vH29,3::3,NK cell,1.0,celltypepilot
I19_B002461.gencode.vH29,3::3,NK cell,1.0,celltypepilot
L18_B001773.gencode.vH29,3::3,NK cell,1.0,celltypepilot
L22_B002461.gencode.vH29,3::3,NK cell,1.0,celltypepilot
A19_B002460.gencode.vH29,3::4,Capillary endothelial cell,1.0,celltypepilot
A20_B001772.gencode.vH29,3::3,NK cell,1.0,celltypepilot
B17_B001773.gencode.vH29,3::3,NK cell,1.0,celltypepilot
B17_B002460.gencode.vH29,3::4,Capillary endothelial cell,1.0,celltypepilot
B20_B002460.gencode.vH29,3::4,Capillary endothelial cell,1.0,celltypepilot
B21_B002461.gencode.vH29,3::2,Alveolar type 2 cell,1.0,celltypepilot
B21_B003269.gencode.vH29,3::4,Capillary endothelial cell,1.0,celltypepilot
B22_B001772.gencode.vH29,3::3,NK cell,1.0,celltypepilot
B23_B002460.gencode.vH29,3::4,Capillary endothelial cell,1.0,celltypepilot
C19_B001774.gencode.vH29,3::4,Capillary endothelial cell,1.0,celltypepilot
C21_B002464.gencode.vH29,3::3,NK cell,1.0,celltypepilot
C22_B001774.gencode.vH29,3::4,Capillary endothelial cell,1.0,celltypepilot
D17_B001769.gencode.vH29,3::4,Capillary endothelial cell,1.0,celltypepilot
D18_B001772.gencode.vH29,3::3,NK cell,1.0,celltypepilot
D20_B003269.gencode.vH29,3::3,NK cell,1.0,celltypepilot
D22_B002460.gencode.vH29,3::3,NK cell,1.0,celltypepilot
D23_B001774.gencode.vH29,3::4,Capillary endothelial cell,1.0,celltypepilot
E17_B001771.gencode.vH29,3::4,Capillary endothelial cell,1.0,celltypepilot
E17_B002461.gencode.vH29,3::2,Alveolar type 2 cell,1.0,celltypepilot
E17_B003269.gencode.vH29,3::4,Capillary endothelial cell,1.0,celltypepilot
E18_B002464.gencode.vH29,3::4,Capillary endothelial cell,1.0,celltypepilot
E20_B001769.gencode.vH29,3::3,NK cell,1.0,celltypepilot
F18_B001769.gencode.vH29,3::3,NK cell,1.0,celltypepilot
F21_B002461.gencode.vH29,3::3,NK cell,1.0,celltypepilot
F21_B003269.gencode.vH29,3::3,NK cell,1.0,celltypepilot
G18_B001769.gencode.vH29,3::3,NK cell,1.0,celltypepilot
G22_B001773.gencode.vH29,3::4,Capillary endothelial cell,1.0,celltypepilot
H17_B002464.gencode.vH29,3::3,NK cell,1.0,celltypepilot
H18_B001769.gencode.vH29,3::3,NK cell,1.0,celltypepilot
H18_B002460.gencode.vH29,3::4,Capillary endothelial cell,1.0,celltypepilot
H19_B001771.gencode.vH29,3::4,Capillary endothelial cell,1.0,celltypepilot
H20_B002464.gencode.vH29,3::4,Capillary endothelial cell,1.0,celltypepilot
H21_B001771.gencode.vH29,3::3,NK cell,1.0,celltypepilot
H23_B001771.gencode.vH29,3::3,NK cell,1.0,celltypepilot
I17_B002461.gencode.vH29,3::4,Capillary endothelial cell,1.0,celltypepilot
I22_B001771.gencode.vH29,3::3,NK cell,1.0,celltypepilot
J18_B001772.gencode.vH29,3::1,Fibroblast,1.0,celltypepilot
J19_B003269.gencode.vH29,3::4,Capillary endothelial cell,1.0,celltypepilot
J21_B001772.gencode.vH29,3::3,NK cell,1.0,celltypepilot
J22_B002461.gencode.vH29,3::3,NK cell,1.0,celltypepilot
J23_B001773.gencode.vH29,3::3,NK cell,1.0,celltypepilot
J23_B003269.gencode.vH29,3::4,Capillary endothelial cell,1.0,celltypepilot
K18_B001771.gencode.vH29,3::3,NK cell,1.0,celltypepilot
K18_B002460.gencode.vH29,3::3,NK cell,1.0,celltypepilot
K20_B001774.gencode.vH29,3::3,NK cell,1.0,celltypepilot
K21_B001772.gencode.vH29,3::3,NK cell,1.0,celltypepilot
K22_B002461.gencode.vH29,3::3,NK cell,1.0,celltypepilot
K23_B001774.gencode.vH29,3::3,NK cell,1.0,celltypepilot
L19_B002460.gencode.vH29,3::3,NK cell,1.0,celltypepilot
M18_B001773.gencode.vH29,3::3,NK cell,1.0,celltypepilot
M19_B001772.gencode.vH29,3::3,NK cell,1.0,celltypepilot
M19_B002461.gencode.vH29,3::3,NK cell,1.0,celltypepilot
M20_B002461.gencode.vH29,3::3,NK cell,1.0,celltypepilot
M22_B001771.gencode.vH29,3::4,Capillary endothelial cell,1.0,celltypepilot
N17_B001772.gencode.vH29,3::3,NK cell,1.0,celltypepilot
N17_B002460.gencode.vH29,3::2,Alveolar type 2 cell,1.0,celltypepilot
N18_B002461.gencode.vH29,3::3,NK cell,1.0,celltypepilot
N19_B001772.gencode.vH29,3::4,Capillary endothelial cell,1.0,celltypepilot
N22_B002461.gencode.vH29,3::4,Capillary endothelial cell,1.0,celltypepilot
N23_B001771.gencode.vH29,3::3,NK cell,1.0,celltypepilot
O17_B001772.gencode.vH29,3::2,Alveolar type 2 cell,1.0,celltypepilot
O18_B001772.gencode.vH29,3::4,Capillary endothelial cell,1.0,celltypepilot
O19_B001772.gencode.vH29,3::1,Fibroblast,1.0,celltypepilot
O22_B001774.gencode.vH29,3::3,NK cell,1.0,celltypepilot
P17_B002464.gencode.vH29,3::4,Capillary endothelial cell,1.0,celltypepilot
P19_B001774.gencode.vH29,3::3,NK cell,1.0,celltypepilot
P20_B002461.gencode.vH29,3::3,NK cell,1.0,celltypepilot
P20_B002464.gencode.vH29,3::4,Capillary endothelial cell,1.0,celltypepilot
P21_B001771.gencode.vH29,3::4,Capillary endothelial cell,1.0,celltypepilot
P23_B001771.gencode.vH29,3::3,NK cell,1.0,celltypepilot
A22_B002461.gencode.vH29,3::3,NK cell,1.0,celltypepilot
A22_B002464.gencode.vH29,3::3,NK cell,1.0,celltypepilot
C20_B002464.gencode.vH29,3::3,NK cell,1.0,celltypepilot
C23_B001769.gencode.vH29,3::3,NK cell,1.0,celltypepilot
F17_B001769.gencode.vH29,3::3,NK cell,1.0,celltypepilot
F19_B001773.gencode.vH29,3::3,NK cell,1.0,celltypepilot
F20_B003269.gencode.vH29,3::3,NK cell,1.0,celltypepilot
H18_B001771.gencode.vH29,3::3,NK cell,1.0,celltypepilot
I17_B001772.gencode.vH29,3::3,NK cell,1.0,celltypepilot
I22_B001772.gencode.vH29,3::3,NK cell,1.0,celltypepilot
J20_B001772.gencode.vH29,3::3,NK cell,1.0,celltypepilot
K18_B001774.gencode.vH29,3::3,NK cell,1.0,celltypepilot
K19_B001772.gencode.vH29,3::3,NK cell,1.0,celltypepilot
K20_B001769.gencode.vH29,3::3,NK cell,1.0,celltypepilot
K20_B001772.gencode.vH29,3::3,NK cell,1.0,celltypepilot
K22_B001773.gencode.vH29,3::3,NK cell,1.0,celltypepilot
L17_B003269.gencode.vH29,3::3,NK cell,1.0,celltypepilot
L23_B001772.gencode.vH29,3::3,NK cell,1.0,celltypepilot
M20_B001772.gencode.vH29,3::3,NK cell,1.0,celltypepilot
N20_B001772.gencode.vH29,3::3,NK cell,1.0,celltypepilot
O17_B001774.gencode.vH29,3::3,NK cell,1.0,celltypepilot
O21_B002461.gencode.vH29,3::3,NK cell,1.0,celltypepilot
P19_B002464.gencode.vH29,3::3,NK cell,1.0,celltypepilot
P20_B001773.gencode.vH29,3::3,NK cell,1.0,celltypepilot
P23_B001773.gencode.vH29,3::3,NK cell,1.0,celltypepilot
A17_B002460.gencode.vH29,3::3,NK cell,1.0,celltypepilot
A17_B002461.gencode.vH29,3::3,NK cell,1.0,celltypepilot
A17_B002464.gencode.vH29,3::3,NK cell,1.0,celltypepilot
A18_B001773.gencode.vH29,3::3,NK cell,1.0,celltypepilot
A18_B002460.gencode.vH29,3::3,NK cell,1.0,celltypepilot
A19_B001773.gencode.vH29,3::3,NK cell,1.0,celltypepilot
A19_B002464.gencode.vH29,3::3,NK cell,1.0,celltypepilot
A20_B001773.gencode.vH29,3::3,NK cell,1.0,celltypepilot
A20_B002461.gencode.vH29,3::3,NK cell,1.0,celltypepilot
A21_B001773.gencode.vH29,3::3,NK cell,1.0,celltypepilot
A21_B002461.gencode.vH29,3::3,NK cell,1.0,celltypepilot
A22_B001773.gencode.vH29,3::3,NK cell,1.0,celltypepilot
B17_B001774.gencode.vH29,3::3,NK cell,1.0,celltypepilot
B18_B002461.gencode.vH29,3::3,NK cell,1.0,celltypepilot
B19_B001773.gencode.vH29,3::3,NK cell,1.0,celltypepilot
B19_B001774.gencode.vH29,3::3,NK cell,1.0,celltypepilot
B19_B002461.gencode.vH29,3::3,NK cell,1.0,celltypepilot
B20_B001773.gencode.vH29,3::3,NK cell,1.0,celltypepilot
B20_B001774.gencode.vH29,3::3,NK cell,1.0,celltypepilot
B20_B002461.gencode.vH29,3::3,NK cell,1.0,celltypepilot
B21_B001773.gencode.vH29,3::3,NK cell,1.0,celltypepilot
C17_B001769.gencode.vH29,3::3,NK cell,1.0,celltypepilot
C17_B001773.gencode.vH29,3::3,NK cell,1.0,celltypepilot
C17_B001774.gencode.vH29,3::3,NK cell,1.0,celltypepilot
C18_B001769.gencode.vH29,3::3,NK cell,1.0,celltypepilot
C19_B001769.gencode.vH29,3::3,NK cell,1.0,celltypepilot
C19_B002464.gencode.vH29,3::3,NK cell,1.0,celltypepilot
C20_B001769.gencode.vH29,3::3,NK cell,1.0,celltypepilot
C20_B001774.gencode.vH29,3::3,NK cell,1.0,celltypepilot
C21_B001769.gencode.vH29,3::3,NK cell,1.0,celltypepilot
C21_B001773.gencode.vH29,3::3,NK cell,1.0,celltypepilot
C21_B002460.gencode.vH29,3::3,NK cell,1.0,celltypepilot
C22_B001769.gencode.vH29,3::3,NK cell,1.0,celltypepilot
C22_B001773.gencode.vH29,3::3,NK cell,1.0,celltypepilot
C23_B002460.gencode.vH29,3::3,NK cell,1.0,celltypepilot
C23_B002461.gencode.vH29,3::3,NK cell,1.0,celltypepilot
C23_B002464.gencode.vH29,3::3,NK cell,1.0,celltypepilot
D17_B001774.gencode.vH29,3::3,NK cell,1.0,celltypepilot
D17_B002460.gencode.vH29,3::3,NK cell,1.0,celltypepilot
D17_B002461.gencode.vH29,3::3,NK cell,1.0,celltypepilot
D18_B001773.gencode.vH29,3::3,NK cell,1.0,celltypepilot
D18_B002460.gencode.vH29,3::3,NK cell,1.0,celltypepilot
D18_B002461.gencode.vH29,3::3,NK cell,1.0,celltypepilot
D20_B001773.gencode.vH29,3::3,NK cell,1.0,celltypepilot
D20_B002461.gencode.vH29,3::3,NK cell,1.0,celltypepilot
D21_B002460.gencode.vH29,3::3,NK cell,1.0,celltypepilot
D22_B001773.gencode.vH29,3::3,NK cell,1.0,celltypepilot
D22_B002461.gencode.vH29,3::3,NK cell,1.0,celltypepilot
D23_B002461.gencode.vH29,3::3,NK cell,1.0,celltypepilot
E17_B001772.gencode.vH29,3::3,NK cell,1.0,celltypepilot
E17_B001774.gencode.vH29,3::3,NK cell,1.0,celltypepilot
E18_B001769.gencode.vH29,3::3,NK cell,1.0,celltypepilot
E18_B002461.gencode.vH29,3::3,NK cell,1.0,celltypepilot
E19_B001772.gencode.vH29,3::3,NK cell,1.0,celltypepilot
E19_B001774.gencode.vH29,3::3,NK cell,1.0,celltypepilot
E20_B001773.gencode.vH29,3::3,NK cell,1.0,celltypepilot
E20_B001774.gencode.vH29,3::3,NK cell,1.0,celltypepilot
E21_B001769.gencode.vH29,3::3,NK cell,1.0,celltypepilot
E21_B001774.gencode.vH29,3::3,NK cell,1.0,celltypepilot
E21_B002460.gencode.vH29,3::3,NK cell,1.0,celltypepilot
E22_B001769.gencode.vH29,3::3,NK cell,1.0,celltypepilot
E22_B001773.gencode.vH29,3::3,NK cell,1.0,celltypepilot
E22_B001774.gencode.vH29,3::3,NK cell,1.0,celltypepilot
E22_B002460.gencode.vH29,3::3,NK cell,1.0,celltypepilot
F18_B001774.gencode.vH29,3::3,NK cell,1.0,celltypepilot
F18_B002461.gencode.vH29,3::3,NK cell,1.0,celltypepilot
F21_B001773.gencode.vH29,3::3,NK cell,1.0,celltypepilot
F21_B002460.gencode.vH29,3::3,NK cell,1.0,celltypepilot
F22_B001774.gencode.vH29,3::3,NK cell,1.0,celltypepilot
F22_B002460.gencode.vH29,3::3,NK cell,1.0,celltypepilot
F22_B002461.gencode.vH29,3::3,NK cell,1.0,celltypepilot
F23_B001774.gencode.vH29,3::3,NK cell,1.0,celltypepilot
G19_B002460.gencode.vH29,3::3,NK cell,1.0,celltypepilot
G19_B002461.gencode.vH29,3::3,NK cell,1.0,celltypepilot
G20_B002461.gencode.vH29,3::3,NK cell,1.0,celltypepilot
G21_B001769.gencode.vH29,3::3,NK cell,1.0,celltypepilot
G21_B001772.gencode.vH29,3::3,NK cell,1.0,celltypepilot
G21_B003269.gencode.vH29,3::3,NK cell,1.0,celltypepilot
G22_B003269.gencode.vH29,3::3,NK cell,1.0,celltypepilot
G23_B001773.gencode.vH29,3::3,NK cell,1.0,celltypepilot
H17_B001769.gencode.vH29,3::3,NK cell,1.0,celltypepilot
H18_B001774.gencode.vH29,3::3,NK cell,1.0,celltypepilot
H19_B001772.gencode.vH29,3::3,NK cell,1.0,celltypepilot
H19_B002461.gencode.vH29,3::3,NK cell,1.0,celltypepilot
H20_B001772.gencode.vH29,3::3,NK cell,1.0,celltypepilot
H20_B001773.gencode.vH29,3::3,NK cell,1.0,celltypepilot
H21_B001772.gencode.vH29,3::3,NK cell,1.0,celltypepilot
H21_B001774.gencode.vH29,3::3,NK cell,1.0,celltypepilot
H22_B001772.gencode.vH29,3::3,NK cell,1.0,celltypepilot
H23_B001773.gencode.vH29,3::3,NK cell,1.0,celltypepilot
I17_B001769.gencode.vH29,3::3,NK cell,1.0,celltypepilot
I17_B002460.gencode.vH29,3::3,NK cell,1.0,celltypepilot
I19_B001769.gencode.vH29,3::3,NK cell,1.0,celltypepilot
I20_B001769.gencode.vH29,3::3,NK cell,1.0,celltypepilot
I20_B001772.gencode.vH29,3::3,NK cell,1.0,celltypepilot
I21_B001769.gencode.vH29,3::3,NK cell,1.0,celltypepilot
I22_B001769.gencode.vH29,3::3,NK cell,1.0,celltypepilot
I22_B001773.gencode.vH29,3::3,NK cell,1.0,celltypepilot
I22_B001774.gencode.vH29,3::3,NK cell,1.0,celltypepilot
I23_B001773.gencode.vH29,3::3,NK cell,1.0,celltypepilot
I23_B001774.gencode.vH29,3::3,NK cell,1.0,celltypepilot
J17_B002460.gencode.vH29,3::3,NK cell,1.0,celltypepilot
J17_B002461.gencode.vH29,3::3,NK cell,1.0,celltypepilot
J19_B002464.gencode.vH29,3::3,NK cell,1.0,celltypepilot
J20_B001773.gencode.vH29,3::3,NK cell,1.0,celltypepilot
J20_B001774.gencode.vH29,3::3,NK cell,1.0,celltypepilot
J21_B001773.gencode.vH29,3::3,NK cell,1.0,celltypepilot
J22_B002460.gencode.vH29,3::3,NK cell,1.0,celltypepilot
J23_B001774.gencode.vH29,3::3,NK cell,1.0,celltypepilot
J23_B002461.gencode.vH29,3::3,NK cell,1.0,celltypepilot
K17_B001772.gencode.vH29,3::3,NK cell,1.0,celltypepilot
K17_B001773.gencode.vH29,3::3,NK cell,1.0,celltypepilot
K17_B001774.gencode.vH29,3::3,NK cell,1.0,celltypepilot
K17_B002460.gencode.vH29,3::3,NK cell,1.0,celltypepilot
K18_B002461.gencode.vH29,3::3,NK cell,1.0,celltypepilot
K18_B002464.gencode.vH29,3::3,NK cell,1.0,celltypepilot
K19_B002461.gencode.vH29,3::3,NK cell,1.0,celltypepilot
K20_B002461.gencode.vH29,3::3,NK cell,1.0,celltypepilot
K21_B001774.gencode.vH29,3::3,NK cell,1.0,celltypepilot
K22_B001769.gencode.vH29,3::3,NK cell,1.0,celltypepilot
K23_B001771.gencode.vH29,3::3,NK cell,1.0,celltypepilot
K23_B001772.gencode.vH29,3::3,NK cell,1.0,celltypepilot
K23_B001773.gencode.vH29,3::3,NK cell,1.0,celltypepilot
L17_B001769.gencode.vH29,3::3,NK cell,1.0,celltypepilot
L18_B002461.gencode.vH29,3::3,NK cell,1.0,celltypepilot
L18_B002464.gencode.vH29,3::3,NK cell,1.0,celltypepilot
L19_B002461.gencode.vH29,3::3,NK cell,1.0,celltypepilot
L20_B002460.gencode.vH29,3::3,NK cell,1.0,celltypepilot
L21_B001774.gencode.vH29,3::3,NK cell,1.0,celltypepilot
L21_B002460.gencode.vH29,3::3,NK cell,1.0,celltypepilot
L21_B002461.gencode.vH29,3::3,NK cell,1.0,celltypepilot
L22_B001772.gencode.vH29,3::3,NK cell,1.0,celltypepilot
L22_B001774.gencode.vH29,3::3,NK cell,1.0,celltypepilot
L22_B002460.gencode.vH29,3::3,NK cell,1.0,celltypepilot
L23_B001773.gencode.vH29,3::3,NK cell,1.0,celltypepilot
M17_B001769.gencode.vH29,3::3,NK cell,1.0,celltypepilot
M17_B001774.gencode.vH29,3::3,NK cell,1.0,celltypepilot
M17_B002461.gencode.vH29,3::3,NK cell,1.0,celltypepilot
M18_B002461.gencode.vH29,3::3,NK cell,1.0,celltypepilot
M19_B001769.gencode.vH29,3::3,NK cell,1.0,celltypepilot
M19_B002464.gencode.vH29,3::3,NK cell,1.0,celltypepilot
M20_B002464.gencode.vH29,3::3,NK cell,1.0,celltypepilot
M21_B001769.gencode.vH29,3::3,NK cell,1.0,celltypepilot
M21_B001774.gencode.vH29,3::3,NK cell,1.0,celltypepilot
M22_B001769.gencode.vH29,3::3,NK cell,1.0,celltypepilot
M22_B001773.gencode.vH29,3::3,NK cell,1.0,celltypepilot
M22_B002461.gencode.vH29,3::3,NK cell,1.0,celltypepilot
N17_B001773.gencode.vH29,3::3,NK cell,1.0,celltypepilot
N17_B002461.gencode.vH29,3::3,NK cell,1.0,celltypepilot
N19_B001773.gencode.vH29,3::3,NK cell,1.0,celltypepilot
N19_B002461.gencode.vH29,3::3,NK cell,1.0,celltypepilot
N21_B001773.gencode.vH29,3::3,NK cell,1.0,celltypepilot
N21_B001774.gencode.vH29,3::3,NK cell,1.0,celltypepilot
N21_B002460.gencode.vH29,3::3,NK cell,1.0,celltypepilot
N22_B001774.gencode.vH29,3::3,NK cell,1.0,celltypepilot
O17_B002464.gencode.vH29,3::3,NK cell,1.0,celltypepilot
O18_B001773.gencode.vH29,3::3,NK cell,1.0,celltypepilot
O18_B002461.gencode.vH29,3::3,NK cell,1.0,celltypepilot
O19_B002460.gencode.vH29,3::3,NK cell,1.0,celltypepilot
O19_B002464.gencode.vH29,3::3,NK cell,1.0,celltypepilot
O20_B001774.gencode.vH29,3::3,NK cell,1.0,celltypepilot
O21_B001772.gencode.vH29,3::3,NK cell,1.0,celltypepilot
O21_B001773.gencode.vH29,3::3,NK cell,1.0,celltypepilot
O22_B002461.gencode.vH29,3::3,NK cell,1.0,celltypepilot
O23_B001772.gencode.vH29,3::3,NK cell,1.0,celltypepilot
P17_B001773.gencode.vH29,3::3,NK cell,1.0,celltypepilot
P18_B002464.gencode.vH29,3::3,NK cell,1.0,celltypepilot
P19_B001773.gencode.vH29,3::3,NK cell,1.0,celltypepilot
A20_B002460.gencode.vH29,3::3,NK cell,1.0,celltypepilot
B17_B002464.gencode.vH29,3::3,NK cell,1.0,celltypepilot
B19_B001772.gencode.vH29,3::3,NK cell,1.0,celltypepilot
B23_B001771.gencode.vH29,3::3,NK cell,1.0,celltypepilot
B23_B001773.gencode.vH29,3::3,NK cell,1.0,celltypepilot
C17_B002464.gencode.vH29,3::3,NK cell,1.0,celltypepilot
C18_B001774.gencode.vH29,3::3,NK cell,1.0,celltypepilot
C18_B002461.gencode.vH29,3::3,NK cell,1.0,celltypepilot
C18_B002464.gencode.vH29,3::3,NK cell,1.0,celltypepilot
C21_B001774.gencode.vH29,3::3,NK cell,1.0,celltypepilot
C22_B002464.gencode.vH29,3::3,NK cell,1.0,celltypepilot
D19_B001773.gencode.vH29,3::3,NK cell,1.0,celltypepilot
E17_B002460.gencode.vH29,3::3,NK cell,1.0,celltypepilot
E21_B001773.gencode.vH29,3::3,NK cell,1.0,celltypepilot
E21_B002461.gencode.vH29,3::3,NK cell,1.0,celltypepilot
E22_B002461.gencode.vH29,3::3,NK cell,1.0,celltypepilot
F17_B002461.gencode.vH29,3::3,NK cell,1.0,celltypepilot
F17_B002464.gencode.vH29,3::3,NK cell,1.0,celltypepilot
F18_B002464.gencode.vH29,3::3,NK cell,1.0,celltypepilot
F19_B001774.gencode.vH29,3::3,NK cell,1.0,celltypepilot
F20_B001773.gencode.vH29,3::3,NK cell,1.0,celltypepilot
F20_B001774.gencode.vH29,3::3,NK cell,1.0,celltypepilot
F20_B002460.gencode.vH29,3::3,NK cell,1.0,celltypepilot
F20_B002461.gencode.vH29,3::3,NK cell,1.0,celltypepilot
F21_B001774.gencode.vH29,3::3,NK cell,1.0,celltypepilot
F22_B001773.gencode.vH29,3::3,NK cell,1.0,celltypepilot
F23_B001773.gencode.vH29,3::3,NK cell,1.0,celltypepilot
G17_B001769.gencode.vH29,3::3,NK cell,1.0,celltypepilot
G17_B001773.gencode.vH29,3::3,NK cell,1.0,celltypepilot
G17_B002460.gencode.vH29,3::3,NK cell,1.0,celltypepilot
G17_B002461.gencode.vH29,3::3,NK cell,1.0,celltypepilot
G18_B001773.gencode.vH29,3::3,NK cell,1.0,celltypepilot
G18_B002461.gencode.vH29,3::3,NK cell,1.0,celltypepilot
G18_B002464.gencode.vH29,3::3,NK cell,1.0,celltypepilot
G19_B001769.gencode.vH29,3::3,NK cell,1.0,celltypepilot
G19_B001773.gencode.vH29,3::3,NK cell,1.0,celltypepilot
G20_B001773.gencode.vH29,3::3,NK cell,1.0,celltypepilot
G21_B001773.gencode.vH29,3::3,NK cell,1.0,celltypepilot
G22_B001769.gencode.vH29,3::3,NK cell,1.0,celltypepilot
G22_B002460.gencode.vH29,3::3,NK cell,1.0,celltypepilot
G22_B002461.gencode.vH29,3::3,NK cell,1.0,celltypepilot
H17_B001773.gencode.vH29,3::3,NK cell,1.0,celltypepilot
H17_B001774.gencode.vH29,3::3,NK cell,1.0,celltypepilot
H17_B002460.gencode.vH29,3::3,NK cell,1.0,celltypepilot
H17_B002461.gencode.vH29,3::3,NK cell,1.0,celltypepilot
H18_B002464.gencode.vH29,3::3,NK cell,1.0,celltypepilot
H19_B002464.gencode.vH29,3::3,NK cell,1.0,celltypepilot
H20_B002461.gencode.vH29,3::3,NK cell,1.0,celltypepilot
H21_B001773.gencode.vH29,3::3,NK cell,1.0,celltypepilot
H21_B002461.gencode.vH29,3::3,NK cell,1.0,celltypepilot
H21_B002464.gencode.vH29,3::3,NK cell,1.0,celltypepilot
H22_B001773.gencode.vH29,3::3,NK cell,1.0,celltypepilot
H22_B001774.gencode.vH29,3::3,NK cell,1.0,celltypepilot
H23_B002460.gencode.vH29,3::3,NK cell,1.0,celltypepilot
I17_B001773.gencode.vH29,3::3,NK cell,1.0,celltypepilot
I17_B002464.gencode.vH29,3::3,NK cell,1.0,celltypepilot
I18_B001769.gencode.vH29,3::3,NK cell,1.0,celltypepilot
I18_B001773.gencode.vH29,3::3,NK cell,1.0,celltypepilot
I18_B001774.gencode.vH29,3::3,NK cell,1.0,celltypepilot
I18_B002460.gencode.vH29,3::3,NK cell,1.0,celltypepilot
I18_B002464.gencode.vH29,3::3,NK cell,1.0,celltypepilot
I19_B001773.gencode.vH29,3::3,NK cell,1.0,celltypepilot
I19_B001774.gencode.vH29,3::3,NK cell,1.0,celltypepilot
I19_B002460.gencode.vH29,3::3,NK cell,1.0,celltypepilot
I19_B003269.gencode.vH29,3::3,NK cell,1.0,celltypepilot
I20_B001774.gencode.vH29,3::3,NK cell,1.0,celltypepilot
I20_B002464.gencode.vH29,3::3,NK cell,1.0,celltypepilot
I21_B001773.gencode.vH29,3::3,NK cell,1.0,celltypepilot
I21_B001774.gencode.vH29,3::3,NK cell,1.0,celltypepilot
I21_B002461.gencode.vH29,3::3,NK cell,1.0,celltypepilot
I21_B002464.gencode.vH29,3::3,NK cell,1.0,celltypepilot
I22_B002461.gencode.vH29,3::3,NK cell,1.0,celltypepilot
J17_B001773.gencode.vH29,3::3,NK cell,1.0,celltypepilot
J17_B002464.gencode.vH29,3::3,NK cell,1.0,celltypepilot
J18_B002460.gencode.vH29,3::3,NK cell,1.0,celltypepilot
J18_B002461.gencode.vH29,3::3,NK cell,1.0,celltypepilot
J18_B002464.gencode.vH29,3::3,NK cell,1.0,celltypepilot
J19_B001773.gencode.vH29,3::3,NK cell,1.0,celltypepilot
J20_B002464.gencode.vH29,3::3,NK cell,1.0,celltypepilot
J21_B002464.gencode.vH29,3::3,NK cell,1.0,celltypepilot
J22_B001773.gencode.vH29,3::3,NK cell,1.0,celltypepilot
J22_B001774.gencode.vH29,3::3,NK cell,1.0,celltypepilot
J22_B002464.gencode.vH29,3::3,NK cell,1.0,celltypepilot
J23_B002464.gencode.vH29,3::3,NK cell,1.0,celltypepilot
K17_B001769.gencode.vH29,3::3,NK cell,1.0,celltypepilot
K17_B002464.gencode.vH29,3::3,NK cell,1.0,celltypepilot
K18_B001769.gencode.vH29,3::3,NK cell,1.0,celltypepilot
K19_B002460.gencode.vH29,3::3,NK cell,1.0,celltypepilot
K19_B002464.gencode.vH29,3::3,NK cell,1.0,celltypepilot
K20_B001773.gencode.vH29,3::3,NK cell,1.0,celltypepilot
K20_B002460.gencode.vH29,3::3,NK cell,1.0,celltypepilot
K20_B002464.gencode.vH29,3::3,NK cell,1.0,celltypepilot
K21_B001773.gencode.vH29,3::3,NK cell,1.0,celltypepilot
K21_B002460.gencode.vH29,3::3,NK cell,1.0,celltypepilot
K21_B002464.gencode.vH29,3::3,NK cell,1.0,celltypepilot
K22_B001774.gencode.vH29,3::3,NK cell,1.0,celltypepilot
K22_B002460.gencode.vH29,3::3,NK cell,1.0,celltypepilot
K23_B002461.gencode.vH29,3::3,NK cell,1.0,celltypepilot
L17_B001774.gencode.vH29,3::3,NK cell,1.0,celltypepilot
L17_B002460.gencode.vH29,3::3,NK cell,1.0,celltypepilot
L17_B002464.gencode.vH29,3::3,NK cell,1.0,celltypepilot
L19_B001773.gencode.vH29,3::3,NK cell,1.0,celltypepilot
L20_B001772.gencode.vH29,3::3,NK cell,1.0,celltypepilot
L20_B001773.gencode.vH29,3::3,NK cell,1.0,celltypepilot
L20_B002461.gencode.vH29,3::3,NK cell,1.0,celltypepilot
L20_B002464.gencode.vH29,3::3,NK cell,1.0,celltypepilot
L21_B001773.gencode.vH29,3::3,NK cell,1.0,celltypepilot
M17_B001773.gencode.vH29,3::3,NK cell,1.0,celltypepilot
M18_B002464.gencode.vH29,3::3,NK cell,1.0,celltypepilot
M19_B001774.gencode.vH29,3::3,NK cell,1.0,celltypepilot
M20_B001773.gencode.vH29,3::3,NK cell,1.0,celltypepilot
M20_B002460.gencode.vH29,3::3,NK cell,1.0,celltypepilot
M21_B001773.gencode.vH29,3::3,NK cell,1.0,celltypepilot
M21_B002460.gencode.vH29,3::3,NK cell,1.0,celltypepilot
M21_B002461.gencode.vH29,3::3,NK cell,1.0,celltypepilot
M21_B002464.gencode.vH29,3::3,NK cell,1.0,celltypepilot
M22_B002460.gencode.vH29,3::3,NK cell,1.0,celltypepilot
M23_B002461.gencode.vH29,3::3,NK cell,1.0,celltypepilot
N19_B002460.gencode.vH29,3::3,NK cell,1.0,celltypepilot
N22_B001772.gencode.vH29,3::3,NK cell,1.0,celltypepilot
N22_B001773.gencode.vH29,3::3,NK cell,1.0,celltypepilot
N23_B001773.gencode.vH29,3::3,NK cell,1.0,celltypepilot
O18_B002464.gencode.vH29,3::3,NK cell,1.0,celltypepilot
O19_B001774.gencode.vH29,3::3,NK cell,1.0,celltypepilot
O20_B001773.gencode.vH29,3::3,NK cell,1.0,celltypepilot
O20_B002464.gencode.vH29,3::3,NK cell,1.0,celltypepilot
O22_B001773.gencode.vH29,3::3,NK cell,1.0,celltypepilot
O23_B001773.gencode.vH29,3::3,NK cell,1.0,celltypepilot
F22_B003269.gencode.vH29,3::2,Alveolar type 2 cell,1.0,celltypepilot
B5_B001773.gencode.vH29,3::2,Alveolar type 2 cell,1.0,celltypepilot
C1_B001771.gencode.vH29,3::2,Alveolar type 2 cell,1.0,celltypepilot
C8_B002464.gencode.vH29,3::2,Alveolar type 2 cell,1.0,celltypepilot
D1_B001769.gencode.vH29,3::2,Alveolar type 2 cell,1.0,celltypepilot
D7_B002464.gencode.vH29,3::2,Alveolar type 2 cell,1.0,celltypepilot
E1_B001772.gencode.vH29,3::2,Alveolar type 2 cell,1.0,celltypepilot
E5_B001773.gencode.vH29,3::2,Alveolar type 2 cell,1.0,celltypepilot
F5_B001774.gencode.vH29,3::2,Alveolar type 2 cell,1.0,celltypepilot
G4_B001772.gencode.vH29,3::2,Alveolar type 2 cell,1.0,celltypepilot
G5_B001771.gencode.vH29,3::2,Alveolar type 2 cell,1.0,celltypepilot
H3_B001769.gencode.vH29,3::2,Alveolar type 2 cell,1.0,celltypepilot
H3_B001771.gencode.vH29,3::2,Alveolar type 2 cell,1.0,celltypepilot
I3_B002464.gencode.vH29,3::2,Alveolar type 2 cell,1.0,celltypepilot
I4_B001769.gencode.vH29,3::2,Alveolar type 2 cell,1.0,celltypepilot
J4_B001771.gencode.vH29,3::2,Alveolar type 2 cell,1.0,celltypepilot
K3_B002460.gencode.vH29,3::2,Alveolar type 2 cell,1.0,celltypepilot
L6_B001772.gencode.vH29,3::2,Alveolar type 2 cell,1.0,celltypepilot
M1_B003269.gencode.vH29,3::2,Alveolar type 2 cell,1.0,celltypepilot
M2_B001772.gencode.vH29,3::2,Alveolar type 2 cell,1.0,celltypepilot
M5_B001771.gencode.vH29,3::2,Alveolar type 2 cell,1.0,celltypepilot
N2_B001769.gencode.vH29,3::2,Alveolar type 2 cell,1.0,celltypepilot
N2_B002460.gencode.vH29,3::2,Alveolar type 2 cell,1.0,celltypepilot
O2_B001774.gencode.vH29,3::2,Alveolar type 2 cell,1.0,celltypepilot
O7_B001774.gencode.vH29,3::2,Alveolar type 2 cell,1.0,celltypepilot
